:020000040800F2
:1080000030D10020E183000865A20008A5A1000886
:1080100061A20008059D000881D000080000000052
:1080200000000000000000000000000051BB00083C
:10803000119E000800000000A5B3000855BB000811
:10804000FB830008FB830008FB830008FB83000818
:10805000FB830008FB830008FB830008FB83000808
:10806000FB830008FB830008FB830008099D0008D0
:10807000FB830008FB830008FB830008FB830008E8
:10808000FB830008FB830008FB830008FB830008D8
:10809000FB830008FB830008FB830008FB830008C8
:1080A000FB83000869C30008FB830008FB8300080A
:1080B000FB830008FB830008FB830008FB830008A8
:1080C000FB830008FB830008FB830008FB83000898
:1080D000FB830008FB830008FB830008FB83000888
:1080E000FB830008FB830008FB83000800000000FE
:1080F000FB830008FB830008000000000000000074
:10810000000000000000000000000000FB830008E9
:10811000FB830008FB830008FB830008FB83000847
:10812000A59D0008D99D0008FB830008FB8300087B
:10813000FB830008000000000000000000000000B9
:10814000000000000000000000000000FB830008A9
:10815000FB830008FB83000800000000FB8300088D
:10816000FB830008FB830008FB830008FB830008F7
:10817000FB83000869A20008000000000000000066
:1081800000000000FB830008FB830008FB8300085D
:1081900000000000FB830008000000000000000059
:1081A00000000000000000000000000000000000CF
:1081B000FB83000800000000FB83000800000000B3
:1081C00000000000000000000000000000000000AF
:1081D000000000000000000000000000FB83000819
:1081E00000F002F800F0D3F814A696E8000CB244B0
:1081F000B344DA4501D100F0CAF8BAE80F000FA67F
:1082000096E83000A5EB040504EB0607AAEB07048B
:10821000A7F101074FEA15154FEA3414A4F1010440
:10822000AC4201D300F0B3F813F0010F18BFFB1AF2
:1082300043F0010300F001F8DBE7184798B60100AE
:10824000B8B601000A444FF0000C10F8013B13F0DF
:10825000070408BF10F8014B1D1108BF10F8015B9F
:10826000641E05D010F8016B641E01F8016BF9D192
:1082700013F0080F1EBF10F8014BAD1C0C1B09D1E9
:108280006D1E58BF01F801CBFAD505E014F8016B5B
:1082900001F8016B6D1EF9D59142D6D370470000ED
:1082A000704700000023002400250026103A28BF54
:1082B00078C1FBD8520728BF30C148BF0B60704758
:1082C0006E2900F0BB83702900F00F85662912F03B
:1082D0009686652912F09386672912F090866129A7
:1082E00012F08F8603681B0A28BF41F080016929BC
:1082F00000F01081642900F00D81752900F00A81D9
:108300006F2900F09D84782900F0DB84E92900F0D2
:108310003784E42900F03484F52900F03184EF2912
:1083200000F09A84F82900F0DA840368DB0928BF9A
:1083300041F08001632901F08981732901F08E8168
:10834000E32901F09981F32901F09E810020704713
:108350001FB512F066FD9DE8030000F07FFA00F003
:1083600004FA01F019FA04000020002112F07AF951
:10837000401C60600020002112F05EF9E06001F016
:108380006DFC1FBD10B5002001F0AAF910BD01F071
:10839000D6F91146FFF7DCFF0CF06EFF01F0B6FADC
:1083A00003B4FFF7EFFF03BCAFF300800B49D1F834
:1083B00000C04A685CF8043B1068184442F8040B9B
:1083C0008C4528BFA1F1DC0C8A4228BFA1F1DC0258
:1083D000C1F800C04A6020F0004070476C030020E4
:1083E0000948804709480047FEE7FEE7FEE7FEE749
:1083F000FEE7FEE7FEE7FEE7FEE7FEE70448054985
:10840000054A064B7047000059BB0008E18100088F
:108410003081002030D1002030A1002030A1002088
:10842000704770B5064600F0FDF9056806F10B00CF
:1084300020F00704B4429CBF002070BD2B466A6840
:10844000BAB11068A04210D304F1080188423CBFC1
:108450005068586007D35168101941601168091BB2
:10846000016058601460101D70BD13465268002AE8
:10847000E7D12146284600F0DDF90028DED170BDA5
:1084800070B50446051F00F0CDF90068002C14BF3C
:10849000446870BD002C18BFAC423CBF20466468E5
:1084A000F8D301680A18AA4218BF456003D12A68A8
:1084B00005461144016028684119A1421CBF6C6047
:1084C00070BD6168696021680844286070BD000063
:1084D0000FB4044910B503AA029800F0E1FA10BCE9
:1084E0005DF814FB101A00200FB41CB5084B06AA47
:1084F0007B4469460090059800F0B9FA04460020D4
:10850000694600F0C7FA20461CBC5DF814FB000069
:10851000A10500002DE9F0410646002410687529E8
:10852000314616A510D000F0F5F9002802DA4042D5
:1085300013A507E031688A0701D512A502E04907B3
:1085400004D511A5012401E000F0EDF900210A2273
:1085500006F1240709E0B0FBF2FCB0FBF2F302FBEA
:108560001C00303078541846491C0028F3D12346AB
:108570002A463046BDE8F04100F007BA000000008E
:108580002D0000002B000000200000002DE9F05F0E
:10859000894604464FF0000ADFF874B1FB44C0F886
:1085A00020A02046E1688847002874D0252806D0FE
:1085B000D4E901219047206A401C2062F1E700269F
:1085C0005F462046E16888472028054607DB312DB5
:1085D00005D2781910F8200C08B10643F1E7B0076E
:1085E00001D526F00406C4F81CA00027C4F818A082
:1085F0002A2D09D0284612F017F838B304EB870863
:10860000303DC8F8185019E059F8041B204604EB17
:1086100087029161E1688847012F054618D1E0691A
:10862000002820DA26F020061DE0D8F8180000EB1C
:10863000800005EB40003038C8F818002046E1689B
:108640008847054611F0F0FF0028EED1012F0AD02F
:108650002E2D08D12046E16888477F1C0546022F51
:1086600046F02006C4DBA069002803DA404246F049
:108670000106A061F00701D026F010066C2D0BD08A
:10868000682D09D04C2D39D06A2D35D0742D35D0B8
:108690007A2D33D016E038E0E1682F46204688472F
:1086A000B842054609D16C2F26D04FF48060E168AE
:1086B000064320468847054604E06C2F1AD04FF445
:1086C000807006430DB3A5F14100192802D820356A
:1086D00046F400664A462946204626604E46FFF785
:1086E000EFFD80B101280BD0F61D26F0070000F148
:1086F000080956E74020E4E78020D8E70020D6E7C5
:1087000006F104094DE7284652E7206ABDE8F09FCC
:10871000662A010010B5044603E00CF0EDFB401C96
:1087200009D014F8010B05490028F6D1BDE8104026
:108730000A200CF0E1BB4FF0FF3010BD101A0020F2
:108740000B4910B5A1F17C020A4CC2E9371237215E
:1087500006E000EB104342F82130074B00FB0340DA
:108760000B1EA1F10101F4DC10BD0120E8E70000BF
:108770000C030020E119D666CD0D01000B46014621
:10878000184600F0C8BA40EA010310B59B070FD1A4
:10879000042A0DD310C808C9121F9C42F8D020BA71
:1087A00019BA884201D9012010BD4FF0FF3010BD29
:1087B0001AB1D30703D0521C07E0002010BD10F8F7
:1087C000013B11F8014B1B1B07D110F8013B11F8BD
:1087D000014B1B1B01D1921EF1D1184610BD10B5E3
:1087E000431C02E010F8011B71B18107FAD14FF070
:1087F000013202C88C1A8C4314EAC211F9D0C01A93
:108800000A0603D0C01E10BDC01A10BD0A0401D054
:10881000801E10BD0902FCD0401E10BD704770477D
:1088200070477047004870477C03002070477047CE
:108830007047704738B504460A4600206946AFF3D2
:108840000080002808BF38BD02460099204600F08D
:10885000FDFA012038BD012000F06ABFF8B5AFF382
:108860000080054600200C460C2000BF0646A819D3
:10887000A0420DD9324669460020AFF300800700C0
:1088800008BF00F055FF0098A04218BF0546C41964
:10889000FFF7C8FF05600746F01D20F007004619E6
:1088A000284600F00AF8B44208BFF8BDA21B3146C2
:1088B0003868BDE8F84000F0C9BA002101604160A5
:1088C00070470C20704770B5044685690068C10682
:1088D00001D5302600E02026C00707D070BDD4E9BE
:1088E000012130469047206A401C20626D1EF6D55B
:1088F00070BD70B5044685690078C00707D170BDAA
:10890000D4E9012120209047206A401C20626D1E7E
:10891000F6D570BD09684A0501D540B27047C90552
:10892000FCD500B2704709684A0501D5C0B270474E
:10893000C905FCD580B2704770B50C460546012AC2
:1089400005D02878800600D5EA69002302E00123DB
:1089500005E05B1C934202D2E05C0028F9D1A869D3
:10896000E618C01AA861286A184428622846FFF74A
:10897000AAFF04E0D5E9012114F8010B9047B442A5
:10898000F8D32846FFF7B5FF70BD2DE9F0470D4637
:1089900099469246044600F124080168880604D5E9
:1089A000E06921F01001216000E00120A84201DD12
:1089B000471B00E00027A1697A1902EB0900081A99
:1089C000A0612078C00602D42046FFF77CFF002675
:1089D00008E0D4E901211AF806009047206A401CFB
:1089E000761C20624E45F4DB2078C0060AD520466E
:1089F000FFF769FF06E0D4E9012130209047206AA3
:108A0000401C2062381EA7F10107F4DC07E0D4E91E
:108A1000012118F805009047206A401C2062281E9A
:108A2000A5F10105F3DC2046FFF763FF207800067F
:108A300002D50220BDE8F0870120FBE7116802683B
:108A4000006A530501D508700AE0D30501D50880F6
:108A500006E0130603D5C217C1E9000200E0086072
:108A60000120704701694A1C02610878704700B50F
:108A70008FB0CDE901310021059105497944CDE957
:108A8000031011466846FFF781FD0FB000BD0000DE
:108A9000E5FFFFFF0A6802F8010B0A60704700005B
:108AA000074B70B50D467B44FFF7E1FF04462846AF
:108AB00000F0EEFD10B14FF0FF3070BD204670BDEC
:108AC0004FC400002DE9FF5F15468A460446DFF8D3
:108AD000AC80F8440027D8E900103E46CDE90010EC
:108AE00010E03AF816106A4602A800F0D5FD411CC5
:108AF00007D02178890603D5E269391891420DD84B
:108B00000744761C2078800602D5E069B84205DD6E
:108B1000AE42E6DB3AF816000028E2D1A069C01B9D
:108B2000A0612046FFF7CFFED8E90010CDE9001084
:108B3000002017E03AF818106A4602A800F0ACFDD1
:108B4000B0F1FF3F81460BD000250DF1080B05E089
:108B5000D4E901211BF8050090476D1C4D45F7D362
:108B600008F10100B0428046E4DB206A384420620C
:108B70002046FFF7BEFEBDE8FF9F00004225010032
:108B80002DE9F0418046D21D22F007020025D2E9EE
:108B90000002F52915A614D0011E72F1000106DAB3
:108BA0000023D0EB030063EB020211A608E0D8F823
:108BB00000108B0701D50FA602E0490701D50EA6CC
:108BC00001251146002408F1240704E000F058F9BB
:108BD00030323A55641C50EA0102F7D12B46324636
:108BE00021464046BDE8F041FFF7CFBE000000003F
:108BF0002D0000002B0000002000000030B40021F8
:108C000000F1240408E002F00705D208303542EAFA
:108C10004372DB086554491C52EA0305F3D104682A
:108C2000002310A2250708D504F020040C4304D02B
:108C3000C46901230CA2641EC46130BCFFF7A5BE49
:108C400010B5044621461068FFF76DFE0246204627
:108C5000BDE810400023D1E7D21D22F00701D1E981
:108C60000023CBE70000000030000000F0B40D4608
:108C70000188090502D5214C7C4402E01F4C7C444C
:108C80000E34002100F1240608E002F00F0712095B
:108C9000E75D42EA03721B097754491C52EA030755
:108CA000F3D102780023120704D5702D06D009B144
:108CB000022311342246F0BCFFF767BE01231034B3
:108CC000F8E770B504460D4621461068FFF72BFE05
:108CD000024629462046BDE870400023C6E7D21D63
:108CE00022F00703D3E90023C0E70368126843F0CA
:108CF000200303600823C3610023B7E7A423010016
:108D000010B5002000F00DFDFFF73CFBBDE8104062
:108D100001200BF0D7BC2DE9F041074615460E4661
:108D20001020FFF77EFB04000AD06760C4E90265EB
:108D300000F088F80168216004600020BDE8F0813F
:108D40000120FBE710B5203AC0F00B80B1E81850C5
:108D5000A0E81850B1E81850A0E81850203ABFF425
:108D6000F5AF5FEA027C24BFB1E81850A0E81850C4
:108D700044BF18C918C0BDE810405FEA827C24BF18
:108D800051F8043B40F8043B08BF7047D20728BFA6
:108D900031F8023B48BF11F8012B28BF20F8023BF5
:108DA00048BF00F8012B70474FF000020429C0F0C3
:108DB000128010F0030C00F01B80CCF1040CBCF10D
:108DC000020F18BF00F8012BA8BF20F8022BA1EB5F
:108DD0000C0100F00DB85FEAC17C24BF00F8012B44
:108DE00000F8012B48BF00F8012B70474FF000023C
:108DF00000B5134694469646203922BFA0E80C5091
:108E0000A0E80C50B1F12001BFF4F7AF090728BF6B
:108E1000A0E80C5048BF0CC05DF804EB890028BFE7
:108E200040F8042B08BF704748BF20F8022B11F010
:108E3000804F18BF00F8012B7047000000487047B2
:108E40007403002000487047AC03002003464068CC
:108E50008C46002818BF88423CBF03464068F8D3C0
:108E600018681844884207D00CF1030020F007006E
:108E7000001D411A521A0146081D0A60FFF700BB87
:108E800030B5B0F10A0271F100034FEA900E4EEADC
:108E9000817EB0EB0E0061EB91014FEA101E4EEAAD
:108EA000017E10EB0E0041EB11114FEA102E4EEA3D
:108EB000016E10EB0E0041EB11214FEA104E4EEA0D
:108EC000014E10EB0E0041EB1141401841F1000141
:108ED0004FEAD00040EA41704FEAD1014FEA8104E5
:108EE00044EA907410EB800544EB01046D1944EBE7
:108EF0000404521BA3414FF0000348BF0A3200D5BF
:108F000030BD401C41F1000130BD10B500F048FCFF
:108F1000006810BD10B5044600F042FC046010BDAE
:108F20002DE9FF4F0C461E464FF0FF378BB0D2E9BC
:108F30000001DDF860800A908A46C1F30A5505B940
:108F40003D46002108464FF00000BAF1000F00F442
:108F5000400005DA00EB80004FF4400101EA5000C8
:108F60004FEA9059B9F1010F00DDB9460A9850EA6D
:108F70004A000ED044F61050A5F2FF3545432F1499
:108F8000B8F1000F1ED07542291E1EDDC9F1000286
:108F90001CE0B8F1010F4FF0000001D0302103E0D8
:108FA000F24305E02154401CB042FBDB3046002276
:108FB000002121540B99C1F80880C1E900200FB0AD
:108FC000BDE8F08FBD1B6D1CDEE74A4600DA694242
:108FD00006A800F029FC06AB93E8070003AB83E882
:108FE000070050460A9910F04CFD8DE80700A0F5E7
:108FF00000501F3800900398002D0ADD42F21F0137
:109000004A460844002303A90390684610F0B6FFBF
:1090100009E0A0F500504A461F38002303A9039039
:10902000684610F0C0FF8DE807000004000C03D074
:109030004FF0FF30410800E01046B8F1000F03D0B8
:109040000022009215461EE0751E05D4FFF718FF9A
:10905000303262556D1EF9D5B3460122084302D065
:1090600000227F1C04E02078302801D100227F1EDE
:10907000002A099784D01DE0112D07DAFFF700FFC1
:10908000303262556D1C50EA0102F5D1084302D01E
:109090000098C8B10EE00021681E05E0235C625C08
:1090A00063542254401E491C8142F7DBAB46A81B87
:1090B000401E0990002004F80B000B98099AC0F894
:1090C0000880C0E9002B7AE711264FF0000857E727
:1090D0002DE9F04F88460446D21D22F0070191B0D9
:1090E000D1E90001CDE90A0111F094F802460B988C
:1090F000C00F01D02D2007E02068810701D52B206B
:1091000002E0202101EAC000032A099001D0072AC9
:1091100005DB03464146204600F046FB0BE1207884
:10912000800601D5E06900E00620B8F1650F8146B0
:1091300006D0B8F1660F18D0B8F1670F70D131E0E2
:109140000020B9F1110F009001DB112301E009F1BA
:1091500001030AAA01A90CA8FFF7E2FEDDE90C70E1
:10916000002609F10105834647E001204B460090A7
:109170004FF000470AAA01A90CA8FFF7D1FEDDE9CC
:109180000DB00C995D46002610B909F101000D18CB
:10919000B9EB050003D4C0F1FF3609F10105A5EBD9
:1091A00009002BE0B9F1010F01DA4FF001090020AD
:1091B000B9F1110F0090484601DD112300E003468C
:1091C0000AAA01A90CA8FFF7ABFEDDE90C704D4619
:1091D00000268346207800070AD4AB4500DA5D46B6
:1091E00001A8012D04DD411911F8011C302907D017
:1091F0004F4502DA17F1040F04DA012082460FE02E
:109200006D1EEEE7002F02DCED1B3E4403E0781CF0
:10921000A84200DD7D1CB81B00F1010A4FF0004799
:109220002078000703D4AA4501DB4FF0FF3A002164
:10923000B7F1004F0DF143088DF8431024D0022000
:109240002B23002F01DA7F422D230A21021EA0F1D9
:10925000010000DC5FB197FBF1FC97FBF1F201FB31
:109260001C7C17460CF1300C08F801CDEEE7A8F194
:10927000010003702188090501D5452100E0652121
:10928000A0F1010800F8011C09980FA9A1EB08073B
:10929000FF1D00B10120411901EBEA70A1693844BA
:1092A000081A401EA0612078C00602D42046FFF7AD
:1092B0000AFB099828B1D4E901219047206A401C93
:1092C00020622078C00622D52046FFF7FCFA1EE077
:1092D000002E04DBB34502DD01A8805D00E03020F4
:1092E000D4E901219047206A401C2062761CAAF133
:1092F00001005FEA000A0AD100F04EFAC068016876
:10930000405CD4E901219047206A401C2062281E5D
:10931000A5F10105DCDC07E0D4E9012118F8010B17
:109320009047206A401C2062381EA7F10107F3DC39
:109330002046FFF7DEFA032011B041E62DE9F04F99
:1093400004460D46D21D22F0070089B0D0E90097EF
:109350004846394610F05EFF0246F80F01D02D2333
:1093600007E02068810701D52B2302E0202101EAD4
:10937000C0038DF820300BB1012000E00020032A4B
:10938000824601D0072A04DB2946204600F00CFA69
:109390003FE12078800601D40D2500E0E569C7F3A0
:1093A0000A560D2D49DA00214FEA175B08464FF0A7
:1093B0000000002F00F4400007DA00EB80004FF4BB
:1093C000400100EBD07001EA60008115012901DD48
:1093D0004FF0FF3100224FEA850CBCF1180F06D385
:1093E0001346ACF118004FF08052C24003E04FF436
:1093F000801323FA0CF30CF10C0CBCF1200F04D3F6
:10940000ACF1200C09FA0CF001E007FA0CF000298D
:109410004FF0004801DD18B90FE00ED140450CD3E4
:1094200019EB02095F4121B9404502D19F4329EA66
:109430000209BBEB175F00D0761C2088000502D51F
:109440007B48784402E07A487844193808AA3023E7
:1094500002F80A30037C0AF10101002E0AF1020A27
:1094600053546A4602DC4FF0300101E04FF0310105
:109470004FF001088DF8001002D0A6F2FF3603E08D
:1094800059EA470100D06B4E002D02DC2178090714
:1094900004D54FF002082E218DF80110C44600219A
:1094A0000BE0C7F303433F01C35C491C6D1E02F888
:1094B0000830052908F1010801DA002DF1DC00214E
:1094C0000CE000EB1973491C1B786D1E082902F88B
:1094D00008304FEA091908F1010801DA002DF0DC23
:1094E00021688B0602D516E0A8F10108E04505DDEC
:1094F00002EB080313F8013C302BF5D0B8F1000F54
:1095000009DD02EB080313F8013C2E2B03D10907F8
:1095100001D4A8F10108002D05DD3E2102F8081054
:109520006D1E08F10108407C002E02F8080008F1C9
:10953000010804DA2D20764202F8080002E02B2010
:1095400002F808000A214FF47A70864208F10108F7
:109550000BDB96FBF0F3303302F8083096FBF0F3A8
:1095600008F1010800FB136601E0642E0CDB6420A7
:1095700096FBF0F3303302F8083096FBF0F308F175
:10958000010800FB136601E00A2E06DB96FBF1F0F2
:10959000303002F8080008F1010896FBF1F001FBF9
:1095A0001060303002F80800A16908F1010808EBEA
:1095B000050202EB0A00081AA0612078C00602D456
:1095C0002046FFF780F9216A08AE01EB0A0020620D
:1095D00004E0D4E9012116F8010B9047BAF1010A21
:1095E000F7D22078C00602D52046FFF76CF96E4608
:1095F00009E016F8010B3E280FD0D4E9012190476D
:10960000206A401C2062B8F10108F2D22046FFF720
:1096100070F909B00320BDE8F08F206A2844206269
:1096200003E0D4E90121302090476D1EEBD3F8E729
:10963000151C010002FCFFFF10B5436913B1AFF325
:10964000008001E0FFF778F9012010BD127800F1E9
:1096500024010A7000224A700122EDE711684FF0E0
:10966000FF32E9E710B5436913B1AFF3008001E0C1
:10967000FFF728FA012010BD128800F1240182842E
:109680000022C2840122EDE711684FF0FF32E9E7C2
:10969000007B00F0800070472DE9F04116460C4633
:1096A000054600F071F8036893F80101012807D01E
:1096B000FF2C12D8185D80B101202C70BDE8F0811C
:1096C000D3F807013246214603F20713C71828468C
:1096D000BC46BDE8F041002360474FF0FF30EDE7A6
:1096E0002DE9F0410646FFF7ADFB8046454613E005
:1096F00016B1E068B0420ED120682860D4E90101BB
:10970000D8F8007088472046FEF7BAFED8F8000067
:10971000B842EBD100E025462C68002CE8D1BDE82A
:10972000F08110B500F000F9BDE8104000F0F7B886
:1097300010B500F011F9BDE8104000F0F0B8754622
:10974000FFF77CFBAE4605006946534620F0070054
:10975000854618B020B5FEF751FEBDE820404FF019
:1097600000064FF000074FF000084FF0000BAC462A
:10977000ACE8C009ACE8C009ACE8C009ACE8C00975
:1097800021F007018D46704710B500F005F8001D67
:1097900010BD00BFD10E01000048704794030020A7
:1097A00000487047740300202DE9F0411F4604462D
:1097B00003260168072A01F4006004DB08B116A53E
:1097C00005E016A503E008B115A500E015A521F0F8
:1097D00010002060A069C01EA0610FB1401EA061F2
:1097E0002046FFF770F84FB1D4E901213846904781
:1097F000206A401C2062C01C206206E0206AFAE752
:10980000D4E9012115F8010B9047761EF8D22046C5
:10981000FFF76FF8BDE8F0814E414E006E616E00BB
:10982000494E4600696E66002DE9F04781461646AE
:109830008AB0354878440DC88DE80D003248784428
:10984000801C03AC0DC884E80D0041F69B30084431
:10985000372190FBF1F290FBF1F5A5F1800501FBBA
:1098600012041B3C02D56442012000E00020DFF816
:1098700098A080460027FA44AAF1BE0A0EE0E0074D
:109880000AD03246684607EB470101230AEB810103
:1098900010F089FB8DE8070064107F1C002CEED1CE
:1098A000194F7F44AE3F19E0E80715D007EB0410CD
:1098B0000DF1180A90E80E008AE80E00C068F04228
:1098C00001D1981908903246012306A903A810F087
:1098D0006AFB03AB83E807006D10641C002DE3D125
:1098E0004FF0010332466946B8F1000F03A802D0D9
:1098F00010F044FB01E010F056FBC9E90001C9F883
:1099000008200AB0BDE8F087B418010010B504467D
:10991000AFF300802046BDE81040FEF741BD0028AF
:1099200001D00AF0CFBE704710B5002102A000F0B0
:10993000C1F8012010BD0000534947414252543A3A
:109940002041626E6F726D616C207465726D696E1C
:109950006174696F6E00000010B5012805D0002108
:1099600003A000F0A7F8012010BD09A1F8E700004E
:1099700053494752544D454D3A204F7574206F66F8
:109980002068656170206D656D6F72790000000060
:109990003A2048656170206D656D6F727920636F44
:1099A0007272757074656400032A40F2308010F0A2
:1099B000030C00F0158011F8013BBCF1020F62446A
:1099C00098BF11F801CB00F8013B38BF11F8013BFB
:1099D000A2F1040298BF00F801CB38BF00F8013BA8
:1099E00011F003033FF4AEA9083AC0F0088051F823
:1099F000043B083A51F804CBA0E80810F5E7121D23
:109A00005CBF51F8043B40F8043BAFF30080D20741
:109A100024BF11F8013B11F801CB48BF11F8012B0D
:109A200024BF00F8013B00F801CB48BF00F8012B30
:109A3000704700000000000030B44FF0013C50F8C7
:109A4000042B51F8043BCCFA52F4D51A20D1FCB9BE
:109A500050F8042B51F8043BCCFA52F4D51A17D124
:109A6000B4B950F8042B51F8043BCCFA52F4D51A8F
:109A70000ED16CB950F8042B51F8043BCCFA52F4D7
:109A8000D51A05D1002CDAD030BC4FF00000704759
:109A900029BAB1FA81F111F01801D1F12000844006
:109AA000F2D1CA40CB4012F0FF0213F0FF0330BCEA
:109AB000D01A704770B505460C460A2000E06D1CB0
:109AC000AFF3008035B128780028F8D102E0641C9B
:109AD000AFF3008014B120780028F8D1BDE87040C1
:109AE0000A200AF0F1BD53EA020C00F069802DE96A
:109AF000F04B4FF00006002B1FBFB3FA83F503FABB
:109B000005F424FA05F65E4012BF1643B2FA82F558
:109B100002FA05F4C5F120051EBF22FA05FC44EA4D
:109B20000C04203556EA044C4FEA144418BF641C58
:109B30004FF000084FF00009904271EB030C39D34D
:109B4000002919BFB1FA81F701FA07F6B0FA80F7D8
:109B500000FA07F6C7F120071EBF20FA07FC46EA05
:109B60000C062037B6FBF4FCA7EB0507103F07F007
:109B70001F0BCBF120062CFA06F60CFA0BFB44BFA8
:109B8000B3460026202FA4BF5E464FF0000B5BEAD1
:109B9000060C08BF4FF0010B19EB0B0948EB060848
:109BA000ABFB027C06FB02CC0BFB03CCC01B71EBB6
:109BB0000C01C1E70B46024641464846BDE8F08B22
:109BC00013B5084318BF4FF0FF300146AFF30080D4
:109BD000BDE81C407047431A28BF9A427FF6E4AEA6
:109BE00010441144032A40F2268010F0030F1EBFD8
:109BF00011F8013D521E00F8013D10F0030F7FF4F3
:109C0000F6AF11F0030300F05280083AC0F00B8069
:109C100051F8043D083A51F804CD40F8043D40F8AD
:109C200004CDFFF7F3BF121D5CBF51F8043D40F8AF
:109C3000043DAFF30080D20724BF11F8013D11F8B5
:109C400001CD48BF11F8012C24BF00F8013D00F8F8
:109C500001CD48BF00F8012C7047000008487CB5D2
:109C60007844009007487844009C0546019004E041
:109C70002046016808448047241DAC42F8D17CBDD1
:109C8000BC9D0100BA9D0100431A28BF9A427FF68D
:109C900059A81044114410F0030F1EBF11F8013DE4
:109CA000521E00F8013D10F0030F7FF4F6AF103A9A
:109CB000C0F00A8010B531E9185020E91850103A68
:109CC000BFF4F9AFBDE81040530724BF31E90810D5
:109CD00020E9081044BF51F8043D40F8043D12F05B
:109CE000030F08BF7047D20728BF31F8023D48BFB5
:109CF00011F8012C28BF20F8023D48BF00F8012CC4
:109D000070470000FEE7000046F20000C4F20200C7
:109D10000168890758BF704742F2C85141F6CE2208
:109D2000C2F20001C2F20002496F138800EE103A3D
:109D3000B8EE400A81ED000A538800EE103AB8EE02
:109D4000400A81ED010A938800EE103AB8EE400A0D
:109D500081ED020AD38800EE103AB8EE400A81ED98
:109D6000030A138900EE103AB8EE400A81ED040AA6
:109D7000538900EE103AB8EE400A81ED050A928947
:109D800000EE102AB8EE400A81ED060A0221416079
:109D900042F20800C4F20100016841F48001016050
:109DA0007047000046F20840C4F2020050F8081C58
:109DB0000222C1F20002114208BF7047022140F89E
:109DC000041C016821F00101016041F6CC20C2F2BF
:109DD000000001210170704746F21C40C4F20200ED
:109DE00050F81C1C2022C1F20002114208BF70472B
:109DF0000168002221F00101016041F61421C2F244
:109E0000000109680A70202140F8181C7047000002
:109E1000704700002DE9F04F85B08A460646084697
:109E200028219046FEF7E2FFB27B52BBB0894BF28D
:109E30000F01884223D1D6E9019081451FD93568A9
:109E400000F1010BC6F808B03DB3295C01F01C021B
:109E50004FEA511C182A01F01F0120D1D0A20A4458
:109E600012F8182C0295531E032B02F0030420D283
:109E7000002C00F0BC800027002300227EE001229D
:109E8000B2734FF0000C002100230F46002A00F0AF
:109E9000AE801F2005B0BDE8F08F0022F1E71C293D
:109EA0004FF00002F0D31F29EED0162005B0BDE818
:109EB000F08F019402F0FC0400220025002700230B
:109EC00095BBD9452DD90BF10105DDF808E0B5604A
:109ED0001EF80B001B0443EA17433F04A94547EA59
:109EE000002730D905F1010BC6F808B01EF80500AF
:109EF000D94547EA00072AD90BF10105B5601EF8DC
:109F00000B001B0443EA17433F04A94547EA002717
:109F100021D905F1010BC6F808B01EF805E00025AF
:109F20000CE001220125B2731B0443EA17433F04EE
:109F3000180440EA17433F044FF0000E043C47EA80
:109F40000E07BDD10EE00122B273AB4601E0012243
:109F5000B2730125ECE701224FF0000EAB4601255C
:109F6000B273EBE7019C002C3FF490AF1802002D78
:109F7000029D40EA17634FEA072730D1D9452CD913
:109F80000BF1010EC6F808E015F80B00012C47EAAA
:109F900000073FF47BAF1802A34640EA1763F14580
:109FA0004FEA072740F2E18028460EF10105B5602F
:109FB00010F80E00BBF1020F47EA00073FF466AF4E
:109FC000180240EA1763A9454FEA072740F2E580E7
:109FD000681CB0600298455DD2E00122B273012C8A
:109FE0003FF454AF180240EA17633F02C0E0DFE8D5
:109FF0000CF004041818131359361F2954D0BCF15F
:10A00000000F00F06A80002B00F18980D843F943EB
:10A01000CAE9021002209BE01F2910D14FF6FF77FA
:10A0200018E00CF104001F298AF800002FD100204D
:10A030004FF0FF31CAE9020105B0BDE8F08F4FF6DD
:10A04000FE70C01B4FF00000984103D22A2005B0DB
:10A05000BDE8F08FAAF808708AF800C07AE0A1F194
:10A0600014020B2A8AF800105DD80020DFE802F005
:10A07000737373730661656D5B5B5B73B7F120008F
:10A0800073F100004FD2142005B0BDE8F08F6FF0DF
:10A090000400C01B4FF00000984109D22B2005B0EE
:10A0A000BDE8F08F1F2914D1182005B0BDE8F08F4E
:10A0B000B0894BF20F0188424FF0000004D1D6E97D
:10A0C0000112891A28BF0846B8420ED20120B07387
:10A0D000DFE6FE20CAE902733AE00320CAE9027310
:10A0E000B3F1FF3FC8BF022032E0B0683168C21947
:10A0F0000029B2603FF4CDAEB8F1000F01EB0006CD
:10A100002CD0D8E9001503A800223B46A847039DA0
:10A110003DB30498B84235D20025002737E04020EF
:10A1200005B0BDE8F08F0D208AF800008AF80870AD
:10A1300010E0B8B200F038F804E0384610F0D6FD70
:10A1400041EC100B8AED020B01E0CAE902731B20FF
:10A150008AF80000002005B0BDE8F08FCAE9026768
:10A16000F8E72E2005B0BDE8F08F01225C46B273FF
:10A17000022C3FF48BAE180240EA17633F02002521
:10A180002F4383E6284631463A46FFF70DFC01206F
:10A19000CAE902578AF80400DCE70122B273EEE74D
:10A1A00001020408FEE700000246C0F384211F29D3
:10A1B0006FF39F221DD031BB52B380B5002140F216
:10A1C000F13C4FF0000E00BF134692052AD4DA0589
:10A1D0002BD41A062DD44FEA0E12BCF1040C42EA1D
:10A1E000137E61F100015A064FEA0312ECD5DB0041
:10A1F00022E092B14FF4002101EA82216FF35F2245
:10A2000040F2FF7C21E001F57C7C910200221CE001
:10A210004FF0000C0022002117E0002240F2FF7CEA
:10A22000002112E0BCF1010C06E05B00BCF1020C65
:10A2300002E09B00BCF1030C4FF60001C0F20F01DD
:10A2400001EAC3210022BDE880404FF0004303EA49
:10A25000004040EA0C50084340EC102B70470000CF
:10A26000FEE70000704700002DE9F04F87B043F291
:10A270009434C2F20004D4F800E0DEF81400DEF8F2
:10A280001810DEF81420D20740F0AC8601EA00086E
:10A290005FEA887044BF0220CEF814005FEAC8600D
:10A2A00040F18480224652F8040F2C26816921F067
:10A2B00010018161076AC7F30A11C7F3434307F02E
:10A2C0000F0717FB0622062B02F5B6723AD0022BB7
:10A2D00068D1002966D05669CD1C4FF0FF3303EBDF
:10A2E0009503C5F3810C032B334611D3AB0823F040
:10A2F00003054FF4805433460759043D1F60075946
:10A300005F6007599F600759DF6003F11003F3D1C5
:10A31000BCF1000F0FD04FF480554759BCF1010F2D
:10A320001F6008D04759BCF1020F5F6003D04FF4A3
:10A330008057C7599F60731843F294345361C2F237
:10A3400000042CE059B3CB1C9E08731E06F00307D3
:10A35000032B04F536730FD326F003064FF4805514
:10A360004459043E1C6044595C6044599C60445903
:10A37000DC6003F11003F3D143F29434C2F2000421
:10A380006FB14FF480568559012F1D6007D0865953
:10A39000022F5E6003D04FF48057C7599F60D36986
:10A3A0001944D161816941F0100181615FEA48304F
:10A3B000CDF804E0CDF8108040F1CA816568D5F889
:10A3C0001808D5F81C1808401FFA80F8B8F1000FDB
:10A3D00000F0BE8105F510604FF0000A069005E020
:10A3E0005FEA58080AF1010A00F0B2815FEAC8701A
:10A3F000F6D0D5F81008D5F83418069A21FA0AF1E3
:10A40000C90102EB4A1BC9B2DBF80820084300EA85
:10A4100002095FEAC97000F00D81D5F83408012205
:10A4200002FA0AF18843C5F83408CBF80820D4F8BA
:10A430001C0301284FF02C000AFB004006D1816963
:10A44000426ABAF1000F1144416213D05FEA0A6117
:10A450000ED0A0684269002A00F0EC8094F80C034A
:10A46000032840F0E780201D5FFA8AF19047E1E081
:10A4700010303DE010308069002804F1100037D121
:10A480006168D1F8002B002A1DD40022C1F8102BDE
:10A49000D1F8102B4FF6FF73CEF207031A4042F4A7
:10A4A0000022C1F8102BD1F8102B0023CFF6F8733F
:10A4B0001A4042F01802C1F8102BD1F8102B42F0CC
:10A4C000C042C1F8102BD1F8002B002A10D404F59B
:10A4D0003672C1F8142BD1F8002B42F40042C1F8B7
:10A4E000002B6168D1F8002B42F00042C1F8002B2C
:10A4F00094F80813022940F09D808168426A8A42DC
:10A500000BD9531A436242698B4238BF19468BB24A
:10A51000201D00210EF08EFE8CE0026A8A4241D19D
:10A52000826A8A423ED3B4F80A138A423AD200269B
:10A530000662201D0021002200230EF07BFE6068D1
:10A5400094F87011C4E96166C4F88C614FF6FF7627
:10A55000D4F87821CEF2070600EB411106F100573E
:10A56000D1F8103B3A400027CFF6F8773B401A432A
:10A57000C1F8102BD1F8102B324042F40022C1F860
:10A58000102B94F8732101F53061012A4AD1D0F8DB
:10A5900008080A68C0054FF0805058BF4FF00050BF
:10A5A00010433EE0A068C16829B194F80C03032869
:10A5B00001D1201D88470522606894F8701184F845
:10A5C000082300224FF6FF76C4E96122C4F88C21EB
:10A5D000D4F87821CEF2070600EB411106F10057BE
:10A5E000D1F8103B3A400027CFF6F8773B401A43AA
:10A5F000C1F8102BD1F8102B324042F40022C1F8E0
:10A60000102B94F8732101F53061012A0AD1D0F89A
:10A6100008080A68C0054FF0805058BF4FF000503E
:10A6200010430860086840F080600860086840F0E7
:10A63000004008605FEA097044BF0820CBF80800BA
:10A640005FEAC96044BF1020CBF808005FEA4960A8
:10A6500044BF4020CBF808005FEA897044BF022065
:10A66000CBF808005FEA09607FF5BAAE54F804CF72
:10A670002C210AFB01424FEA4A17D2E909305169FD
:10A680001E1A67448E4238BF3146D7F81869AB4668
:10A69000CD1CB6B2B6EB950F88BF834210D843F2FB
:10A6A00094340029C2F200045D467FF499AEDCF8D0
:10A6B0003408012101FA0AF18843CCF834088FE606
:10A6C0000C3207F5106E57690CF580564FEA0A34C4
:10A6D0009168181A884238BF014688B240B300F129
:10A6E00003094FF0FF3000EB99000328384611D3DF
:10A6F0004FEA990020F00305384600BF0368043D87
:10A70000A3514368A3518368A351C36800F11000AB
:10A71000A351F3D1C9F3810353B10568012B35511E
:10A7200006D04568022B35511CBF8068305100BFF0
:10A73000D0690F4408445761D061DEF81830CD1C51
:10A740009BB2B3EB950FAAD993699842C0D3A6E701
:10A750000498000340F12E84D4F80490D9F8180826
:10A76000D9F81C1808405FEA104A00F0238404F569
:10A77000C67709F5306B4FF00008CDF80C9018E063
:10A78000E80644BF1020CBF80800A80644BF2020EC
:10A79000CBF80800A80744BF0220CBF8080008F156
:10A7A00001085FEA5A0A07F12C070BF1200B00F0B1
:10A7B00001845FEACA70F2D0DBF80800D9F81418F7
:10A7C00001EA0005E80700F09B800120CBF80800B3
:10A7D000DBF80800D4F81C13012959D1010700F156
:10A7E0008880810600F16881000400F184804FF6C2
:10A7F000FF7657F8140C57E90221DBF81030CEF23F
:10A80000070606F100563340814288BF0846C01A49
:10A810003860104451EA080147F8080C61D16068BB
:10A82000D0F8001B00291DD40021C0F8101BD0F85F
:10A83000101B4FF6FF72CEF20702114041F40021C7
:10A84000C0F8101BD0F8101B0022CFF6F872114090
:10A8500041F01801C0F8101BD0F8101B41F0C041A6
:10A86000C0F8101BD0F8001B00293AD404F536714B
:10A87000C0F8141BD0F8001B41F40041C0F8001BC5
:10A880006068D0F8001B41F00041C0F8001B28E0D0
:10A89000B8F1000F25D157F8040C10BB6068D0F850
:10A8A000001B00291DD40021C0F8101BD0F8101B7C
:10A8B0004FF6FF72CEF20702114041F40021C0F8BA
:10A8C000101BD0F8101B0022CFF6F872114041F097
:10A8D0001801C0F8101BD0F8101B41F0C041C0F89F
:10A8E000101B5FFA88F00EF0DFFA28077FF548AFFB
:10A8F00009E0000404D54FF40040CBF8080000BF85
:10A9000028077FF53DAF0820CDE90557CBF80800B3
:10A91000DBF808000127000444BF4FF40040CBF8E7
:10A92000080094F8D81294F8DA0294F8DB5294F9FB
:10A93000DCE294F8DD3294F8D962029040EA052214
:10A940005FFA8EF0B4F8DEC201F01F0940EA03237B
:10A95000B9F1020F84F8D01284F8D162A4F8D2229F
:10A96000A4F8D432A4F8D6C284F80873A4F80AC3B1
:10A9700039D0B9F1010F14D0B9F1000FDDF80C9006
:10A98000069F44D111F0600F00F0F58043F294313E
:10A99000C2F2000188688268081D01F53471904791
:10A9A00035E043F29431C2F2000191F80C03013812
:10A9B000022826D888680C1D82680D4601F534717E
:10A9C00020469047B5F8D612DDF80C90069F002976
:10A9D00008BF00281BD143F29430C2F200000421CA
:10A9E00080F80813E2E111F0600F6CD043F294316B
:10A9F000C2F2000188688268081D01F53471904731
:10AA000002E0081D0EF01CFBDDF80C90069F43F2DF
:10AA10009434C2F2000494F80E0368B1616800F047
:10AA20007F00D1F8002822F4FE6242EA0010C1F84B
:10AA30000008002084F80E03D4F81C03059D0128AB
:10AA40007FF49EAE6068D0F8001B00291DD4002161
:10AA5000C0F8101BD0F8101B4FF6FF72CEF20702A1
:10AA6000114041F40021C0F8101BD0F8101B002247
:10AA7000CFF6F872114041F01801C0F8101BD0F861
:10AA8000101B41F0C041C0F8101BD0F8001B00297A
:10AA90003FF576AE04F53671C0F8141BD0F8001BF4
:10AAA00041F40041C0F8001B6068D0F8001B41F081
:10AAB0000041C0F8001B63E62020CBF808002807FF
:10AAC0007FF55EAE1FE743F29434DDF80C90032E61
:10AAD000C2F2000400F09180069F012E00F0778002
:10AAE000002E40F0C48094F80C13032900F0658117
:10AAF000022940F0BC8010F07F0C28D0234653F888
:10AB0000042F2C2110FB01301CFB013600F5B67020
:10AB1000BEF1000F48BF06F10C0083780678002BC9
:10AB20004FEA461300F0D38102F530629E58134479
:10AB3000002E06D41E6826F080461E60037802EBC5
:10AB400043131A6842F400121A60012242730C2265
:10AB5000BEF1FF3FC8BF4FF4B672201D02442C2344
:10AB60001CFB0322002142F8101F0221C4E90D1131
:10AB700084F808133DE1092E00F2F980DFE816F0B1
:10AB80000A009800F700DB00F700E800EE00F7008D
:10AB90007B00B70043F29431C2F2000191F80C033C
:10ABA00000F0FE00022840F08E8191F80F0328B1DA
:10ABB000D1F8180340F00200C1F818030222081D62
:10ABC000C1E90D2281F8082301F5467211E194F8DC
:10ABD0000C13032917D1002A7FF419AF410607D0BF
:10ABE0000EF030F9A168201D8A6804F53471904791
:10ABF000042084F80803201DD9E094F80C13069F64
:10AC0000032900F0C280022931D141063FF4FFAE92
:10AC100043F29432C2F2000252F8041F2C2600F0D4
:10AC20007F0310FB062013FB062300F5B670BEF170
:10AC3000000F48BF03F10C0082780378002A4FEA26
:10AC4000431200F0FD8001F5306153580A44002B97
:10AC500006D4136823F080431360027801EB42129C
:10AC6000116841F40011116001214173CFE6201DEC
:10AC70000EF0E6F9CBE6BCF1010F40F0788043F22C
:10AC80009431C2F2000191F80C03032800F0E18036
:10AC9000022840F0188101230020C1E90D3302236E
:10ACA000C1F81003081D01F5447281F80833D9E09A
:10ACB00043F29431C2F2000191F80C0300F0FE005F
:10ACC000022840F00081012A7FF4A1AE43F29435BE
:10ACD000C2F20005002085F80F03D5F81803A96813
:10ACE00020F002008A682C1DC5F8180357E01804EC
:10ACF00047F6E0500299C2F20000017008BFBCF1B3
:10AD0000000F34D143F29432C2F2000292F80C03E5
:10AD1000032800F0E580022840F0F980002900F0C7
:10AD2000FA809068C2F8141301681546141D0320B8
:10AD300082F80C0305E1012A19D143F29435C2F2DD
:10AD40000005A8680121826885F80F132C1D26E0F4
:10AD5000180408BFBCF1000F50D008E0681E062898
:10AD600005D8DFE800F00C938404049FA90043F2A7
:10AD70009430C2F2000004300EF062F947E643F26C
:10AD80009430C2F20000C068F0E022B910F07F01F8
:10AD900001D00EF037FCA06825468268043405F522
:10ADA000347120469047042085F80803204600218E
:10ADB000002200230EF03EFA29E6211D2C2600F089
:10ADC0007F0210FB061012FB061300F5B672BEF1EF
:10ADD000000F48BF03F10C02507B0138B0FA80F03D
:10ADE000400942F8100F0220C4E90D0084F808035E
:10ADF0000846002102230EF01DFA08E643F29431C2
:10AE0000C2F2000191F80C0303285CD00846029AB4
:10AE100050F8041F12F07F0280F80A23D1F800389E
:10AE200023F4FE6343EA0212C1F800284FF0020146
:10AE300008BF012180F80813042180F80413B6E745
:10AE400001F5106153580A44B3F1FF3F3FF701AFDA
:10AE500006E70122C1E90D220222081D81F808231C
:10AE600001F54572002101230EF0E4F9CFE5029AC5
:10AE700043F29431052AC2F2000165D8DFE802F0FE
:10AE800003716B6E6874C86810306FE043F29430E1
:10AE9000C2F2000090F80913C068002914BF0830FE
:10AEA000283063E043F29431C2F2000191F80903C3
:10AEB00048B9C868043059E043F29431C2F2000145
:10AEC00091F8090360B3081D0EF0BAF89FE502F58A
:10AED00010629E581344B6F1FF3F3FF72BAE30E6A9
:10AEE00029B3D2F81403884215D19068141D416823
:10AEF000204615468847A86847F6E051C2F200018F
:10AF0000097802682046C5F8141390474BE7101DD6
:10AF10000EF096F87BE5042082F80803101D46E742
:10AF2000C868C0688047416807224A7023E0022051
:10AF300082F80C039068154641680020141DC2F881
:10AF40001403204688472EE7EE2A7FF423ADBAE7A4
:10AF5000C86824300AE0C868183007E0C8681C30A8
:10AF600004E0C868143001E0C868203000688047F9
:10AF700000283FF44CAD018800293FF448AD43F26E
:10AF80009432C2F20002B2F8D632002B3FF43FAD49
:10AF9000994238BF0B4643F294314268C2F2000135
:10AFA0000226081DC1E90D3381F8086300210EF067
:10AFB00041F92CE5049EDDF80480F00415D4300737
:10AFC00000F1DE80B00400F1E680F00200F18C8137
:10AFD000B00200F19681B6F1FF3F40F3A081300549
:10AFE00000F1BC8107B0BDE8F08F646840F64055C1
:10AFF000D4F80408C0F2030520F00100C4F80408E6
:10B000000EF0D8F92069102161F38A1020612069BF
:10B01000002140F020002061681E2269920644BF92
:10B0200022695FEA82620FD581420DD822699206B9
:10B030000AD50231A94207D82269920604D54A1CD2
:10B04000AA4201F10201E8D9FF20C4F80809C4F8B6
:10B05000080BC4F82809C4F8280BC4F84809C4F838
:10B06000480BC4F86809C4F8680BC4F88809C4F828
:10B07000880BC4F8A809C4F8A80BC4F8C809C4F818
:10B08000C80BC4F8E809C4F8E80B4FF0FF30C4F867
:10B0900018084FF00110C4F81C08D4F8140840F048
:10B0A0000100C4F81408D4F8140840F00200C4F8F1
:10B0B0001408D4F8140840F00800C4F81408D4F8B0
:10B0C000100840F00100C4F81008D4F8100840F04F
:10B0D0000200C4F81008D4F8100840F00800C4F8C2
:10B0E0001008D4F8000820F4FE60C4F80008D4F872
:10B0F000000B002816D40020C4F8100BD4F8100B55
:10B10000012161F3DC40C4F8100BD4F8100B1821B6
:10B1100061F31200C4F8100BD4F8100B40F0C040DB
:10B12000C4F8100B43F29434C2F20004D4F81C03A8
:10B13000012815D16068D0F8001B002910D404F54F
:10B140003671C0F8141BD0F8001B41F40041C0F860
:10B15000001B6068D0F8001B41F00041C0F8001BE4
:10B16000A068026A012084F80C0312B1201D01219D
:10B1700090474FF48050C8F8140030077FF522AF95
:10B18000A068C16909B1201D88470820C8F81400CB
:10B19000B0047FF51AAF65684FF41051D5F8080870
:10B1A00010F0060018BF012084F80903E86818BFF2
:10B1B0004FF4A05120F470500844E86094F87221D4
:10B1C00094F87011D5F81C085AB14FF4803202FA85
:10B1D00001F18843C5F81C0894F8701105F530603A
:10B1E00009E0012202FA01F18843C5F81C0894F82D
:10B1F000701105F510604A01825800EB4111B2F15F
:10B20000FF3F0EDC0A6842F080420A6094F8701139
:10B210004901425842F00062425094F8701100EB2C
:10B220004111086820F4004008606068A17C237C1C
:10B23000D0F81C2800294FEA431109D04FF4803779
:10B2400007FA03F39A43C0F81C2800F5306007E0C2
:10B25000012707FA03F39A43C0F81C2800F5106091
:10B260000A580144B2F1FF3F0CDC0A6842F0804208
:10B270000A60217C4901425842F000624250217C20
:10B2800000EB41110868274620F4004004340860B0
:10B2900020460021002240230DF01CFF2046802183
:10B2A000002240230DF016FFD5F8000940F2FF718F
:10B2B0008843C5F80009D5F8040820F48070C5F863
:10B2C0000408B8684168012087F80C0309B12046DA
:10B2D000884743F294344FF40050C2F20004C8F897
:10B2E0001400F0027FF574AEA068026A12B1201D4E
:10B2F000052190474FF48010C8F81400B0027FF584
:10B300006AAEA068026A12B1201D062190474FF470
:10B310000010C8F81400B6F1FF3F3FF760AE606858
:10B32000D0F8041821F00101C0F804186068D0F8C2
:10B33000001E21F00101C0F8001EA068026A94F806
:10B340000D0384F80C0312B1201D032190474FF028
:10B350000040C8F8140030057FF544AE6068D0F8AE
:10B360000818C90716D094F80C1384F80D1304219B
:10B3700084F80C13D0F80818C90705D0D0F8001EBF
:10B3800041F00101C0F8001EA068026A12B1201D40
:10B39000022190474FF40060C8F8140007B0BDE8E0
:10B3A000F08F0000704700002DE9F04F8BB08289CC
:10B3B0004BF20F06B24251D1D0E901239A424DD946
:10B3C000D0F8D42042B1D0F8D0301F78062F1CBF5F
:10B3D0009B6813F101033BD100F1100A81468B46B3
:10B3E00000F0A6FA68B1A0F11E011E290246C0F0C5
:10B3F000E7809BF8005059461F2D1046CE4604D0DA
:10B4000051E09BF800501F2D03D120200BB0BDE868
:10B41000F08F99F8EC005946CE46022822D1052D2E
:10B4200040D1B1F90800002800F1D5804000088122
:10B43000744654F8D03F4AF6AB27A3EB0A008008C5
:10B44000CAF6AA27202578430D708870002040E0B6
:10B45000D2884FF6FD7302321A42BDD143200BB0A1
:10B46000BDE8F08FDEF8D000007805281AD10C79FD
:10B47000D1E90278704600F05BFAA0F11E011E29A6
:10B48000C0F09E800246072D8BF8054000F0BD807D
:10B49000484699F8EC00012840F0AE802F200BB010
:10B4A000BDE8F08F0020744654F8D03F4AF6AB2236
:10B4B000A3EB0A07BF08CAF6AA227A432F1F1C2F44
:10B4C0008A7017D80122BA400327C1F200073A4216
:10B4D00010D00F8977B10EF1C402934257D203F80E
:10B4E0000C5F2360DF8022684FF0FF339780226873
:10B4F00093600D782B1F1C2B15D8012240F2030CF2
:10B500009A40C1F2000C12EA0C0F0CD00D8955B113
:10B510001C2B42D801229A4012EA0C0F3DD04FF664
:10B52000FF72954239D12368534536D04FF6FF77E5
:10B530001A78062A31D09A88BA4217D1BEF80C2060
:10B54000B2422AD1DEE90125AA4226D980467046B8
:10B5500069460022FEF75EFC90BB9DF800001F28A4
:10B560003DD123685946CE46404605E0DA88013A87
:10B57000DA802368DA8882B91A78062A0BD09A68AA
:10B58000013208D10C3B53452360D1D105E029207D
:10B590000BB0BDE8F08F0022DA80DEE9342333B14E
:10B5A0001778062F1CBF976817F101070BD1A2EB84
:10B5B0000A024AF6AB239208CAF6AA235A43CA7073
:10B5C0000BB0BDE8F08FDB884FF6FD7702333B42CE
:10B5D000EDD10022F3E72A200BB0BDE8F08FD9F8B7
:10B5E0000400CE46A842594640462EBFCEF8085029
:10B5F00001228EF80E20D0E7062D4FF02F00DFD865
:10B600000121A94011F04C0FDAD05846C0E9067864
:10B610008BF80150EDE600002DE9F04F81B02DEDE3
:10B62000048B94B00C468246FFF7BEFE002840F023
:10B6300078819FED3F8B9FED409B4BF2241C4FF692
:10B64000FA7B04F1200804F12209C0F6010C0CE099
:10B6500030219DE0B9F80400D9F80010A8F80400E2
:10B660000BF10500C8F80010E084B8F80050012D77
:10B6700066D0642D56D04FF6FF70854200F04D81A4
:10B6800025F00100042840F08B802078042840F049
:10B69000D380A67850460AA9FFF786FE4BF2241CF9
:10B6A000C0F6010C0746002840F0C7809DF82A002C
:10B6B000013686424FF02C0740F0BF809DF82800ED
:10B6C000022840F0BA80DDE90C01C4E902015046CD
:10B6D0006946FFF7A1FF4BF2241CC0F6010C074698
:10B6E000002840F0AA809DF80200864240F0A48025
:10B6F0009DF800002C270A28207000F29E8001216E
:10B7000001FA00F040F20461084200F096800299CC
:10B710009DF80300039A8642C4E904121CBFE0703E
:10B7200000278AE02078022840F0F3804E212FE0A5
:10B73000FEFFFFFFFFFFDF43FEFFFFFFFFFFDFC353
:10B7400020780021821E192A4FF0300021616161AA
:10B7500000F2E78041270C21DFE812F01A00E20036
:10B76000E300E300E300E300E300E300E300E300C1
:10B77000E300E300E300E300E300E300E300E300B1
:10B78000E300E300E300E300E300E3001C00320019
:10B7900021705FE7A0680FF0A9FA41EC100B11E0EF
:10B7A00040F20110854201D0242D57D12078302756
:10B7B00007283FF44DAF062840F0B2804C21E7E760
:10B7C00094ED020B56EC105B002126F00040002D9A
:10B7D000C7F6F07118BF40F0010088424FF04107F2
:10B7E00000F29E8053EC182B284631460FF0B7FA32
:10B7F000002840F0958053EC192B284631460FF075
:10B80000C3FA002840F08C80284631460FF096FBA2
:10B81000C4E902010FF05EF802460B4628463146A5
:10B820000FF076F941EC100B4BF2241CC0F6010C22
:10B8300084ED040B0C21ABE72C272078042D4FF06E
:10B84000110108BF0E21022800EB010218BFA2F16E
:10B850000801002F21703FF4FDAE61E05D4500F26C
:10B860005C803F2D00F226806046DFE805F043292A
:10B870002032292929292929292929292929292938
:10B8800029292929292938292929292929292C350A
:10B890003B3E2941292929292929292929292929D9
:10B8A000292929292929292929292929292F0CF157
:10B8B00008001FE0B5F57B7F02D10CF1040019E010
:10B8C0000CF12C0016E00CF1140013E00CF1280030
:10B8D00010E00CF10C000DE00CF118000AE00CF186
:10B8E000100007E00CF11C0004E00CF1200001E066
:10B8F0000CF12400807880B141B22278B1F1FF3F91
:10B900004FF00601C8BF0721914208D100F07F0126
:10B910003EE7032803D1412003E0002700E0302761
:10B92000384614B0BDEC048B01B0BDE8F08F0000C8
:10B930002DE9F04F93B0054600F1D80AF0300190A0
:10B9400004A80C464FF0FF390230002708AECDE9BD
:10B9500004990290CDF800A0D5F8DC0030B195F83C
:10B96000ED20D346002A18BF524602E04FF0000BEC
:10B97000002228462146FEF74DFA002840F0E480D8
:10B9800094F800800397A8F1080010F1020F69D223
:10B99000B8F1FE0F40F0D280BDF816004FF6FF71EF
:10B9A00088424FF03C07D7D1BDF814300299D4E952
:10B9B000020C049A8B804FF6FB73C31A7CF10003D0
:10B9C0000A60C0F09D800199D1E9001383EA090261
:10B9D00081EA090632434FF000021EBF414083EA6C
:10B9E0000C0353EA01032FD0D5E93E1383EA090281
:10B9F00081EA090632434FF001021EBF414083EA4B
:10BA00000C0353EA01031FD0D5E9401383EA09026E
:10BA100081EA090632434FF002021EBF414083EA29
:10BA20000C0353EA01030FD0D5E9421383EA09025C
:10BA300081EA090632434FF003021EBF414083EA08
:10BA40000C0353EA01035FD10199002701EBC20304
:10BA500041F83200C3F804C0501F08AEADF8100022
:10BA60007AE700BFE068013068D1BBF1000F6DD00C
:10BA70004FF0000A4FF0000902E00020814608AEB6
:10BA8000284631460022FEF7C5F9002843D19DF82B
:10BA900020001F2825D0404538D10B980028EFD032
:10BAA000411C33D0DBE9001700EB090306A852461E
:10BAB000B847069FA7B307984FF0000A4845DCD364
:10BAC0000B9EA0EB090086424FF00000D6D80A99E1
:10BAD00007EB09003246FDF767FF06EB0900BA469F
:10BAE000CCE7C4E902A994F80080DDF800A00120A9
:10BAF0004FF0FF392071B8F1FE0F3FF44DAF1DE05C
:10BB00000027ADF8100027E70020A6E71E24BAF1B1
:10BB1000000F09D10EE00446BAF1000F04D109E08C
:10BB20002E24BAF1000F05D0DBE9001708A8524611
:10BB30000023B847E0B213B0BDE8F08FDDE904019F
:10BB4000C4E90801039CF5E70446F3E72D24F1E777
:10BB500070470000704700004EF68850CEF200009B
:10BB6000026843F6000142F47002C4F2020102606E
:10BB7000D1F8A42042F03002C1F8A4200A6842F0B3
:10BB800001020A600A68920709D40A6892075CBF3A
:10BB90000A685FEA827202D40A689207F2D58A685C
:10BBA00022F003028A6000BF8A6812F00C0F0BD0EB
:10BBB0008A6812F00C0F07D08A6812F00C0F03D0BD
:10BBC0008A6812F00C0FEFD14FF080428A600A6849
:10BBD0004FF6FF73CFF6F2631A400A6040F2C1726B
:10BBE0004A60D1F8A02002F4A042C1F8A020D1F808
:10BBF000A02042F47022C1F8A0204FF41F02CA60B6
:10BC0000D1F8A42022F03002C1F8A4204FF0006146
:10BC100040F8801C70470000182043F60841C4F229
:10BC20000200C4F20001022202610A68920709D4EC
:10BC30000A6892075CBF0A685FEA827202D40A68E7
:10BC40009207F2D52A224A600A68120609D50A68C4
:10BC5000120644BF0A685FEA026202D50A68120649
:10BC6000F2D4022202600A68920709D40A68920795
:10BC70005CBF0A685FEA827202D40A689207F2D552
:10BC800000224A600A6812060AD50A68120644BFF2
:10BC90000A685FEA026203D50A681206F2D400BF9E
:10BCA0000A68920709D40A6892075CBF0A685FEACB
:10BCB000827202D40A689207F2D512224A600A6898
:10BCC000120609D50A68120644BF0A685FEA0262D2
:10BCD00002D50A681206F2D40A68920709D40A68E3
:10BCE00092075CBF0A685FEA827202D40A68920710
:10BCF000F2D501224A600A68120609D50A681206BE
:10BD000044BF0A685FEA026202D50A681206F2D4EA
:10BD10000A68920709D40A6892075CBF0A685FEA5A
:10BD2000827202D40A689207F2D52D224A600A680C
:10BD3000120609D50A68120644BF0A685FEA026261
:10BD400002D50A681206F2D4022202610A6892073A
:10BD500009D40A6892075CBF0A685FEA827202D45B
:10BD60000A689207F2D52B224A600A68120609D5A2
:10BD70000A68120644BF0A685FEA026202D50A68CE
:10BD80001206F2D4022202600A68920709D40A68F5
:10BD900092075CBF0A685FEA827202D40A6892075F
:10BDA000F2D500224A600A68120609D50A6812060E
:10BDB00044BF0A685FEA026202D50A681206F2D43A
:10BDC0000A68920709D40A6892075CBF0A685FEAAA
:10BDD000827202D40A689207F2D552224A600A6837
:10BDE000120609D50A68120644BF0A685FEA0262B1
:10BDF00002D50A681206F2D40A68920709D40A68C2
:10BE000092075CBF0A685FEA827202D40A689207EE
:10BE1000F2D500224A600A68120609D50A6812069D
:10BE200044BF0A685FEA026202D50A681206F2D4C9
:10BE30000A68920709D40A6892075CBF0A685FEA39
:10BE4000827202D40A689207F2D59D224A600A687B
:10BE5000120609D50A68120644BF0A685FEA026240
:10BE600002D50A681206F2D4022202610A68920719
:10BE700009D40A6892075CBF0A685FEA827202D43A
:10BE80000A689207F2D52C224A600A68120609D580
:10BE90000A68120644BF0A685FEA026202D50A68AD
:10BEA0001206F2D402210160704700002DE9F04F24
:10BEB00083B0171AB2EB000C0293009218BF4FF038
:10BEC000FF3C002FBA464FF48E7242F6E00348BFA3
:10BED000C7F1000A4FF0010E012F01FB02F94FF0EC
:10BEE000000705464FF00006C2F20003A8BFF44663
:10BEF000CDF804C008E000BF0136002FB2B20CBF7D
:10BF000057446544924514D3AAB29208462A98BF72
:10BF10004B29F1D819FA85F2D40802F0070B13F86F
:10BF200004800EFA0BF2DDF804C042EA08021A554A
:10BF3000E2E7029A0027551AB2EB010918BF4FF049
:10BF4000FF39002DAE4648BFC5F1000E012D4FEA66
:10BF5000900B0D464FF000084FF001064FF0010224
:10BF6000A8BF91460AE000BF08F10108002F1FFAA0
:10BF700088F20CBF77444D44964518D3BBF1460F69
:10BF8000F2D8AAB24B2AEFD84FF48E7302FB030209
:10BF900042F6E003D408C2F2000302F0070213F8ED
:10BFA00004C006FA02F242EA0C021A55DCE7029BD0
:10BFB0004FF48E7203FB02F8DDF804B042F6E003A2
:10BFC00000274FF0010C0025C2F2000308E000BF7B
:10BFD0000135002FAAB20CBF57445844924511D3E3
:10BFE00084B2A408462CF3D8029A4B2AF0D818FA47
:10BFF00080F4E20804F007049E5C0CFA04F4344375
:10C000009C54E5E7DDF800A042F6E00500204FEA89
:10C010009A034FF48E7C4FF001080022C2F2000513
:10C0200008E000BF0132002894B20CBF70444944BC
:10C03000A6450FD3462BF5D88CB24B2CF2D804FB77
:10C040000CA6F40806F007062F5D08FA06F63E4334
:10C050002E55E7E703B0BDE8F08F00002DE9F04F63
:10C0600082B0203AD7B27F0057FA82F243F26C379F
:10C07000C0F6020742F6E0060193844607EB820E03
:10C0800000220123C2F200068146CDF800E000BF85
:10C090008FB24B2F09F1010540D9ACB2A4EB0C04CF
:10C0A000062C00F0578109F10204A4B2A4EB0C04A1
:10C0B000062C00F04F8109F10304A4B2A4EB0C0498
:10C0C000062C00F0478109F10404A4B2A4EB0C048F
:10C0D000062C00F03F8109F10504A4B2A4EB0C0486
:10C0E000062C00F0378109F10604A4B2A4EB0C047D
:10C0F000062C00F02F8109F10704A4B2A4EB0C0474
:10C10000062C00F0278109F108091FFA89F4A4EB35
:10C110000C04062C00F01E811EE100BF1EF802A0D8
:10C120004FF48E705FEACA7407FB00FB18D01FFA49
:10C1300089F4A408462C13D81BFA89F7FC0807F0E9
:10C140000707B046365D03FA07F7019846EA07038A
:10C15000000608BF26EA0703464608F80430012314
:10C16000ADB2A5EB0C00062800F0F4805FEA8A74FB
:10C1700016D5AC08462C13D80BEB05040198E5083E
:10C1800004F00704775D5FEA006E03FA04F4DDF85B
:10C1900000E047EA040808BF27EA040806F805801B
:10C1A00009F10207BDB2A5EB0C07062F00F0D28003
:10C1B0005FEA4A7717D5AF08462F14D80BEB05076F
:10C1C0004FEAD70E07F0070716F80E8003FA07F7B5
:10C1D000019848EA0705040608BF28EA070506F89B
:10C1E0000E50DDF800E009F10307BDB2A5EB0C0726
:10C1F000062F00F0AF805FEA0A7717D5AF08462F09
:10C2000014D80BEB05074FEAD70E07F0070716F80F
:10C210000E8003FA07F7019848EA0705040608BFED
:10C2200028EA070506F80E50DDF800E009F10407DA
:10C23000BDB2A5EB0C07062F00F08C805FEACA6741
:10C2400017D5AF08462F14D80BEB05074FEAD70ECA
:10C2500007F0070716F80E8003FA07F7019848EA77
:10C260000705040608BF28EA070506F80E50DDF8A2
:10C2700000E009F10507BDB2A5EB0C07062F69D058
:10C280005FEA8A6717D5AF08462F14D80BEB05076E
:10C290004FEAD70E07F0070716F80E8003FA07F7E4
:10C2A000019848EA0705040608BF28EA070506F8CA
:10C2B0000E50DDF800E009F10607BDB2A5EB0C0752
:10C2C000062F47D05FEA4A6717D5AF08462F14D824
:10C2D0000BEB05074FEAD70E07F0070716F80E809D
:10C2E00003FA07F7019848EA0705040608BF28EA99
:10C2F000070506F80E50DDF800E009F10707BDB2AA
:10C30000A5EB0C07062F25D04FFA8AF7B7F1FF3FB0
:10C3100017DCAF08462F14D80BEB05074FEAD70EF2
:10C3200007F0070716F80E8003FA07F7019848EAA6
:10C330000705040608BF28EA070506F80E50DDF8D1
:10C3400000E009F108091FFA89F7A7EB0C07062F8F
:10C3500002D100BF0131E14601320C2A7FF498AED0
:10C3600002B0BDE8F08F00002DE9F04F81B02DED57
:10C37000068B84B01020C4F201000168C90700F0E8
:10C3800065866FF0010141F690050160C2F200057B
:10C3900028684CF6CD47013028602868CCF6CC4799
:10C3A000784343F233384FEA3010C0F23338404517
:10C3B00005D843F28C30C2F20000012101702868D8
:10C3C000000705D143F28D30C2F200000121017057
:10C3D00043F2943AC2F2000ADAF80800466A96F884
:10C3E000380190B142F24C69C2F2000999F80F028B
:10C3F000002800F0BA8096F83901012830D10DF0FC
:10C40000B1F8002086F83901ACE041F60C25C2F203
:10C41000000541F2F4712878C2F200010F7801287A
:10C4200008BFFE2F4CD06D2F10D841F60822B1F86E
:10C430000100C2F20002177044BA41F60A22C2F2A9
:10C440000002B4F5006F148040F2C681002028700D
:10C4500040F27200C2F200000321018000F096BD9C
:10C4600041F65C20C2F2000090F856109AF80C03D6
:10C4700000294ED0032875D196F83501002874D0D4
:10C48000002086F8350199F8B8010138C1B20229B7
:10C490006BD8C00040F20D51C0B2C0F2020121FAC7
:10C4A00000F006F1800446465FFA80F809F5DC7179
:10C4B00020464246FCF746FC0AF1040082214CE08B
:10C4C00040F2720541F60A20C2F20005C2F20000F5
:10C4D0002A880488A24280F0598540F6F07802F15B
:10C4E0003F07C2F20008A74208EB020040F2328583
:10C4F000A21A0131FDF758FA41F60820C2F20000F5
:10C500000078ADF806408DF80400CDF8088000F002
:10C5100037BD032826D196F8360130B3002086F8BF
:10C52000360199F8B8010138C1B202291DD8C000FE
:10C5300040F20D51C0B2C0F2020121FA00F006F142
:10C54000800446465FFA80F809F5DC7120464246D1
:10C55000FCF7F8FB0AF10400832122464346B0466B
:10C560000CF068FE002089F80F0299F80E020028EE
:10C5700065D0DAF80800446A94F83901012805D139
:10C580000CF0F0FF002084F8390155E041F65C2002
:10C59000C2F2000090F856109AF80C0321B3032859
:10C5A0004AD194F83501002849D0002084F835019B
:10C5B00099F8BD010138C1B2022940D8C00040F24B
:10C5C0000D51C0B2C0F2020121FA00F0803446469B
:10C5D0005FFA80F809F2BD1120464246FDF7E4F902
:10C5E0000AF10400822122E0032825D194F83601C3
:10C5F00028B3002084F8360199F8BD010138C1B292
:10C6000002291CD8C00040F20D51C0B2C0F2020194
:10C6100021FA00F0803446465FFA80F809F2BD1135
:10C6200020464246FDF7C0F90AF104008321224664
:10C630004346B0460CF0FEFD002089F80E02D9F802
:10C640003C020130C9F83C0299F81102002840F080
:10C65000158142F24C64C2F20004204607F0C6F98C
:10C6600080B1207818B9D4F83C02C4F8200294F8BC
:10C670000412012084F81102012984F8100208BF75
:10C6800084F8120204F13C0007F0B0F988B194F884
:10C690003C0018B9D4F83C02C4F8240294F80512FE
:10C6A000012084F81102012984F8100208BF84F8DF
:10C6B000120204F1780007F099F988B194F8780033
:10C6C00018B9D4F83C02C4F8280294F806120120E4
:10C6D00084F81102012984F8100208BF84F81202BC
:10C6E00004F1B40007F082F988B194F8B40018B9E5
:10C6F000D4F83C02C4F82C0294F80712012084F804
:10C700001102012984F8100208BF84F8120204F112
:10C71000F00007F06BF988B194F8F00018B9D4F87C
:10C720003C02C4F8300294F80812012084F8110287
:10C73000012984F8100208BF84F8120204F59670EB
:10C7400007F054F988B194F82C0118B9D4F83C02D8
:10C75000C4F8340294F80912012084F81102012966
:10C7600084F8100208BF84F8120204F5B47007F0D0
:10C770003DF988B194F8680118B9D4F83C02C4F8BE
:10C78000380294F80A12012084F81102012984F871
:10C79000100208BF84F81202D4F8AC01B4F8B0114A
:10C7A00000690840401A18BF012084F8B40194F8C9
:10C7B000A40194F8B41119B10021A4F8B61123E032
:10C7C000B4F8B611B4F8A621914219D2B4F8B61152
:10C7D0000131A4F8B61119E03E2CC0F0C18340F637
:10C7E000F0700331C2F200003D223D24FDF7DCF879
:10C7F00040F27200C2F20000048001202870C5E3FC
:10C800000021A4F8B611012184F8A41194F8A41110
:10C81000884207D194F8AA01022811D3013884F87C
:10C82000AA0116E094F8A911B1B190B994F8A40145
:10C8300001280ED1B4F8A60184F8AA0100200DE069
:10C84000012806D1012084F8A501002084F8AA015E
:10C8500006E094F8A80111E094F8A40184F8A50179
:10C8600094F8A80150B194F80B12012084F8110239
:10C87000012984F8100208BF84F8120299F8110205
:10C8800041F6442247F6DC56C2F20002C2F200062C
:10C8900020B100203060106089F8110299F8100270
:10C8A000002800F0658299F8120258B1002089F83A
:10C8B000120289F8B90189F8BE01012089F80E0237
:10C8C00089F80F0299F81E1200200029CDF8070000
:10C8D000019000F08680C246042901F0030C80F02C
:10C8E000A981002141F690054CF6CD47D04643F290
:10C8F000943A47F6DC56BCF1000FC2F20005CCF6C4
:10C90000CC47C2F2000AC2F200065DD009EB410139
:10C9100091F8143291F81522C3EB031019F8200096
:10C92000A0B9C2EB021019F8200078B909F5087017
:10C9300050F8237050F8220087424CF6CD47CCF6D1
:10C94000CC4738BF1A4601A801238354BCF1010F1C
:10C950003AD091F8163291F81722C3EB031019F868
:10C960002000A0B9C2EB021019F8200078B909F52F
:10C97000087050F8237050F8220087424CF6CD47DB
:10C98000CCF6CC4738BF1A4601A801238354BCF12A
:10C99000020F19D091F8182291F81902C2EB021176
:10C9A00019F8211081B9C0EB001119F8211059B9FB
:10C9B00009F5087151F8223051F820108B4238BF28
:10C9C000104601A901220A549DF804000021C9F86B
:10C9D000D011C9F8C111C9F8C511C9F8C91100BBF6
:10C9E00007E0C9F8D001C9F8C101C9F8C501C9F803
:10C9F000C90199F80000A0B999F8150088B199F813
:10CA0000D40199F8D51107F0CBFB99F8D60199F824
:10CA1000D71107F0C5FB99F8D80199F8D91107F09B
:10CA2000BFFB9DF80500B8B999F83C00A0B999F88A
:10CA3000510088B199F8DA0199F8DB1107F0B0FBE1
:10CA400099F8DC0199F8DD1107F0AAFB99F8DE01ED
:10CA500099F8DF1107F0A4FB9DF80600B8B999F822
:10CA60007800A0B999F88D0088B199F8E00199F89B
:10CA7000E11107F095FB99F8E20199F8E31107F04D
:10CA80008FFB99F8E40199F8E51107F089FB9DF80F
:10CA90000700B8B999F8B400A0B999F8C90088B1ED
:10CAA00099F8E60199F8E71107F07AFB99F8E8019F
:10CAB00099F8E91107F074FB99F8EA0199F8EB117C
:10CAC00007F06EFB9DF80800B8B999F8F000A0B91E
:10CAD00099F8050188B199F8EC0199F8ED1107F082
:10CAE0005FFB99F8EE0199F8EF1107F059FB99F8FF
:10CAF000F00199F8F11107F053FB9DF80900B8B95E
:10CB000099F82C01A0B999F8410188B199F8F2017E
:10CB100099F8F31107F044FB99F8F40199F8F5112D
:10CB200007F03EFB99F8F60199F8F71107F038FB8A
:10CB30009DF80A00B8B999F86801A0B999F87D0183
:10CB400088B199F8F80199F8F91107F029FB99F8DB
:10CB5000FA0199F8FB1107F023FB99F8FC0199F809
:10CB6000FD1107F01DFB99F8A501A0B999F8A801DE
:10CB700088B199F8FE0199F8FF1107F011FB99F8B7
:10CB8000000299F8011207F00BFB99F8020299F8DC
:10CB9000031207F005FB99F80C0299F80D1207F043
:10CBA000FFFADAF80800446A94F83901012809D13B
:10CBB0000CF0D8FC002084F8390141F64422C2F27E
:10CBC0000002D2E041F65C20C2F2000090F856105C
:10CBD0009AF80C03002900F0998041F644220328BA
:10CBE000C2F2000240F0C18094F83501002800F044
:10CBF000BF80002084F8350199F8C0010138C1B226
:10CC0000022900F2B580C00040F20D51C0B2C0F25E
:10CC1000020121FA00F08034B34646465FFA80F8FC
:10CC200009F5E07120464246FCF78CF80AF1040051
:10CC3000822193E009F5057201F0FC03002109F55A
:10CC400008760DF1040E4FF0010805E004318B4227
:10CC500002F108023FF446AE10785478C0EB00179A
:10CC600019F8277077B9C4EB041719F827704FB972
:10CC700056F8207056F824B05F4538BF04460EF8C9
:10CC8000048000BF9078D478C0EB001719F82770A3
:10CC900077B9C4EB041719F827704FB956F820700C
:10CCA00056F82450AF4238BF04460EF8048000BF47
:10CCB00010795479C0EB001519F8255075B9C4EBFB
:10CCC000041519F825504DB956F8205056F824701F
:10CCD000BD4238BF04460EF8048000BF9079D47975
:10CCE000C0EB001519F82550002DAFD1C4EB041589
:10CCF00019F82550002DA9D156F8205056F8247067
:10CD0000BD4238BF04460EF804809FE741F6442236
:10CD10000328C2F2000228D194F8360140B3002063
:10CD200084F8360199F8C0010138C1B202291FD830
:10CD3000C00040F20D51C0B2C0F2020121FA00F071
:10CD40008034B34646465FFA80F809F5E071204624
:10CD50004246FBF7F7FF0AF10400832122464346CF
:10CD6000B0465E460CF066FA27E7002089F810020C
:10CD7000106843F68001C0F201018842C0F0A5802E
:10CD8000286878434FEA3010404500F2468141F66A
:10CD90005C20C2F2000090F85800002800F03D81AD
:10CDA0009FEDB10B9FEDB48A58EC105B9FEDB00B7B
:10CDB0009FEDB29A00245BEC10AB00E0783409EBF5
:10CDC000040696F82000D8B396ED01AA96ED030A62
:10CDD00006F11607B4EE40AAF1EE10FA16DD386837
:10CDE00001EE100A31EE081AB4EE41AAF1EE10FA83
:10CDF0000CDA10EE100A0DF079FF2A4643460DF0CA
:10CE000079FC0DF045FC00EE100AF060B4EE40AA8B
:10CE1000F1EE10FA14DA386801EE100A31EE091A50
:10CE2000B4EE41AAF1EE10FA0ADD10EE100A0DF090
:10CE30005DFF52465B460DF05DFC0DF029FCF06095
:10CE4000B4F5B47F45D096F85C000028B6D096EDD6
:10CE500010AA96ED120A06F15207B4EE40AAF1EEBE
:10CE600010FA16DD386801EE100A31EE081AB4EE39
:10CE700041AAF1EE10FA0CDA10EE100A0DF036FFAE
:10CE80002A4643460DF036FC0DF002FC00EE100A77
:10CE9000B064B4EE40AAF1EE10FA8FDA386801EE11
:10CEA000100A31EE091AB4EE41AAF1EE10FA7FF73A
:10CEB00085AF10EE100A0DF019FF52465B460DF0DB
:10CEC00019FC0DF0E5FBB06478E7106801301060E4
:10CED000A3E041F6DC20C2F20000017847F6DC5600
:10CEE0000029C2F2000640F0988047F6D451C2F201
:10CEF00000010A68B2F5966FC0F08C8043F2913160
:10CF0000C2F200010A78002A40F08780D9F80C208C
:10CF1000D9F84830C9F81620D9F8FC20D9F8C060F3
:10CF2000C9F80621D9F83821D9F88470C9F85230E7
:10CF3000D9F87431C9F8CA6047F6DC56C9F84221FD
:10CF40000122C9F88E70C2F20006C9F87E31027063
:10CF50000A7062E001313F22FCF726FD2F8015E0C8
:10CF6000002879D0CD1C40F6F070C2F200002946AE
:10CF70002246FCF719FD8DF80470ADF806400295C5
:10CF80000020ADF80C0001A805F0D8F9012086F8C2
:10CF90003801DAF804009AF89C11002300EB4112E2
:10CFA0004021CAE96C61DAF8A411CAF8B83101F17C
:10CFB0003F03B3FBF1F3D2F8107B594361F312073F
:10CFC000C2F8107BD2F8107B02F5306163F3DC47C6
:10CFD000C2F8107B36B1DAF81C23012A04BFDAF854
:10CFE000B0214A619AF89F21012A0AD1D0F8080895
:10CFF0000A68C0054FF0805058BF4FF000501043F2
:10D000000860086840F080600860086840F00040F0
:10D0100008601BE008680130086047F6D850C2F28B
:10D020000000016891B131680068814208D230681F
:10D0300000210130306042F2C450C2F2000004E02E
:10D0400042F2C450C2F200000121017004B0BDECF4
:10D05000068B01B0BDE8F08F00208DF80470CDF88C
:10D060000A00CDF806008EE77B14AE47E17A743FE4
:10D070007B14AE47E17A74BF0000C8420000C8C20A
:10D08000FEE700002DE9F0471C20FBF7CAF942F249
:10D09000C85543F25C31C2F20005C0F60201072414
:10D0A00001F10806A8601C20C5E90064FBF7B9F986
:10D0B00068611C20C5E90364FBF7B3F928621C20F2
:10D0C000C5E90664FBF7ADF9E8621C20C5E909640F
:10D0D000FBF7A7F9A8631C20C5E90C64FBF7A1F9CD
:10D0E00068641C20C5E90F64FBF79BF928651C20C8
:10D0F000C5E91264FBF795F9E8651C20C5E91564DC
:10D10000FBF78FF9A8661C20C5E91864FBF789F9BD
:10D1100068671C20C5E91B64FBF783F948F2000827
:10D12000C5F8800043F25950C0F60008C0F601006F
:10D1300029464246C5E91E64FBF720FB42F24C64D7
:10D14000C2F200044FF0010A00267820C82184F8BA
:10D1500000A066806660A660E66084F810A0608229
:10D1600084F814A06675C4E90A6684F8306066869F
:10D1700084F8346084F83510A66384F83CA0E68710
:10D1800026646664A66484F84CA0A4F84E0084F873
:10D1900050A084F85160C4E9196684F86C60A4F862
:10D1A0006E6084F8706084F87110666784F878A007
:10D1B000A4F87A60E667C4F88060C4F8846084F8F4
:10D1C00088A0A4F88A0084F88CA084F88D60C4E953
:10D1D000286684F8A860A4F8AA6084F8AC6084F893
:10D1E000AD10C4F8B06084F8B4A0A4F8B660C4F878
:10D1F000B860C4F8BC60C4F8C06084F8C4A0A4F8E7
:10D20000C60084F8C8A084F8C960C4E9376684F809
:10D21000E460A4F8E66084F8E86084F8E910C4F8F3
:10D22000EC6084F8F0A0A4F8F260C4F8F460C4F8EC
:10D23000F860C4F8FC6084F800A1A4F8020184F846
:10D2400004A184F80561C4E9466684F82061A4F865
:10D25000226184F8246184F82511C4F8286184F8D7
:10D260002CA1A4F82E61C4F83061C4F83461C4F86C
:10D27000386184F83CA1A4F83E0184F840A184F808
:10D280004161C4E9556684F85C61A4F85E6184F884
:10D29000606184F86111C4F8646184F868A1A4F83D
:10D2A0006A61C4F86C61C4F87061C4F8746184F890
:10D2B00078A1A4F87A0184F87CA184F87D61C4E99E
:10D2C000646684F89861A4F89A6184F89C6184F893
:10D2D0009D11C4F8A06184F8A4A184F8A5A1A4F8C4
:10D2E000A601022084F8A861A4F8A96184F8B461B9
:10D2F000A4F8B66184F8B801032084F8BD0104F5F0
:10D30000EA703021C4F8B96184F8BE61C4F8D06114
:10D3100084F8CC61C4E97066C4F8C86184F8C0A11F
:10D32000FBF764FD8DA004F0DFFDA4F80C6284F827
:10D330000E6284F80F6284F8106284F8116284F837
:10D34000126284F81362A9686A6F00254FF01E0C00
:10D3500041F61E6EBE20C4F27A654FF48059131D4B
:10D360000F1D84F81E62C4E98866C4E98A66C4E9B0
:10D370008C66C4F83862C4F83C62C4E90A1284F8C6
:10D38000256084F823C0A4F821E084F82400C4F8C0
:10D390001A60C4F81650A4F81E9084F82060E56066
:10D3A00084F835006675C4E9197302F1080301F1C8
:10D3B000080784F8616084F85FC0A4F85DE084F831
:10D3C0006000C4F85660C4F85250A4F85A9084F82B
:10D3D0005C60A56484F8710084F85160C4E9287326
:10D3E00002F10C0301F10C0784F89D6084F89BC0E6
:10D3F000A4F899E084F89C00C4F89260C4F88E50B8
:10D40000A4F8969084F89860C4F8845084F8AD002D
:10D4100084F88D60C4E9377302F1100301F110073D
:10D4200084F8D96084F8D7C0A4F8D5E084F8D8008F
:10D43000C4F8CE60C4F8CA50A4F8D29084F8D4607E
:10D44000C4F8C05084F8E90084F8C960C4E94673A0
:10D4500002F1140301F114071832183184F8156130
:10D4600084F813C1A4F811E184F81401C4F80A6126
:10D47000C4F80651A4F80E9184F81061C4F8FC5069
:10D4800084F8250184F80561C4E9557384F8516175
:10D4900084F84FC1A4F84DE184F85001C4F8466106
:10D4A000C4F84251A4F84A9184F84C61C4F8385148
:10D4B00084F8610184F84161C4E9641284F88D61E3
:10D4C00084F88BC1A4F889E184F88C01C4F88261E6
:10D4D000C4F87E51A4F8869184F88861C4F8745128
:10D4E00084F89D0140F60000C4F202004FF4806110
:10D4F00084F87D61C4E96B0142F68C0047F6EC5577
:10D50000C2F200004D21C2F2000584F8A8A1A4F8DF
:10D51000A9A184F8A861A0F84E1028464FF45071D4
:10D52000FBF764FC43F61D4085F80463C5F8066309
:10D53000C5F80A63C5F80E63C5F81263C5F816632B
:10D54000C5F8196385F820A3C0F6010029464246B4
:10D5500085F82163BDE8F047FBF710B9010101012F
:10D56000010101041D1B0619141A08CD000000005A
:10D5700000000000000000000000000000000000AB
:10D580000000000000000000000000002DE9F04352
:10D5900081B02DED048B42F6E004C2F20004204677
:10D5A00040F68A21FBF722FC41F2F078C2F2000833
:10D5B000B8F800609FED629A9FED628A00274FF4F1
:10D5C0008E79012504E000BF0137B7F58E7F1FD0AB
:10D5D000F01900EE100AB8EEC00A20EE090A0CF0AD
:10D5E0009DFE20EE080A30EE080ABDEEC00A10EEDD
:10D5F000100A4B28E8D800FB09F017FA80F0C108A0
:10D6000000F00700625C05FA00F010436054DBE7AD
:10D610009FED4D9A473600274FF48E79012503E0A0
:10D620000137B7F58E7F1FD0F01900EE100AB8EE63
:10D63000C00A20EE090A0CF071FE20EE080A30EE56
:10D64000080ABDEEC00A10EE100A4B28E8D800FB0D
:10D6500009F017FA80F0C10800F00700625C05FAD3
:10D6600000F010436054DBE773201C214D224FF67D
:10D67000FF73FEF7F3FC79201C2165224FF6FF7340
:10D68000FEF7ECFC7F201C216F224FF6FF73FEF7A4
:10D69000E5FC85201C2177224FF6FF73FEF7DEFCA8
:10D6A0008B201C2170224FF6FF73FEF7D7FC9120D0
:10D6B0001C2161224FF6FF73FEF7D0FC97201C213E
:10D6C00064224FF6FF73FEF7C9FC9D201C215622F1
:10D6D0004FF6FF73FEF7C2FCA3201C2133224FF646
:10D6E000FF73FEF7BBFC7F20282130224FF6FF732B
:10D6F000FEF7B4FC852028212E224FF6FF73FEF79B
:10D70000ADFC8B20282131224FF6FF73FEF7A6FCDB
:10D71000912028212E224FF6FF73FEF79FFC9720C1
:10D72000282133224FF6FF73FEF798FCB8F800006B
:10D730000130A8F80000BDEC048B01B0BDE8F08317
:10D74000A525353D00001842A525B53C03290AD082
:10D75000022901D0012905D141F64821C2F2000178
:10D760000978E9B1704741F64821C2F20001097811
:10D770000029F7D1417FC9B142F2043CC2F2000C4A
:10D780009CF880203AB1531E19068CF880301CBFDB
:10D79000911E8CF881100121417200214177704760
:10D7A000417A81F00102427241777047407A002845
:10D7B00008BF704742F24C60C2F200004FF0020C0A
:10D7C00080F800C04268036CC16FC0F81A20C0F82E
:10D7D0001620002280F82020427580F83CC0C0F856
:10D7E0005630C0F8523080F85C2080F8512080F824
:10D7F00078C0C0F89210C0F88E1080F8982080F899
:10D800008D2080F8B4C0D0F8B810D0F8B830C0F887
:10D81000CE10C0F8CA3080F8D42080F8C92080F833
:10D82000F0C0D0F8F410D0F8F430C0F80A11C0F805
:10D83000063180F8102180F8052180F82CC1D0F83D
:10D840003011D0F83031C0F84611C0F8423180F8BC
:10D850004C2180F8412180F868C1D0F86C11D0F8D3
:10D860006C31C0F88211C0F87E3180F8882180F8D0
:10D870007D21704703291DD0022906D0012928D116
:10D8800001885F2925D8053104E00188052938BFC2
:10D89000704705398AB20180C16900EE102A4161E2
:10D8A0000021B8EE400A0162012180ED060A80F8ED
:10D8B0002810704742F20430C2F2000090F8801045
:10D8C00039B14A1E130680F880201CBF023980F847
:10D8D00081107047032918BF704742F20430C2F22A
:10D8E000000090F8801039B14A1E130680F880209D
:10D8F0001CBF023980F8811080B5FAF757FD48F255
:10D900000101C3F6FF71A0FB0112510B01EBC13104
:10D91000401A41F2F071C2F200010880BDE8804077
:10D92000704700002DE9F04F85B08046017A407ABB
:10D930000022002808BF4FF0FF3291B1B8F8000074
:10D94000B8F80210B8F80420B8F8063002440B44C6
:10D9500092B29BB2FEF7AAFA4FF6FF700290012036
:10D9600003E0B0FA80F002924009B8F80220B8F85B
:10D970000660B8F80010531CCDE900623244013A49
:10D98000049199B2B8F804701FFA82F949450397D7
:10D990005BD8049A039F02F1010C3A44013A97B212
:10D9A0001FFA8CF2BA4250D84FF48E7B38B342F64D
:10D9B000E0004FF0010AC2F2000003E0013399B227
:10D9C000494542D89EB24B2EF8D801FB0BF1664672
:10D9D00004E000BF0136B2B2BA42EFD81FFA86FEA9
:10D9E0004FEA9E04462CF5D811FA86F4E50804F0B7
:10D9F0000704425D0AFA04F4A2434255EAE742F6FC
:10DA0000E0004FF0010EC2F2000003E0013399B2D2
:10DA100049451AD89EB24B2EF8D801FB0BF1664649
:10DA200004E000BF0136B2B2BA42EFD8B5B2AD08D9
:10DA3000462DF7D811FA86F5EC0805F00705025DCA
:10DA40000EFA05F52A430255ECE7B8F8106026B344
:10DA5000009801990C3806EB460200EBD07052009A
:10DA6000039B01EB500092B2D8F80C109A1A049B59
:10DA70001FFA80F8029802EBD27203EB52074C1E99
:10DA800085B200BF14F8012FB8B241462B46FEF70D
:10DA9000E5FA013E07F10607F4D105B0BDE8F08FC5
:10DAA0002DE9F04F85B043F6044340F22317C4F24A
:10DAB0000203C4F267571F6048F6AB17CCF6EF5766
:10DAC0001F6040F2FF7300F1006A4FEAD02E20EA97
:10DAD00003096FF3DF2041F6E828C0F5006C4FF032
:10DAE000006BC2F200080490944528BF944600BF22
:10DAF0000123C0F600030BEBCE2009EB0305002346
:10DB000009EB030717F80B7008EB030608F803701E
:10DB1000EF5C7770EF187C781033B470BC78B3F595
:10DB2000006FF470FC7834713C7974717C79B47155
:10DB3000BC79F471FC7934723C7A74727C7AB47278
:10DB4000BC7AF472FC7A34733C7B74737C7BB47360
:10DB5000BF7BF773D4D15FEA0C433BD0049BCDE984
:10DB600001EA1FFA8CF508EB030A4FF0FF3313FAB2
:10DB70008CFEC5F1000C002303911AF80370FF2FEF
:10DB80002CD19E4513D00AEB03077E78FF2E25D1BA
:10DB90000CEB0306B41C0AD0BC78FF2C1ED1033654
:10DBA00005D0FF78FF2F19D104339D42E5D1029EA5
:10DBB00092464C1E2F4600BF14F8011F304607F056
:10DBC000F1F8013F06F10106F6D15246DDE902A166
:10DBD00050E000BF0025AA4250D15FE0009207F05C
:10DBE00035F9042D07D2DDE902A4049E002015F0CA
:10DBF00003011CD12EE0039C25F00300049E40424B
:10DC0000E11EAAF103030022CF78043ADF7011F875
:10DC1000047F904203F8047F4F785F708F789F7085
:10DC2000F2D1DDF808A0504215F0030112D0225CB9
:10DC30003318012908F803200CD0421CA35C32449D
:10DC4000022908F8023005D00230215C304408F87F
:10DC5000001000BF002400BF09EB040018F80410F6
:10DC600000F1006007F09EF80134B4F5006FF3D1C5
:10DC7000009A0399DDF804E0AA420FD0521B9446A3
:10DC800000200EF1010E2944AA44B2F5006F28BF0E
:10DC90004FF4006C09F50069049029E743F604414C
:10DCA000C4F20201C86840F08000C86005B0BDE859
:10DCB000F08F00002DE9F04F81B02DED108B84B076
:10DCC00040F29400C2F20000027842F24C6642F246
:10DCD000C85542F6DC0847F6D857C2F20006C2F231
:10DCE0000005C2F20008C2F200078AB141F65C2BBF
:10DCF000C2F2000B9BF859000092032812D00228B0
:10DD000017D19FEDE41AB0EE080AB0EE002A16E033
:10DD100041F6440049F69A11C2F20000C3F6996137
:10DD20000160A6E19FEDDC1AB7EE000AB1EE042A0D
:10DD300005E09FEDDA1AB1EE040AB7EE002A686931
:10DD4000296AEA6AAB6B6D6C4FF07E5480ED002A55
:10DD50000C6082ED001A1C6085ED000A80ED012A3E
:10DD60004C6082ED011A5C6085ED010A80ED022AAB
:10DD70008C6082ED021A9C6085ED020A80ED032A18
:10DD8000CC6082ED031ADC6085ED030A80ED042A85
:10DD90000C6182ED041A1C6185ED040A80ED052AF0
:10DDA0004C6182ED051A5C6185ED050A80ED062A5D
:10DDB0000BF123008C6182ED061A9C6185ED060A49
:10DDC00004F092F8BBF85400002570829BF85910BB
:10DDD0009BF8572031743275A6F84E0086F84C1027
:10DDE00086F85020A6F88A0086F8881086F88C20DD
:10DDF000A6F8C60086F8C41086F8C820A6F8020166
:10DE000086F8001186F80421A6F83E0186F83C1138
:10DE100086F84021A6F87A0186F8781186F87C21E8
:10DE20009BF86000D8B10022002104E00132824258
:10DE300038BF052914D20BEB420494F8613094F8F2
:10DE40006240A342F2D044EA0307072FEED806EB64
:10DE50004107013187F8143287F81542E6E70021BF
:10DE600086F81E129BF86B00DBF85C1088F8000047
:10DE700001F47F0021F0FF0242EA104040F28022CC
:10DE8000C2F2000210809BF85A009FED851A00EE46
:10DE9000100AC1F30743B8EE400A41F6440020EEF1
:10DEA000010AC2F2000001EE103A9FED7E2A80EDD9
:10DEB000000AB8EE411AC1F3072021EE028A01EEF2
:10DEC000100AB8EE411AC8B221EE029A01EE100A09
:10DED000B8EE411A21EE021AB4EE418AF1EE10FAC0
:10DEE0004FF00008B4EE419A9170B8BF4FF00108AE
:10DEF000F1EE10FAB0EE41AAB4EE498AB8BFB0EE26
:10DF000049AAF1EE10FAB0EE492AB4EE418AB8BF40
:10DF1000B0EE482AF1EE10FAB0EE41BA9FEDE5CA34
:10DF2000B4EE418AB8BFB0EE48BA38EE493AF1EEE5
:10DF300010FAF0EE488AB4EE419A23EE0CDA31EE94
:10DF4000483ABCBFF0EE418AB0EE42AAF1EE10FAB8
:10DF5000F0EE499A4FF00109DFEDD7AAB5EE400A7D
:10DF6000F7EE00BA40F2000ADFEDD4CADFEDD4DAF2
:10DF700023EE0CEA39EE41FABCBFF0EE419AB0EE66
:10DF800042BAB8BF4FF00209F1EE10FAD8BFB0EEB6
:10DF90006A0AB4EE6B0A01ACC2F2000AF1EE08EABA
:10DFA000F1EE10FAB8BFF0EE40BA1EE08DEE012A95
:10DFB00032EE2C2A81EE001AB5EE400A2046F1EE30
:10DFC00010FA08BFB0EE6A1A8DED012A8DED021A23
:10DFD000CDED03BA06F0D0F90AEB05012AF80500E9
:10DFE0000335000C152D887030D0B4EE498AB0EEA0
:10DFF000680AB0EE4A1A4846F1EE10FAB8BFB0EE21
:10E00000690AB4BFB0EE4B1A4FEA480030EE411A2D
:10E01000B5EE401AF1EE10FAB0EE6A2ACAD0022824
:10E02000C4D0012804D18EEE012A32EE2D2AC1E798
:10E030008FEE012AB5EE402A32EE2E3AF1EE10FABA
:10E04000B8BFB0EE432A22EE0C2AB3E7BBF86C004F
:10E050004FF4FA5147F6D8574843C2F200073860E8
:10E0600042F2C85542F6DC08009AC2F20005C2F23C
:10E07000000840F27420C2F200000078A0B1B2FAA9
:10E0800082F0440942F68C00C2F2000005F0ECFD7B
:10E090000EE000BFCDCC4C3E0AD7A33BCDCCCC3E4E
:10E0A0000AD7233C8180803B002005F0DDFD012460
:10E0B000707D98B196F8510080B196F88D0068B1E6
:10E0C00096F8C90050B196F8050138B196F84101AB
:10E0D00020B196F87D0108B134B939E040F27520DD
:10E0E000C2F2000000210170022088F8000049F609
:10E0F0004040386040F27800C2F20000007820B959
:10E100001820C4F202000421016042F2E820C2F2A9
:10E1100000006CA1016042F2EC20C2F2000001217B
:10E12000017042F2F020C2F200000022028042F2AE
:10E13000F420C2F20000017042F2F820C2F20000A6
:10E14000017042F20030C2F200004FF48E71018083
:10E1500047F6DC50C2F200000021016042F2C450D8
:10E16000C2F200000170286AA96890ED000A91EDE2
:10E17000001A91ED012A21EE000A81ED000A90EDCE
:10E18000010A91ED021A22EE000A81ED010A90EDDA
:10E19000020A91ED032A21EE000A81ED020A90EDB8
:10E1A000030A91ED041A22EE000A81ED030A90EDB4
:10E1B000040AEA6A21EE000A81ED040A90ED050ADC
:10E1C00091ED051A21EE000A81ED050A90ED060A8F
:10E1D00091ED061A21EE000A81ED060A696990EDBB
:10E1E000000A91ED001A20EE000A92ED002A20EEBE
:10E1F000010A32EE000A81ED000A90ED010A91ED6C
:10E20000011A20EE000A92ED012A20EE010A32EEF8
:10E21000000A81ED010A90ED020A91ED021A20EE4A
:10E22000000A92ED022A20EE010A32EE000A81ED88
:10E23000020A90ED030A91ED031A20EE000A92ED16
:10E24000032A20EE010A32EE000A81ED030A90ED66
:10E25000040A91ED041A20EE000A92ED042A20EE41
:10E26000010A32EE000A81ED040A90ED050A91EDF3
:10E27000051A20EE000A92ED052A20EE010A32EE80
:10E28000000A81ED050A90ED060A91ED061A20EECE
:10E29000000A92ED062A20EE010A32EE000A81ED14
:10E2A000060A04B0BDEC108B01B0BDE8F04F04F0DD
:10E2B00087BF00BF000070420000000000007043F4
:10E2C0000000F042536F6D657468696E6720776572
:10E2D0006E742077726F6E67000000002DE9F04FBA
:10E2E00081B02DED108B84B043F28F30C2F200006C
:10E2F0000178002942F0CC8543F29130C2F200004F
:10E30000017842F24C6A0029C2F2000A00F08680CD
:10E3100000210170DAF81600DAF81A2042F68C01B2
:10E32000C2F20001C1E90002BAF81E009AF82020EA
:10E3300008818A72DAF85600DAF85220C1F80F0024
:10E34000C1F80B20BAF85A009AF85C20A1F8130023
:10E350004A75DAF89200DAF88E20C1F81A00C1F88E
:10E360001620BAF896009AF89820C88381F82020E1
:10E37000DAF8CE00DAF8CA20C1F82500C1F8212069
:10E38000BAF8D2009AF8D420A1F8290081F82B20FD
:10E39000DAF80A01DAF80621BAF80E31C1E90B20E1
:10E3A0009AF81001DAF8462181F83600C1F83B20CE
:10E3B000DAF84201BAF84A21C1F83700A1F83F2043
:10E3C0009AF84C01DAF8822181F84100C1F8462020
:10E3D000DAF87E01BAF88621C1F84200A1F84A2095
:10E3E0009AF88801B1F84E2040F6D434C2F2000405
:10E3F0008B8681F84C0053BA204620F8023BFBF78D
:10E40000D3FA4FF4723021464FF48062FFF748FB95
:10E4100040F27420C2F200000121017043F29030FA
:10E42000C2F20000017849B1002101708AF813128C
:10E430008AF80E128AF80F128AF8121243F28E30FE
:10E44000C2F20000017819B100210170FFF732FC1F
:10E4500041F65C20C2F2000090F85900002800F05C
:10E46000A48042F2C852C2F20002106A916890ED94
:10E47000000A91ED001A91ED012A21EE000A81EDCA
:10E48000000A90ED010A91ED021A22EE000A81EDD8
:10E49000010A90ED020A91ED032A21EE000A81EDB6
:10E4A000020A90ED030A91ED041A22EE000A81EDB2
:10E4B000030A90ED040A21EE000A81ED040A90EDB2
:10E4C000050A91ED051A21EE000A81ED050A90ED8D
:10E4D000060A91ED061A21EE000A81ED060A51693D
:10E4E00090ED000AD26A91ED001A20EE000A92ED3A
:10E4F000002A20EE010A32EE000A81ED000A90EDBA
:10E50000010A91ED011A20EE000A92ED012A20EE97
:10E51000010A32EE000A81ED010A90ED020A91ED46
:10E52000021A20EE000A92ED022A20EE010A32EED3
:10E53000000A81ED020A90ED030A91ED031A20EE24
:10E54000000A92ED032A20EE010A32EE000A81ED64
:10E55000030A90ED040A91ED041A20EE000A92EDF0
:10E56000042A20EE010A32EE000A81ED040A90ED41
:10E57000050A91ED051A20EE000A92ED052A20EE1B
:10E58000010A32EE000A81ED050A90ED060A91EDCE
:10E59000061A20EE000A92ED062A20EE010A32EE5B
:10E5A000000A81ED060A04F00BFEBAF91E009AF883
:10E5B00010102822002908BF2C225AF80210282205
:10E5C00091ED000A47F6EC5CBDEEC00A10EE101AA1
:10E5D000401A48BF4042AAF80200BAF802100020D0
:10E5E000B0EB513F4BF25430C0F6010004BF50F87D
:10E5F0002110CAF804109AF84C10C2F2000C00293D
:10E6000008BF2C220AEB0201C96B91ED000ABAF98E
:10E610005A10BDEEC00A10EE102A891A48BF4942AE
:10E62000AAF83E10BAF83E100022B2EB513F04BFE8
:10E6300050F82110CAF840109AF8881028220029B2
:10E6400008BF2C220AEB0201896F91ED000ABAF98A
:10E650009610BDEEC00A10EE102A891A48BF494232
:10E66000AAF87A10BAF87A100022B2EB513F04BF30
:10E6700050F82110CAF87C109AF8C41028220029FA
:10E6800008BF2C220AEB0201D1F8B41091ED000A68
:10E69000BAF9D210BDEEC00A10EE102A891A48BF8E
:10E6A0004942AAF8B610BAF8B6100022B2EB513FB0
:10E6B00004BF50F82110CAF8B8109AF800112822A7
:10E6C000002908BF2C220AEB0201D1F8F01091EDCD
:10E6D000000ABAF90E11BDEEC00A10EE102A891A0E
:10E6E00048BF4942AAF8F210BAF8F2100022B2EB81
:10E6F000513F04BF50F82110CAF8F4109AF83C11A9
:10E700002822002908BF2C220AEB0201D1F82C1183
:10E7100091ED000ABAF94A11BDEEC00A10EE102AB6
:10E72000891A48BF4942AAF82E11BAF82E110022C0
:10E73000B2EB513F04BF50F82110CAF830119AF8DB
:10E7400078112822002908BF2C220AEB0201D1F8F7
:10E75000681191ED000ABAF98611BDEEC00A10EEFB
:10E76000102A891A48BF4942AAF86A11BAF86A11F0
:10E770000022B2EB513F04BF50F82100CAF86C01EF
:10E7800043F28D30C2F200000178002959D00021F7
:10E79000017043F29430C2F20000806841F64005F7
:10E7A000406AC2F2000590F83901012807D042F210
:10E7B000C450C2F200000078002800F0B68028683B
:10E7C00001302860DCF8240328B10020CCF82403B1
:10E7D00001208CF82003DCF8280328B10020CCF8B5
:10E7E000280301208CF82003DCF82C0328B100203A
:10E7F000CCF82C0301208CF82003DCF8300328B17E
:10E800000020CCF8300301208CF82003DCF834031E
:10E8100028B10020CCF8340301208CF82003DCF868
:10E82000380328B10020CCF8380301208CF82003ED
:10E83000DCF83C0328B10020CCF83C0301208CF824
:10E84000200343F28C30C2F20000017843F2CC6E18
:10E850000029C2F2000E00F06383002101709AF8D3
:10E860000000022814D09AF83C00022810D09AF830
:10E87000780002280CD09AF8B400022808D09AF840
:10E88000F000022804D09AF82C01022840F0A5825A
:10E89000012141F64820C2F20000017041F69601C4
:10E8A000C2F2000102780B7840F2180940F27804B5
:10E8B00042F2043642F2F42BC4F202099A42C2F246
:10E8C0000004C2F20006C2F2000B70D096F881205C
:10E8D00003781201B25CA3B3032A66D096F88020B5
:10E8E000062A62D817010325F55541F6182741F28B
:10E8F0000D45F0464DF24D7E06EB0213C2F20007C5
:10E90000C0F60105C0F6000EC3E90175C3F80CE0BE
:10E91000531C86F8803086F881202278C646002A6B
:10E9200043D10422C9F800203FE041F64820C2F25A
:10E9300000000078002800F01D8128680130286060
:10E9400030E1032A0AD196F880203AB1531E1F06FF
:10E9500086F880301CBF023A86F8812022780FF2B8
:10E960006C73002A04BF0422C9F8002042F2E82296
:10E97000C2F20002136042F2EC22C2F20002012352
:10E98000137042F2F022C2F200020027178042F216
:10E99000F822C2F20002137042F200328BF800300B
:10E9A000C2F200024FF48E7313800078087059F899
:10E9B000040C40F21507C0F3800020702078C2F2EA
:10E9C000000780F001008AF8A80196F881009AF803
:10E9D000A451397806EB00188D4212D141F68A0114
:10E9E000C2F20001088800F101000880C5B980B2B8
:10E9F000652815D32078002804BF0420C9F800003A
:10EA00000EE0002D4CD041F68C00C2F20000002137
:10EA1000016041F68A00C2F2000001213D700180D0
:10EA20002420C4F2000041F694010068C2F2000103
:10EA30000A8883B24FF6FF779B1A82EA070241F6F3
:10EA4000880712FA80F238BF531CC2F20007B3F5F0
:10EA5000004FA8BFA3F580333A78DD17002BC8BF5D
:10EA60000125954208804AD028062FD0207888B307
:10EA7000D8F80C206AB1D8F804006BB20221012B3F
:10EA8000B8BF0121F246904747F6EC5CD646C2F289
:10EA9000000C41F68C00C2F20000002101602DE064
:10EAA00020780028AFD0D8F80C20002AABD0D8F8B6
:10EAB0000400032174469047A64640F2780447F6C6
:10EAC000EC5CC2F20004C2F2000C9CE70020AAF841
:10EAD0000C020CE04EF6042168B2CFF6FF7100285C
:10EAE000C4BF4EF60411CFF6FF71AAF80C12012034
:10EAF0008AF811028AF810028AF812023D70207812
:10EB0000002800F0F581D8F80810F24611B1D8F8C5
:10EB1000040088479BF80000012840F0D18142F2B0
:10EB2000E820C2F2000005682878E0B142F2F4263D
:10EB3000AA1C0023C2F2000612F8011C0029194683
:10EB400000F08B801378002B00F083805378002B2B
:10EB500000F08280977801F11803002F02F104027F
:10EB6000EAD1123179E042F2F4264FF48C71C2F20C
:10EB7000000674E042F6DC00C2F20000007829686A
:10EB80000A2801F10101296012D8DFE810F0100015
:10EB90000B001100E3049C049205E5055C05660882
:10EBA000CD04F806644603F049FBA44649E609E6AD
:10EBB000DCF82403B0F59A0F06D04FF49A00CCF895
:10EBC000240301208CF82003DCF82803B0F59A0F09
:10EBD00006D04FF49A00CCF8280301208CF82003CB
:10EBE000DCF82C03B0F59A0F06D04FF49A00CCF85D
:10EBF0002C0301208CF82003DCF83003B0F59A0FC9
:10EC000006D04FF49A00CCF8300301208CF8200392
:10EC1000DCF83403B0F59A0F06D04FF49A00CCF824
:10EC2000340301208CF82003DCF83803B0F59A0F88
:10EC300006D04FF49A00CCF8380301208CF820035A
:10EC4000DCF83C03B0F59A0F3FF4FBAD4FF49A00AB
:10EC5000F2E541F0060100E00C31C1F5897142F2A4
:10EC6000F822C2F200021378032B69D0022B46D09F
:10EC7000012B40F0E08042F2FC23C2F2000393ED4E
:10EC8000001AB7EE000AB4EE401AF1EE10FA80F264
:10EC90009B809FEDE52A31EE021AB4EE401AF1EEA8
:10ECA00010FAC8BFB0EE401AB4EE401AF1EE10FAF6
:10ECB00083ED001A80F2AB80B5EE401AF1EE10FA47
:10ECC00040F3A3809FEDD90A4BF2542321EE000AB2
:10ECD000BDEEC01A11EE102AC0F6010303EB82024A
:10ECE000B8EEC12A92ED001A92ED013A30EE420AD6
:10ECF00033EE412A22EE000A30EE010A87E042F2AA
:10ED0000F023C2F200031F8801371F8042F2EC2378
:10ED1000C2F200031B78BEB242F20037002BC2F2EF
:10ED2000000718BF64239E42398040F2848003218B
:10ED3000117042F2FC21C2F2000100220A607AE066
:10ED400042F2FC22C2F2000292ED001AB7EE000A73
:10ED5000B4EE401AF1EE10FA33DA9FEDB32A31EE39
:10ED6000021AB4EE401AF1EE10FAC8BFB0EE401A23
:10ED7000B4EE401AF1EE10FA82ED001A36DAB5EE72
:10ED8000401AF1EE10FA2FDD9FEDA80A4BF2542342
:10ED900021EE000ABDEEC01A11EE102AC0F60103E2
:10EDA00003EB8202B8EEC12A92ED001A92ED013A0D
:10EDB00030EE420A33EE412A22EE000A30EE010A1A
:10EDC00014E0002030707BE00221117042F2F0214B
:10EDD000C2F2000100220A802DE09AF86801023890
:10EDE000B0FA80F0410954E59FEDBD0A0AB2C2F5C0
:10EDF0008E7201EE102AB8EEC11A20EE010ABDEEA5
:10EE0000C00A10EE102A114410E09FEDB50A09B2B5
:10EE1000C1F58E7101EE101AB8EEC11A20EE010A8A
:10EE2000BDEEC00A10EE101AC1F58E7142F200322A
:10EE3000C2F2000211800095A0B1A91C002200BFFF
:10EE400011F8010C0028104612D00A7862B14A78F5
:10EE50006AB18B7800F11802002B01F10401EFD1A7
:10EE6000123005E0082004E040F0060000E00C301D
:10EE70000E3042F20031C2F20001B1F80090A9F167
:10EE8000040E1FFA8EF111FA80F081B281426AD02D
:10EE9000009D2846F9F7A3FC84B243F2CC6AC2F283
:10EEA000000A6CB1013D00BF15F8012F1FFA89F06F
:10EEB00038210023FDF7D2F8013C09F10609F3D10E
:10EEC00047F6EC5C40F2180942F2F42B42F20436A9
:10EED00040F278040120D646C2F2000CC4F20209C6
:10EEE000C2F2000BC2F20006C2F200048AF800006F
:10EEF0002078A8B196F88000012811D19BF8000075
:10EF000070B941F68C00C2F2000001680131B1F520
:10EF10007A7F016004D90421C9F810100021016032
:10EF20009CF80403002840F0C8819CF820030028C6
:10EF300000F0C3819CF81C03F046012840F0B88122
:10EF4000DCF80053002D00F0B381BCF8060340F25A
:10EF5000AD21884200F29880DCF8182361A040F2CD
:10EF6000AE219047A4E142F6E0074FF0360A0124B3
:10EF7000C2F2000706E000BF0AF1050ABAF1450F28
:10EF80003FF486AF4FF48E700AFB00FC734603E03B
:10EF9000013398B2884213D898B280084628F7D82F
:10EFA0001CFA83F04FEAD00B00F0070017F80B8033
:10EFB00004FA00F040EA080007F80B00E8E700BF99
:10EFC0000CF58E73704603E0013082B28A420FD88E
:10EFD00086B2B608462EF7D813FA80F6F20806F085
:10EFE0000706BD5C04FA06F63543BD54ECE700BFE6
:10EFF0000CF50E73704603E0013082B28A420FD8DE
:10F0000082B29208462AF7D813FA80F2D50802F0A5
:10F0100007027E5D04FA02F232437A55ECE700BF44
:10F020000CF55573704607E00AD7A33C00007C42FC
:10F03000013082B28A420FD882B29208462AF7D8AB
:10F0400013FA80F2D50802F007027E5D04FA02F29C
:10F0500032437A55ECE700BF0CF58E63704604E04E
:10F06000013082B28A423FF687AF82B29208462AC6
:10F07000F6D813FA80F2D60802F00702BD5D04FA52
:10F0800002F22A43BA55EBE7284640F2AE21644625
:10F09000F9F78AFEA64600204FF47F4CFF2205E0D8
:10F0A0000130072805F1300500F0F2800EEB8003F7
:10F0B000D3F824332C4603F47F470CEA1326DBB243
:10F0C000334443EA0723182748E000BF43616C69D3
:10F0D00062726174696F6E20446F6E65000000009B
:10F0E00000000000777332383132623A2074656D67
:10F0F000702062756666657220697320746F6F2078
:10F10000736D616C6C20616E642073697A65207721
:10F11000696C6C2062652025642E0A007773323892
:10F120003132623A20777269746520636F6D6D6168
:10F130006E64206661696C65642E0A0077733238EC
:10F140003132623A207772697465206661696C6554
:10F15000642E0A00002F04F11004A1D094F85E611F
:10F16000791E23FA01F146F0E006C90784F85E61D2
:10F1700007D094F85F1184F85E2141F0F80184F81B
:10F180005F1194F86011BE1E23FA06F641F0E0010B
:10F19000F60784F8601107D094F8611184F86021B3
:10F1A00041F0F80184F8611194F86211FE1E23FA0F
:10F1B00006F641F0E001F60784F8621107D094F8F2
:10F1C000631184F8622141F0F80184F8631194F826
:10F1D00064113E1F23FA06F641F0E001F60784F8B9
:10F1E000641107D094F8651184F8642141F0F801A6
:10F1F00084F8651194F866117E1F23FA06F641F033
:10F20000E001F60784F8661107D094F8671184F8D6
:10F21000662141F0F80184F8671194F86811BE1F67
:10F2200023FA06F641F0E001F60784F8681107D0EA
:10F2300094F8691184F8682141F0F80184F86911A3
:10F2400094F86A11FE1F23FA06F641F0E001F60772
:10F2500084F86A1107D094F86B1184F86A2141F0A0
:10F26000F80184F86B1194F86C11083F23FA07F643
:10F2700041F0E001F60784F86C113FF46BAF94F8AD
:10F280006D1184F86C2141F0F80184F86D1161E78B
:10F29000DEF810230EF5407040F2AE217446904720
:10F2A000002800F00C81D4F81813AFF290108847B2
:10F2B000AFF278100AF0DEF9C6469EF80000012889
:10F2C00040F0F78041F6CC20C2F200000078002820
:10F2D00000F0EF8043F2C860C2F20000017843F210
:10F2E000D062C2F2000239B115684B2D0ADD00214F
:10F2F00001708EF80010DCE001210025017015601E
:10F30000FCF78AFCC5F14C002028A8BF2020009003
:10F3100000EB050E4FF48E7043F2D46A42F6E0091A
:10F3200005FB00FB0024C2F2000A4FF00108C2F204
:10F33000000907E0CC1F6546013575450BF58E7B4E
:10F3400080F294804B2D0AEB040009DD4FF40E711E
:10F350007646F9F729FDB64604F50E74ECE700BFD2
:10F360004FF48E71694301F00401AC4608FA01F2D2
:10F3700004F10F01002300BF0BEB0304E70819F8A9
:10F38000077012EA07050AEB010718BF4FF0FF35B7
:10F3900007F80F5C00EB43077D70651CEE0805F075
:10F3A000050519F8066008FA05F52E4018BF4FF05C
:10F3B000FF36BE70FE70A61CF50806F0060619F8AA
:10F3C000055008FA06F62E4018BF4FF0FF363E7182
:10F3D0007E71E61CF50806F0070619F8055008FAD4
:10F3E00006F62E4018BF4FF0FF36B3F58C7FBE7186
:10F3F000FE719FD0261DF50806F0040619F8055089
:10F4000008FA06F62E4018BF4FF0FF363E727E72A5
:10F41000661DF50806F0050619F8055008FA06F607
:10F420002E4018BF4FF0FF36BE72FE72A61DF508C3
:10F4300006F0060619F8055008FA06F62E4018BF21
:10F440004FF0FF363E737E73E61DF50806F00706A3
:10F4500019F8055008FA06F62E4018BF4FF0FF368F
:10F46000BE730AF801600833103185E741F6CC21FC
:10F470000020C2F200010870009A4FF40E70504351
:10F4800046F2084180B2C4F202014860086840F0C8
:10F490000100086043F60440C4F20000016841F036
:10F4A0000201016043F2D061C2F200010868104419
:10F4B000086004B0BDEC108B01B0BDE8F08F0020F7
:10F4C00084F82003F8E640F6D870C2F20000007815
:10F4D00041F69C08C007C2F20008BFF35F8F01F03D
:10F4E000DB8440F6D470C2F200000078BFF35F8F77
:10F4F000C00701F00A85286841F25971CDF2B711B1
:10F50000A0FB0112110B41F2883201FB1205002D04
:10F5100000F0F58641F69800C2F20000817800887C
:10F5200040EA014000F01EBF40F6DC70C2F200006D
:10F530000078BFF35F8FC00701F0058540F24C00F3
:10F54000C2F200000188012900F2BD83013101806F
:10F55000FFF777B940F20000C2F20000018882781C
:10F56000CBB221F0FF011144DCF8242341EA03412E
:10F570008A421EBFCCF8241301218CF82013B0F866
:10F5800003104279CBB221F0FF011144DCF82823AB
:10F5900041EA03418A421EBFCCF8281301218CF8AE
:10F5A0002013C188027ACBB221F0FF011144DCF8AC
:10F5B0002C2341EA03418A421EBFCCF82C130121BF
:10F5C0008CF82013B0F80910C27ACBB221F0FF01F9
:10F5D0001144DCF8302341EA03418A421EBFCCF8D3
:10F5E000301301218CF820138189827BCBB221F06A
:10F5F000FF011144DCF8342341EA03418A421EBF73
:10F60000CCF8341301218CF82013B0F80F10427C91
:10F61000CBB221F0FF011144DCF8382341EA034169
:10F620008A421EBFCCF8381301218CF82013418A7E
:10F63000007DCAB221F0FF010844DCF83C1340EA27
:10F64000024001F001B840F6E470C2F20000007818
:10F65000BFF35F8FC00701F00E8541F63410C2F290
:10F6600000000178012940F0CF8641F6281141F6CB
:10F670002412C2F20001C2F200020B8812780027A5
:10F68000B3F5967F98BF0127B3FA83F5002A18BF18
:10F690006F09012F4FF0000740F0B586581C002A73
:10F6A00008803FF4CEA841F62610C2F2000001887F
:10F6B0004CE741F63618C2F20008B8F8009040F264
:10F6C000034000EE109AC0F20560F8EE408A9FED0C
:10F6D000EF0A019041F644009FEDED9AC2F200005E
:10F6E00028EE808A90ED00BA9FEDEAAAB0EE480AB3
:10F6F000F0EE490AE3460AF0B8FDB5EE400AF1EE35
:10F7000010FA80F282859FEDE42A9FEDE43A9FEDA6
:10F71000E44A30EE091AB5EE401AF1EE10FA80F222
:10F72000768530EE021AB5EE401AF1EE10FA80F24C
:10F730006E8530EE031AB5EE401AF1EE10FA80F243
:10F74000668530EE041AB5EE401AF1EE10FAB0EE0E
:10F75000410ADEDB00F05BBD40F20000C2F20000B7
:10F76000851C41F64400C2F2000090ED008A9FED36
:10F77000CD9A9FEDCDAA41F638199FEDCCBA9FEDF9
:10F78000CCCA9FEDCCDA9FEDCCEA9FEDCCFADFED51
:10F79000CC8ADFEDCC9ADFEDCCAA0AF1230B002452
:10F7A000C2F200090DF104080126F1EE08BA27E0C3
:10F7B000674630EE020A81ED000A28EE000A404654
:10F7C0008DED014A8DED021A8DED030A04F0D4FD92
:10F7D00000F47F42391960F31742D1F8243342EA2A
:10F7E0001040834204F10404BC461CBFC1F824034A
:10F7F0008CF8206303351C2C0BF13C0B3FF421A843
:10F80000594611F81B0991ED000A15F8021C15F86C
:10F81000012C2B7801EE101A02EE102AB8EE411AD4
:10F82000B8EE422A21EE091A22EE092A03EE103A16
:10F83000B8EE433AB4EE421AF1EE10FA23EE093A6A
:10F8400011DAB4EE432AF1EE10FA11DBB4EE431AEA
:10F85000B0EE434AF1EE10FAB8BFB0EE414A0121D2
:10F86000B0EE425A1DE0B4EE431AF1EE10FA0CDA93
:10F87000B4EE421AB0EE424A0221B0EE435AF1EE23
:10F8800010FAB8BFB0EE414A0BE0B4EE432AB0EE36
:10F89000434AF1EE10FAB8BFB0EE424A0021B0EE92
:10F8A000415A35EE446AB5EE406AF1EE10FAB0EE18
:10F8B0004A4A3ED186EE051ABDEEC00AB5EE405A60
:10F8C00009EB040110EE102AF1EE10FA08BFB0EEB9
:10F8D0004A1A91ED000A824221D9121A02EE102A28
:10F8E00003EE100AB8EEC22AB8EE433A22EE0B2A13
:10F8F0003BEE433A82EE032A20EE0B3AB4EE423A54
:10F90000F1EE10FAB0EE4C2A3FF752AFB4EE4E0AC9
:10F91000F1EE10FAB0EE4D2AFFF64AAF07E0B4EE72
:10F920004F0AF1EE10FAB0EE4C2A3FF741AF6746AE
:10F9300043E702290AD0012911D133EE411A21EE01
:10F94000281A81EE061A31EE2A4AB3E731EE421A3E
:10F9500021EE281A81EE061A31EE294AAAE732EE84
:10F96000431A81EE061AB5EE401A31EE2B2AF1EE5B
:10F9700010FAB8BFB0EE421A21EE284A9AE740F6D4
:10F98000E070C2F20000007841F6BC04C007C2F289
:10F990000004BFF35F8F01F0A18341F64400C2F27F
:10F9A000000090ED008A40F26C00C2F20000B0F856
:10F9B00000B040F20000C2F2000040F2500942F2F2
:10F9C0004C669FED389A9FED38AA41F617139FEDCC
:10F9D0003CBA9FED3CCA9FED3CDA9FED3CFADFED6F
:10F9E0003C8A04F10807841CC2F20009C2F2000636
:10F9F000C2F20003B1EE08EA4FF0000833E06546BA
:10FA00000020B0EE4A0AC9F8000057E9020128EECA
:10FA1000000ACDE9010101A887ED000A8DED030A76
:10FA200004F0AAFC00F47F4205EB880160F3174262
:10FA3000D1F8243342EA1040834241F61713AC4612
:10FA4000C2F200031EBFC1F8240301208CF820037A
:10FA500008F1010809F104090C37B8F1070F04F1A6
:10FA600003043EF4EEAE16F83C0B98B341F61010CA
:10FA7000C2F2000010F80800002800F09D8041F656
:10FA80001010C2F20000404494E000BF0AD7A33D2A
:10FA90000000B4436666663F0000344400008744BB
:10FAA0000000B4448180803B000000000000C84298
:10FAB0006F1203BC6F12033C17D97E3F6F12833A5B
:10FAC00000007042000070430000F0420AD7233C5F
:10FAD0000AD723BC14F8020C40F2000200EE100A10
:10FAE00008EB4800C2F2000210444078217801EE91
:10FAF000100AB8EE400AB8EE411A20EE090A21EECB
:10FB0000091A02EE101AB8EE422AB4EE410AF1EEDA
:10FB100010FA22EE092A11DAB4EE421AF1EE10FAC6
:10FB200011DBB4EE420AB0EE424AF1EE10FAB8BF71
:10FB3000B0EE404A0120B0EE413A1DE0B4EE420A78
:10FB4000F1EE10FA0CDAB4EE410AB0EE414A0220AE
:10FB5000B0EE423AF1EE10FAB8BFB0EE404A0BE018
:10FB6000B4EE421AB0EE424AF1EE10FAB8BFB0EE6F
:10FB7000414A0020B0EE403A33EE444AB5EE404AE6
:10FB8000F1EE10FAB0EE4A5A33D184EE030AB5EE24
:10FB9000403A4FF07E50F1EE10FA08BFB0EE4A0A3C
:10FBA00007ED025A07ED010A87ED003AC9F8000097
:10FBB00003EB08000021017099ED000AB4EE4F0A32
:10FBC000F1EE10FA7FF71BAF13F808003B2804D8BA
:10FBD0000130654603F8080017E7BBF1020F15D89E
:10FBE00040F26C000BF1010BC2F20000A0F800B073
:10FBF0002EE7022818D001281FD132EE400A20EE4D
:10FC00000B0A80EE040A30EE0D5ABEE740F26C009B
:10FC10004FF0000BC2F2000030EE280A6546A0F853
:10FC200000B089ED000AF0E630EE410A20EE0B0A42
:10FC300080EE040A30EE0C5AA7E731EE420A80EE5D
:10FC4000040AB5EE400A30EE0E1AF1EE10FAB8BF13
:10FC5000B0EE410A20EE0B5A97E740F6E870C2F288
:10FC600000000078BFF35F8FC00701F0C48241F647
:10FC7000B410C2F200000178012940F0FC8341F683
:10FC80005C1141F65812C2F20001C2F200020B8868
:10FC900012780027B3F5967F98BF0127B3FA83F552
:10FCA000002A18BF6F09012F4FF0000740F0E283D0
:10FCB000581C002A08803EF4C4AD41F65A10C2F226
:10FCC0000000018842E40021E3460180F8F76EFB62
:10FCD00045F62944C738CCF28F2460434DF20977AA
:10FCE00040F230054FEA3010C0F2A30741F6A006FB
:10FCF000C2F20005B842C2F200061FD895ED000A14
:10FD00001FED8E1AB4EE410AF1EE10FA16DAF8F78A
:10FD10004DFB46F61742C108C1F2C162A1FB0212B7
:10FD200091084FF4B47201FB120000EE100AB8EE15
:10FD3000400A4FF07E5086ED000A2860F8F736FB47
:10FD4000C738604340F234094FEA301041F6B0063C
:10FD5000C2F20009B842C2F2000620D899ED000AAA
:10FD60001FEDA61AB4EE410AF1EE10FA17DAF8F711
:10FD70001DFB46F61742C108C1F2C162A1FB021287
:10FD800091084FF4B47201FB120000EE100AB8EEB5
:10FD9000400A4FF07E5086ED000AC9F80000F8F7DF
:10FDA00005FBC738604340F238084FEA301041F68F
:10FDB000B406C2F20008B842C2F2000620D898ED9C
:10FDC000000A1FEDBE1AB4EE410AF1EE10FA17DA7E
:10FDD000F8F7ECFA46F61742C108C1F2C162A1FB7E
:10FDE000021291084FF4B47201FB120000EE100AE7
:10FDF000B8EE400A4FF07E5086ED000AC8F80000C9
:10FE0000F8F7D4FAC738604340F23C064FEA3010A6
:10FE1000C2F20006B84223D896ED000A1FEDD51AAB
:10FE2000B4EE410AF1EE10FA1ADAF8F7BFFA46F624
:10FE30001742C108C1F2C162A1FB021291084FF43E
:10FE4000B47201FB120000EE100A41F6B800B8EEE1
:10FE5000400AC2F2000080ED000A4FF07E50306090
:10FE6000F8F7A4FAC738604340F240014FEA301077
:10FE7000C2F20001B84227D891ED000A1FEDED1A39
:10FE8000B4EE410AF1EE10FA1EDAF8F78FFA46F6F0
:10FE90001742C108C1F2C162A1FB021291084FF4DE
:10FEA000B47201FB120040F2400100EE100A41F66C
:10FEB000A400B8EE400AC2F2000080ED000A4FF044
:10FEC0007E50C2F200010860F8F770FAC73860434C
:10FED00040F244014FEA3010C2F20001B84227D884
:10FEE00091ED000A9FEDE71AB4EE410AF1EE10FA27
:10FEF0001EDAF8F75BFA46F61742C108C1F2C16292
:10FF0000A1FB021291084FF4B47201FB120040F2FF
:10FF1000440100EE100A41F6A800B8EE400AC2F211
:10FF2000000080ED000A4FF07E50C2F20001086030
:10FF3000F8F73CFA40F24801C738C2F200016043CA
:10FF400091ED008A4FEA301041F6AC04B842C2F29B
:10FF5000000423D89FEDCB0AB4EE408AF1EE10FAEC
:10FF60001CDAF8F723FA46F61742C108C1F2C1625B
:10FF7000A1FB021291084FF4B47201FB120040F28F
:10FF8000480100EE100AB8EE400A4FF07E50C2F26F
:10FF90000001B7EE008A84ED000A086095ED000AC2
:10FFA0009FEDB9AAB4EE4A0AF1EE10FA05DD9FED15
:10FFB000B71A30EE010A85ED000A41F64400C2F29C
:10FFC000000090ED009A41F6A000C2F20000006827
:10FFD00043F2333529EE000A0190C3F6337501A8C8
:10FFE00002958DED030A04F0C7F900F47F4160F338
:10FFF0001741DBF8242341EA1040824205D0CBF8B8
:020000040801F1
:10000000240301205B468BF8200399ED000AB4EE2F
:100010004A0AF1EE10FA05DD9FED9C1A30EE010A56
:1000200089ED000A41F6B000C2F20000006829EE36
:10003000000ACDE9010501A88DED030A04F09CF941
:1000400000F47F4160F31741DBF8282341EA1040B8
:10005000824205D0CBF8280301205B468BF82003B1
:1000600098ED000AB4EE4A0AF1EE10FA05DD9FEDB4
:10007000871A30EE010A88ED000A41F6B400C2F298
:100080000000006829EE000ACDE9010501A88DED08
:10009000030A04F071F900F47F4160F31741DBF8C3
:1000A0002C2341EA1040824205D0CBF82C030120DA
:1000B0005B468BF8200396ED000AB4EE4A0AF1EE97
:1000C00010FA05DD9FED711A30EE010A86ED000A87
:1000D00041F6B800C2F20000006829EE000ACDE93E
:1000E000010501A88DED030A04F046F900F47F41F3
:1000F00060F31741DBF8302341EA1040824205D01B
:10010000CBF8300301205B468BF8200340F240001F
:10011000C2F2000090ED000AB4EE4A0AF1EE10FAC5
:1001200005DD9FED5A1A30EE010A80ED000A41F616
:10013000A400C2F20000006829EE000ACDE9010522
:1001400001A88DED030A04F017F900F47F4160F374
:100150001741DBF8342341EA1040824205D0CBF846
:10016000340301205B468BF8200340F24400C2F2C6
:10017000000090ED000AB4EE4A0AF1EE10FA05DD37
:100180009FED421A30EE010A80ED000A41F6A80008
:10019000C2F20000006829EE000ACDE9010501A8BD
:1001A0008DED030A04F0E8F800F47F4160F3174195
:1001B000DBF8382341EA1040824205D0CBF83803FF
:1001C00001205B468BF82003B4EE4A8AF1EE10FA68
:1001D00009DD9FED2E0A40F2480038EE008AC2F297
:1001E000000080ED008A206829EE080ACDE90105AB
:1001F00001A88DED030A04F0BFF800F47F41DBF89D
:100200003C2360F31741DC463EE3B0EE401A9FED1D
:10021000200AB4EE491AF1EE10FA2BEE0AAA5B4658
:1002200046DAB0EE416A9FED1B1A2BEE00CA26EEAD
:10023000010ABDEEC01AB8EEC12A11EE100A30EE66
:10024000420AB7EE002A32EE401AC10708BFB0EEEC
:10025000410A32EE400A042820EE0A3A00F22E83C8
:100260009FED0D0AB0EE4A2AB0EE431ADFE810F017
:100270002C0305001A031F031303B0EE432AB0EE4C
:100280004A1A21E30AD7233C6F12033B6F1203BBC8
:10029000D0CCCC3D8988883C000000000000B4C36D
:1002A000000034C4000087C40000B4C417B751393B
:1002B0001FED062A1FED063A1FED064A1FED065AEE
:1002C00031EE026AB4EE496AF1EE10FAABDB31EEC0
:1002D000036AB4EE496AF1EE10FAA4DB31EE046A67
:1002E000B4EE496AF1EE10FA9DDB31EE051AB4EE78
:1002F000491AF1EE10FAB0EE416AE1DA93E741F6FD
:100300009809C2F2000999F8020041F6440188F800
:100310000200B9F80000C2F200010C68A8F8000061
:100320006746F8F743F846F61742C108C1F2C162C2
:10033000A1FB021291084FF4B47201FB120000EE0F
:10034000100A4FF07E50B8EE400ACDE9020401A831
:100350008DED010A04F010F8BC46010CA9F800006C
:1003600089F8021098F80210B8F80020C4B242EAE6
:100370000143DBB200EE105A1FED341AE41AB8EE56
:10038000400A02EE104A20EE010A01EE103AB8EEE1
:10039000C22A00F47F07B8EEC11A20EE022AC0F389
:1003A000072032EE011AA0EB1220150ABDEEC11A89
:1003B00002EE100A11EE103A01EE105AB8EEC22AFF
:1003C000B8EEC11A20EE022A32EE011AC1EB174232
:1003D000BDEEC11A02EE102A11EE100A01EE101A3B
:1003E000B8EEC22AB8EEC11A20EE020A30EE010AB7
:1003F000BDEEC00A000210EE101A40EA0340DCF81D
:1004000024230844EAE0077040F26E01C2F20001C2
:100410000A88072A36D900220A8041F62A1141F6B5
:100420002014C2F20001C2F200040B7894ED002AFD
:100430001FED6A0A1FED6C1A002B18BFB0EE401AB0
:1004400032EE010AB7EE008AB4EE480AF1EE10FA75
:1004500084ED000A4BDB4FF07E50206041F6241003
:10046000C2F20000027041F63410B7EE001AC2F278
:1004700000004EE0077040F27001C2F200010A88ED
:10048000072A03D8501C0880FEF7DBB900220A8037
:1004900041F65E11C2F2000141F654180B78C2F227
:1004A00000081FED871A98ED002A1FED880A002B1F
:1004B00018BFB0EE401A32EE010AB7EE001AB4EEE1
:1004C000410AF1EE10FA88ED000AC0F2C2804FF046
:1004D0007E50C8F8000041F65810C2F200000270C9
:1004E00041F6B410C2F20000B0EE412AC4E01FEDA4
:1004F0009B1AB4EE410AF1EE10FA1DDC4DF20A72BD
:10050000C3F6234222600122027041F62410C2F297
:1005100000000123B7EE002A037041F628100022E4
:10052000B4EE420AC2F20000B0EE410AF1EE10FA57
:100530000280A8BF01220A7041F62615C2F200050A
:1005400028886746022823D9F7F730FF46F6174276
:10055000C108C1F2C162A1FB021291084FF4B4724A
:1005600001FB12004FF07E5100EE100A41F62C10F4
:10057000B8EE401AC2F2000080ED001A41F63010C9
:10058000C2F2000094ED000A0160002028800BE018
:1005900041F62C10C2F2000090ED001A41F6301026
:1005A000C2F2000090ED008A41F64400C2F2000061
:1005B00090ED002A01A822EE000A8DED011A8DEDC2
:1005C000028A8DED030A03F0D7FE00F47F4160F349
:1005D0001741D7F82423BC4641EA104082421EBF8F
:1005E000CCF8240301218CF82013DCF82813814275
:1005F0001EBFCCF8280301218CF82013DCF82C1343
:1006000081421EBFCCF82C0301218CF82013DCF8AA
:10061000301381421EBFCCF8300301218CF8201327
:10062000DCF8341381421EBFCCF8340301218CF86E
:100630002013DCF8381381421EBFCCF838030121A7
:100640008CF82013DCF83C1381427EF4F5A8FEF709
:10065000F8B81FEDF42AB4EE420AF1EE10FA1CDCF1
:100660004DF20A72C3F62342C8F80020012202703C
:1006700041F65810C2F200000123037041F65C10ED
:100680000022B4EE410AC2F20000B0EE420AF1EEDE
:1006900010FA0280A8BF01220A7041F65A17C2F26E
:1006A0000007388841F6601465460328C2F200044A
:1006B0002ED3F7F77BFE46F61742C108C1F2C1629E
:1006C000A1FB021241F6B51C91084FF4B472C2F2BC
:1006D000000C01FB12009CF8001000EE100A01EB68
:1006E000410246F2666004EB82020023C3F66670A4
:1006F000C2E90103481CC1B2B8EE400A073982EDD5
:10070000000A3B8018BF014698ED000A8CF80010E3
:1007100041F64400C2F2000090ED001AD4E9000155
:1007200021EE008ACDE9010101A884ED028A8DED58
:10073000038A03F021FE00F47F4160F31741D5F8EE
:10074000242341EA1040824205D0C5F82403012049
:100750002B4685F82003D4E9030184ED058ACDE911
:10076000010101A88DED038A03F006FE00F47F412C
:1007700060F31741D5F8282341EA1040824205D0A2
:10078000C5F8280301202B4685F82003D4E906018B
:1007900084ED088ACDE9010101A88DED038A03F0FB
:1007A000EBFD00F47F4160F31741D5F82C2341EABB
:1007B0001040824205D0C5F82C0301202B4685F855
:1007C0002003D4E9090184ED0B8ACDE9010101A8D8
:1007D0008DED038A03F0D0FD00F47F4160F31741F3
:1007E000D5F8302341EA1040824205D0C5F83003E5
:1007F00001202B4685F82003D4E90C0184ED0E8AF4
:10080000CDE9010101A88DED038A03F0B5FD00F4E7
:100810007F4160F31741D5F8342341EA104082420A
:1008200005D0C5F8340301202B4685F82003D4E910
:100830000F0184ED118ACDE9010101A88DED038A34
:1008400003F09AFD00F47F4160F31741D5F8382397
:1008500041EA1040824205D0C5F8380301202B46FA
:1008600085F82003D4E9120184ED148ACDE9010151
:1008700001A88DED038A03F07FFD00F47F41D5F8D8
:100880003C23AC4660F3174141EA104082427DF4BC
:10089000D3AFFDF7D6BF9FEDDE1AB0EE432AB0EE20
:1008A0004A0A11E09FEDDA2AB0EE4A1A0AE09FEDFB
:1008B000D82AB0EE431AB0EE4A0A05E09FEDD41AEA
:1008C000B0EE4A2AB0EE430A9FEDD2EA31EE0C1A9E
:1008D00032EE0C2AB6EE00FA21EE0E1A22EE0E2AA5
:1008E00031EE0F1A30EE0C0A32EE0F2ABDEEC11AAD
:1008F00020EE0E0ABDEEC22A11EE101A30EE0F0ADB
:1009000012EE100ABDEEC00A09029FEDC39A10EE66
:10091000102A41EA0040D3F82413B2EE0E0A104424
:1009200038EE000AF0EE490A81421EBFC3F82403E4
:10093000012083F8200309F098FCB5EE400AF1EE9F
:1009400010FA24DA9FEDB52A9FEDB53A9FEDB54A2E
:1009500030EE091AB5EE401AF1EE10FA19DA30EE5F
:10096000021AB5EE401AF1EE10FA12DA30EE031A5E
:10097000B5EE401AF1EE10FA0BDA30EE040AB5EEDD
:10098000400AF1EE10FAB0EE401AE1DB01E0B0EE01
:10099000401AB4EE491AF1EE10FA5B462BDAB0EECB
:1009A000415A9FEDA10A25EE000ABDEEC01AB8EE2D
:1009B000C12A11EE100A30EE420AB7EE002A32EEDA
:1009C000401AC10708BFB0EE410A32EE400A0428BF
:1009D00020EE0A3A49D89FED8E0AB0EE4A2AB0EED0
:1009E000431ADFE800F04803363B2F00B0EE432AFD
:1009F000B0EE4A1A3FE09FED8D0A9FED8D2A9FEDE4
:100A00008D3A9FED8D4A31EE005AB4EE495AF1EE1F
:100A100010FAC6DB31EE025AB4EE495AF1EE10FA82
:100A2000BFDB31EE035AB4EE495AF1EE10FAB8DBEF
:100A300031EE041AB4EE491AF1EE10FAB0EE415A52
:100A4000E1DAAEE79FED721AB0EE432AB0EE4A0A41
:100A500011E09FED6F2AB0EE4A1A0AE09FED6C2A72
:100A6000B0EE431AB0EE4A0A05E09FED691AB0EE07
:100A70004A2AB0EE430A31EE0C1A30EE0C0A32EE7E
:100A80000C2A21EE0E1A20EE0E0A22EE0E2A31EE6C
:100A90000F1A30EE0F0A32EE0F2ABDEEC11ABDEE6C
:100AA000C00ABDEEC22A11EE101A10EE102AB3EEE3
:100AB0000E0A12EE100A090238EE000A9FED568A5D
:100AC00041EA0040D3F828131044F0EE480A81426E
:100AD0001EBFC3F82803012083F8200309F0C5FBDB
:100AE000B5EE400AF1EE10FA24DA9FED4C2A9FEDA4
:100AF0004C3A9FED4C4A30EE081AB5EE401AF1EE32
:100B000010FA19DA30EE021AB5EE401AF1EE10FAC8
:100B100012DA30EE031AB5EE401AF1EE10FA0BDAE3
:100B200030EE040AB5EE400AF1EE10FAB0EE401ACB
:100B3000E1DB01E0B0EE401AB4EE481AF1EE10FA33
:100B40005B462BDAB0EE415A9FED370A25EE000ADC
:100B5000BDEEC01AB8EEC12A11EE100A30EE420AFC
:100B6000B7EE002A32EE401AC10708BFB0EE410AC4
:100B700032EE400A042820EE0A3A5FD89FED240A9C
:100B8000B0EE4A2AB0EE431ADFE800F05E03363BCF
:100B90002F00B0EE432AB0EE4A1A55E09FED230A2B
:100BA0009FED232A9FED233A9FED234A31EE005A11
:100BB000B4EE485AF1EE10FAC6DB31EE025AB4EE4A
:100BC000485AF1EE10FABFDB31EE035AB4EE485A40
:100BD000F1EE10FAB8DB31EE041AB4EE481AF1EE79
:100BE00010FAB0EE415AE1DAAEE79FED091AB0EE25
:100BF000432AB0EE4A0A27E09FED052AB0EE4A1AD2
:100C000020E09FED032AB0EE431AB0EE4A0A1BE043
:100C10000000000000007F430000B44300003444A3
:100C2000000087440000B4448988883C0000B4C3B5
:100C3000000034C4000087C40000B4C41FED0C1AC7
:100C4000B0EE4A2AB0EE430A31EE0C1A32EE0C2A0C
:100C500021EE0E1A22EE0E2A31EE0F1A30EE0C0A99
:100C600032EE0F2ABDEEC11A20EE0E0ABDEEC22AE8
:100C700011EE101A30EE0F0A12EE100ABDEEC00A85
:100C8000090210EE102A41EA0040D3F82C139FED20
:100C9000630A1044DFED629A5FED20AA5FED20BA8F
:100CA0005FED20CA5FED26DA5FED20EA5FED20FA06
:100CB0001FED20BA1FED20DA81421EBFC3F82C03BE
:100CC000012083F8200328EE809A002701ACF3EE80
:100CD000048A012632E0B0EE4A2A30EE0C0A20EEF9
:100CE0000E0A30EE0F0ABDEEC00A10EE100A31EE09
:100CF0000C0A20EE0E0A30EE0F0ABDEEC00A10EE0E
:100D0000101A32EE0C0A20EE0E0A30EE0F0A09021B
:100D1000BDEEC00A41EA00410CEB850010EE102A3E
:100D2000D0F8243311448B4207F101071CBFC0F8EF
:100D300024138CF82063042F00F0A48000EE107AB6
:100D4000B8EEC00A20EE280A30EE290AE55D30EE42
:100D5000090AF0EE480A09F088FAB5EE400AF1EE09
:100D600010FA1EDA30EE081AB5EE401AF1EE10FA5B
:100D700019DA30EE2A1AB5EE401AF1EE10FA12DA4C
:100D800030EE2B1AB5EE401AF1EE10FA0BDA30EE17
:100D90002C0AB5EE400AF1EE10FAB0EE401AE1DB93
:100DA00001E0B0EE401AB4EE481AF1EE10FADC465B
:100DB00038DAB0EE410A1FED641A20EE010ABDEEEA
:100DC000C01AB8EEC12A11EE100A30EE420AB7EE90
:100DD000002A32EE401AC10708BFB0EE410A32EED7
:100DE000400A042820EE0A3A45D8B0EE4A0AB0EE8E
:100DF000431AB0EE6D2ADFE800F008093439030029
:100E0000B0EE430AB0EE6D1A65E766E7B0EE430A4E
:100E1000B0EE4A1AB0EE6D2A5FE700BFCDCC4C3D74
:100E20000000344331EE2E0AB4EE480AF1EE10FA17
:100E3000C1DB31EE2F0AB4EE480AF1EE10FABADB4C
:100E400031EE0B0AB4EE480AF1EE10FAB3DB31EEE4
:100E50000D1AB4EE481AF1EE10FAB0EE410AE1DADA
:100E6000A9E7B0EE6D0AB0EE4A1A08E0B0EE6D0ADE
:100E7000B0EE431A2FE7B0EE4A0AB0EE6D1AB0EEAC
:100E8000432A2AE709F10100A8F80000FDF7D9BCC0
:100E90000021017007F07CFE40F6D870C2F200001D
:100EA000644607F0B5FFA44600283EF41AAB41F6AD
:100EB0004400C2F200000768F7F778FA46F61742D6
:100EC000C108C1F2C162A1FB021291084FF4B472D1
:100ED00001FB120000EE100A4FF07E50B8EE400AFF
:100EE000CDE9020701A88DED010A03F045FAA8F843
:100EF0000000000C88F8020040F6D870C2F2000032
:100F000007F09CFFA446FEF7ECBA40F6D470C2F29C
:100F10000000644607F07CFFA44600283EF4EBAADC
:100F200098F8020041F69801C2F20001B8F80020DA
:100F3000887040F6D470C2F200000A8007F07EFF8D
:100F4000A446FEF7D8BA40F6DC70C2F2000067464D
:100F500007F05EFFBC4600283EF4F0AAF7F726FA39
:100F600046F61744C108C1F2C164A1FB04129108FE
:100F70004FF4B47501FB150000EE100A41F6A00015
:100F8000B8EE400AC2F2000080ED000AF7F70EFA50
:100F9000C108A1FB0412910801FB150000EE100A24
:100FA00041F6B000B8EE400AC2F2000080ED000A3F
:100FB000F7F7FCF9C108A1FB0412910801FB150029
:100FC00000EE100A41F6B400B8EE400AC2F200008A
:100FD00080ED000AF7F7EAF9C108A1FB04129108B5
:100FE00001FB150000EE100A41F6B800B8EE400A09
:100FF000C2F2000080ED000AF7F7D8F9C108A1FBA2
:101000000412910801FB150000EE100A41F6A4003D
:10101000B8EE400AC2F2000080ED000AF7F7C6F908
:10102000C108A1FB0412910801FB150000EE100A93
:1010300041F6A800B8EE400AC2F2000080ED000AB6
:10104000F7F7B4F9C108A1FB0412910801FB1500E0
:1010500000EE100A41F6AC00B8EE400AC2F2000001
:1010600080ED000A40F6DC70C2F2000007F0E6FEF8
:10107000BC46FEF763BA40F6E470C2F20000644674
:1010800007F0C6FEA44600283EF4E7AAF7F78EF95B
:1010900046F61742C108C1F2C162A1FB02129108D3
:1010A0004FF4B47201FB12004FF07E5100EE100AB3
:1010B00041F62C10B8EE400AC2F2000080ED000AA2
:1010C00041F63010C2F20000016040F6E470C2F256
:1010D000000007F0B3FEA446FEF7BFBA40F6E0708A
:1010E000C2F20000664607F093FEB44600283EF4C4
:1010F00054ACF7F75BF946F61748C108C1F2C1686E
:10110000A1FB081291084FF4B47901FB19004FF0CC
:101110007E5500EE100AB8EE400A002784ED000A62
:10112000C4E90157F7F742F9C108A1FB0812910879
:1011300001FB1900C4E9045700EE100AB8EE400A9A
:1011400084ED030AF7F732F9C108A1FB08129108F0
:1011500001FB1900C4E9075700EE100AB8EE400A77
:1011600084ED060AF7F722F9C108A1FB08129108DD
:1011700001FB1900C4E90A5700EE100AB8EE400A54
:1011800084ED090AF7F712F9C108A1FB08129108CA
:1011900001FB1900C4E90D5700EE100AB8EE400A31
:1011A00084ED0C0AF7F702F9C108A1FB08129108B7
:1011B00001FB1900C4E9105700EE100AB8EE400A0E
:1011C00084ED0F0AF7F7F2F8C108A1FB08129108A5
:1011D00001FB1900C4E9135700EE100A40F6E07055
:1011E000B8EE400AC2F2000084ED120A07F026FEB3
:1011F000B446FEF7D2BB40F6E870C2F20000664685
:1012000007F006FEB44600283EF431ADF7F7CEF8FD
:1012100046F61748C108C1F2C168A1FB081291083F
:101220004FF4B47901FB190041F6601700EE100A83
:10123000B8EE400AC2F200074FF07E54002587ED59
:10124000000AC7E90145F7F7B1F8C108A1FB081288
:10125000910801FB1900C7E9044500EE100AB8EE39
:10126000400A87ED030AF7F7A1F8C108A1FB0812AD
:10127000910801FB1900C7E9074500EE100AB8EE16
:10128000400A87ED060AF7F791F8C108A1FB08129A
:10129000910801FB1900C7E90A4500EE100AB8EEF3
:1012A000400A87ED090AF7F781F8C108A1FB081287
:1012B000910801FB1900C7E90D4500EE100AB8EED0
:1012C000400A87ED0C0AF7F771F8C108A1FB081274
:1012D000910801FB1900C7E9104500EE100AB8EEAD
:1012E000400A87ED0F0AF7F761F8C108A1FB081261
:1012F000910801FB1900C7E9134500EE100A40F6FA
:10130000E870B8EE400AC2F2000087ED120A07F05A
:1013100095FDB446FEF7ABBC03290FD0022905D0DA
:10132000012902D1017F002948D07047017F00299F
:10133000FBD1428901210177511C43E04189828818
:10134000914228BF704780B5006801EB410100EB76
:1013500081039A797AB342F2043EC2F2000E9EF8FB
:101360008010062927D89B680EEB011C0801052A6E
:101370000EF80020CCF804301DD8501EC2B2172041
:10138000D040C00717D017A01BA350F8220053F875
:1013900022208EF88110CCE90202481C8EF88000D1
:1013A00040F27800C2F20000007820B91820C4F2A0
:1013B000020004210160BDE880407047428901219C
:1013C0000177511E0AB28388002A48BF591E0AB20B
:1013D0004FF0000C9A42A8BF61464181C0F818C086
:1013E000704700BFF5160108411B01080D140108E4
:1013F000F51601088DD500081913010875D80008E5
:101400004DD7000819130108D5D8000810B50446B7
:1014100042F6E000C2F2000040F68A21F7F7E6FC4F
:1014200041F64820C2F200000078002860D0208DEC
:101430005028C0F0AC806420202163224FF6FF7357
:10144000FAF70CFE6A20202161224FF6FF73FAF7AB
:1014500005FE702020216C224FF6FF73FAF7FEFD87
:101460007620202169224FF6FF73FAF7F7FD7C20E2
:10147000202162224FF6FF73FAF7F0FD822020212F
:1014800072224FF6FF73FAF7E9FD882020216122CE
:101490004FF6FF73FAF7E2FD8E20202174224FF6FB
:1014A000FF73FAF7DBFD9420202169224FF6FF73CA
:1014B000FAF7D4FD9A2020216E224FF6FF73FAF737
:1014C000CDFDA020202167224FF6FF73FAF7C6FD5D
:1014D000A62020212E224FF6FF73FAF7BFFDAC2085
:1014E00020212E224FF6FF73FAF7B8FDB220F4E068
:1014F00070201C2163224FF6FF73FAF7AFFD7620B0
:101500001C2161224FF6FF73FAF7A8FD7C201C21F5
:101510006C224FF6FF73FAF7A1FD82201C2169228D
:101520004FF6FF73FAF79AFD88201C2162224FF6CE
:10153000FF73FAF793FD8E201C2172224FF6FF7382
:10154000FAF78CFD94201C2161224FF6FF73FAF705
:1015500085FD9A201C2174224FF6FF73FAF77EFD59
:10156000A0201C2165224FF6FF73FAF777FDA62015
:101570001C213F224FF6FF73FAF770FD2046FCF75F
:10158000D1F904F11400BDE81040FCF7CBB92828CC
:1015900055D36720202163224FF6FF73FAF75EFDD3
:1015A0006D20202161224FF6FF73FAF757FD73205B
:1015B00020216C224FF6FF73FAF750FD792020218D
:1015C00069224FF6FF73FAF749FD7F20202162223E
:1015D0004FF6FF73FAF742FD8520202172224FF665
:1015E000FF73FAF73BFD8B20202161224FF6FF733A
:1015F000FAF734FD9120202174224FF6FF73FAF799
:101600002DFD9720202169224FF6FF73FAF726FD62
:101610009D2020216E224FF6FF73FAF71FFDA320B5
:10162000202167224FF6FF73FAF718FDA920202129
:101630002E224FF6FF73FAF711FDAF204DE06A201E
:10164000202163224FF6FF73FAF708FD7020202156
:1016500061224FF6FF73FAF701FD762020216C22FC
:101660004FF6FF73FAF7FAFC7C20202169224FF62F
:10167000FF73FAF7F3FC8220202162224FF6FF73FA
:10168000FAF7ECFC8820202172224FF6FF73FAF75C
:10169000E5FC8E20202161224FF6FF73FAF7DEFC75
:1016A0009420202174224FF6FF73FAF7D7FC9A207A
:1016B000202169224FF6FF73FAF7D0FCA0202021E9
:1016C0006E224FF6FF73FAF7C9FCA620202167228D
:1016D0004FF6FF73FAF7C2FCAC2020212E224FF602
:1016E000FF73FAF7BBFC208D411C772888BF0121CE
:1016F000218510BD2DE9F04F8BB042F6E008C2F213
:1017000000088346404640F68A21F7F76FFB9BF8B6
:101710001C009BED060A60B19FEDA21A30EE010A93
:10172000B7EE001AB4EE410AF1EE10FA8BED060A9C
:101730002ADAB7EE001AB4EE410AF1EE10FA31DA05
:10174000B5EE400AF1EE10FA2ADD002843D09FEDF5
:10175000961A4BF2541120EE010ABDEEC01A11EE9A
:10176000100AC0F6010101EB8000B8EEC12A90ED2D
:10177000001A90ED013A30EE420A33EE412A22EE91
:10178000000A30EE011A0EE04FF07E50BBF80A104E
:10179000CBF818000020ABF80C108BF81C001AE0F6
:1017A0009FEDE61AB8B1BBF80A10BBF80C009BF825
:1017B0001620091A02EE102A00EE101AB8EE422A7C
:1017C000B8EEC00A21EE021A21EE000ABDEEC00AF0
:1017D00010EE103A04E0BBF80C009BF81620002332
:1017E000BBF80690BBF81010A0EB09000B4400FBFF
:1017F00002300A9112FA80F31FFA83FA9A452ED129
:10180000BBF80EE0BBF812307344063B9FB2BE45F6
:1018100025D84FF48E7C012504E000BF013081B251
:1018200051451CD883B24B2BF8D803FB0CF47346FC
:1018300004E000BF013399B2B942EFD89EB2B608B6
:10184000462EF7D814FA83F6F10806F0070618F8C2
:10185000012005FA06F6324308F80120EAE7BBF852
:101860000800CDF824B0002865D0BBF804100A9E0B
:10187000894561D2002700BFBBF80C101FFA89F020
:10188000814205D19BF81C10B1FA81F14B0900E0AF
:101890000023BBF80A10DBF800208142A3F1010508
:1018A00006D19BF81C0000284FF0000018BF054629
:1018B00009EB490002EB8004B4F804A00A96BAF1DF
:1018C000000F06F1020614D009982168C089A1F121
:1018D000010900F1020B00BF19F8012F1FFA8BF06C
:1018E000B1B2ABB2FAF7BAFBBAF1010A0BF1060BCF
:1018F000F2D1A079DDF824B058B1BBF80E00BBF8E6
:101900001210ABB208440F3880B2B1B23E22FAF7DF
:10191000A5FBBBF80800013787420DD2BBF80620B3
:101920009BF81610BBF804300A9E07EB0209994594
:101930000E44A1D300E00020BBF80410814240F225
:10194000FA80BBF81470BBF810200291BBF80E109F
:10195000BBF8123001971744BEB2BE42194403923D
:10196000079140F08A8007991FFA81FEBEF1040FAB
:10197000C0F08380079ADDF80CA0111F8FB2D11E32
:101980008BB2911E8DB2511E89B29A080A92AA0892
:101990004FEA910C4FF001090693059508920491C6
:1019A0000AE000BF0AD7A33D00007C420AF1010A09
:1019B0001FFA8AF5B54260D81FFA8AF54C2DF5D288
:1019C000B90846294FF48E7101FB05F504D9BEF123
:1019D000030FEBD30FE000BFE9194FEAD10B01F081
:1019E000070118F80B2009FA01F122EA010108F8B1
:1019F0000B10DDF824B00A9946290CD80699294421
:101A0000CA0801F0070118F8024009FA01F124EAB6
:101A1000010108F80210089946290CD805992944B3
:101A2000CA0801F0070118F8024009FA01F124EA96
:101A3000010108F80210BCF1460FB7D8049A4FEA2A
:101A40009E012A44D40802F0070218F8043009FA6B
:101A500002F223EA0202462908F80420A6D805EB80
:101A60000E01CA0801F0070118F8023009FA01F165
:101A700023EA010108F8021098E7BBF80610019A62
:101A800050435143029AB1FBF2F1B0FBF2F20398DA
:101A9000084481B211FA82F291B291424BD1079A75
:101AA000D31E013A92B21FFA83FA924543D8079B9C
:101AB0004FF48E7C9F1EBFB24FEA9A0B4FEA9209F9
:101AC0004FF0010E04E000BF013083B28B4232D8E8
:101AD00084B24B2CF8D8BBF1460F04FB0CF40BD8A6
:101AE00004EB0A06F30806F0070618F803500EFA8E
:101AF00006F6354308F803509742E5D8BB08462B55
:101B00000AD8E319DD0803F0070318F805600EFA98
:101B100003F3334308F80530B9F1460FD4D8A318BE
:101B2000DC0803F0070318F804500EFA03F32B4304
:101B300008F80430C8E70BB0BDE8F08F00000000E3
:101B40002DE9F04F83B042F6E00BC2F2000B814664
:101B5000584640F68A21F7F749F999F8280038B332
:101B6000D9E9081001318142C9F8201019D200EEDC
:101B7000101A01EE100AB8EE400AB8EE411A80EED3
:101B8000010AD9F82C00804799ED051A99ED062A2B
:101B900032EE412A22EE000A30EE010A89ED070AF0
:101BA00006E0D9F81800C9F81C00002089F82800C0
:101BB000B9F80800B9F80A10B9F80C20B9F80E30D5
:101BC00002440B4492B29BB2FAF770F999ED070AFE
:101BD000B9F80C00BDEEC00A10EE108A0238B9F850
:101BE000101000FB08F090FBF1F001041BD0B9F8D5
:101BF0000810B9F80E3001F1010EB9F80A101FFAF9
:101C00008EF2023B01319BB212FA80F082B213FADB
:101C100081F6101A1FFA86FA18BF0120B24508BFD4
:101C2000002800F0958099F83000E0B399ED060A9D
:101C30000DF1040ABDEEC00A10EE102A86A150462E
:101C4000F6F752FC0026B8F1320F87B2B8BF4FF05A
:101C5000FF3647B3B9F80E00B9F80A100C3800EB9C
:101C6000D070B9F80840B9F80C5001EB5008504654
:101C7000F6F7B5FD00EB4000400080B2281A00EBFB
:101C8000D07004EB5004AAF101051FFA88F8B6B22F
:101C900015F8012FA0B241463346FAF7DFF9013FAC
:101CA00004F10604F4D199F82800F8B9F6F77EFBA0
:101CB00048F25761C4F26F41A0FB0112811A02EB96
:101CC00051018909652201FB120080B200EE100A61
:101CD000D9F81C00B8EE400AC9F814000020C9F871
:101CE0002000012089ED060A89F8280047F6DC501B
:101CF000C2F2000000681FFA80FABAF1000F1DD08E
:101D000041F259710020CDF2B71142F210725346E0
:101D10000A2B814641D3642B42D3B3F57A7F44D357
:101D2000A3FB010709F1040093424FEA5733EFD2B6
:101D3000010600F08E8049F003093AE00A203221C2
:101D400030224FF6FF7303B0BDE8F04FFAF786B9C3
:101D50004FF48E7C012604E0013188B250453FF6F5
:101D600062AF88B24B28F7D800FB0CF4704603E052
:101D7000013083B29342EFD887B2BF08462FF7D81D
:101D800014FA80F7FB0807F007071BF8035006FA60
:101D900007F73D430BF80350EAE749F0010008E07C
:101DA00049F0020049F0010903E049F0030049F05D
:101DB000020949F69A1400265FFA89FBC1F69914C4
:101DC0000A255FFA80F842F2107718E00121BAFB89
:101DD000F1F100EB4000A1FB042303EB8302A1EB34
:101DE000420141F0300105EB4000CAB232214FF60A
:101DF000FF73FAF733F90136F0B2404529D2F0B259
:101E00008345E3D0A6EB0901C9B2A446FC29A9EB9E
:101E1000060201D9012109E002F0FC03002401219E
:101E20000434E5B29D4207FB01F1F9D112F003023F
:101E300064464FF00A05CAD0012A03D101EB8101A3
:101E40004900C4E7022A4FF47A7208BF6422514362
:101E5000BDE703B0BDE8F08F256425250000000034
:101E600003C844F64E42C0F24302000A82EA11223D
:101E700040EA016042F62B31C4F2437148401043FE
:101E8000B0FA80F04009704710B502F010FCD0F8AD
:101E900008E0BEF1000F25D0714651F828CF44F676
:101EA0004E424B68C0F2430282EA13244FEA1C22DE
:101EB00042EA036242F62B33C4F243735A40224390
:101EC0000CD1DEF82420013ACEF8242008D1DEF827
:101ED000202082600020CEF8200001E000228260F5
:101EE000084610BD02F088FB42F24C6CC2F2000CB6
:101EF0000022CCE981220378027A43EA0221053BE1
:101F000013F1020FACF8D41104D3002A1CBF012135
:101F10008CF80412017C027E41EA0223053911F19A
:101F2000020FACF8D63104D3002A1CBF01218CF873
:101F3000041290F8201090F8282041EA0223053975
:101F400011F1020FACF8D83104D3002A1CBF0121D3
:101F50008CF804124178427A41EA0223053911F1E2
:101F6000020FACF8DA3104D3002A1CBF01218CF82F
:101F70000512417C427E41EA0223053911F1020F2C
:101F8000ACF8DC3104D3002A1CBF01218CF8051207
:101F900090F8211090F8292041EA0223053911F127
:101FA000020FACF8DE3104D3002A1CBF01218CF8EB
:101FB00005128178827A41EA0223053911F1020F74
:101FC000ACF8E03104D3002A1CBF01218CF80612C2
:101FD000817C827E41EA0223053911F1020FACF8BF
:101FE000E23104D3002A1CBF01218CF8061290F8BC
:101FF000221090F82A2041EA0223053911F1020F3C
:10200000ACF8E43104D3002A1CBF01218CF806127D
:10201000C178C27A41EA0223053911F1020FACF806
:10202000E63104D3002A1CBF01218CF80712C17CC1
:10203000C27E41EA0223053911F1020FACF8E83102
:1020400004D3002A1CBF01218CF8071290F823103A
:1020500090F82B2041EA0223053911F1020FACF868
:10206000EA3104D3002A1CBF01218CF80712017940
:10207000027B41EA0223053911F1020FACF8EC3181
:1020800004D3002A1CBF01218CF80812017D027FB5
:1020900041EA0223053911F1020FACF8EE3104D305
:1020A000002A1CBF01218CF8081290F8241090F827
:1020B0002C2041EA0223053911F1020FACF8F0316E
:1020C00004D3002A1CBF01218CF808124179427BFD
:1020D00041EA0223053911F1020FACF8F23104D3C1
:1020E000002A1CBF01218CF80912417D427F41EA80
:1020F0000223053911F1020FACF8F43104D3002AA0
:102100001CBF01218CF8091290F8251090F82D20A1
:1021100041EA0223053911F1020FACF8F63104D37C
:10212000002A1CBF01218CF809128179827B41EAC7
:102130000223053911F1020FACF8F83104D3002A5B
:102140001CBF01218CF80A12817D827F41EA0223A3
:10215000053911F1020FACF8FA3104D3002A1CBF83
:1021600001218CF80A1290F8261090F82E2041EAEE
:102170000223053911F1020FACF8FC3104D3002A17
:102180001CBF01218CF80A12C179C27B41EA0223EB
:10219000053911F1020FACF8FE3104D3002A1CBF3F
:1021A00001218CF80B12C17DC27F41EA022305395F
:1021B00011F1020FACF8003204D3002A1CBF012138
:1021C0008CF80B1290F8271090F82F0041EA0022AB
:1021D000053911F1020FACF8022238BF7047002810
:1021E0001CBF01208CF80B027047000043F25C32E8
:1021F0008168C0F602020832026039B110B50446A7
:102200000846F6F73DF92046BDE810400C2102F0E3
:102210000ABA000043F25C328168C0F6020208325A
:102220000029026008BF704710B504460846F6F75B
:1022300027F92046BDE810407047000042F24C6C80
:10224000C2F2000C9CF800104FF44C52022947F6E1
:10225000EC51C2F20001D1F8243304BF41F2001264
:10226000C0F2330293421EBFC1F82423012281F839
:1022700020239CF83C2041F20010022AD1F82823A8
:102280004FF44C53C0F2330008BF03469A421EBFBE
:10229000C1F82833012281F820239CF87820D1F856
:1022A0002C33022A4FF44C5208BF024693421EBF01
:1022B000C1F82C23012281F820239CF8B4204FF48C
:1022C0004C53022AD1F8302308BF03469A421EBF5E
:1022D000C1F83033012281F820239CF8F020D1F896
:1022E0003433022A4FF44C5208BF024693421EBFB9
:1022F000C1F83423012281F820239CF82C214FF4CB
:102300004C53022AD1F8382308BF03469A421EBF15
:10231000C1F83833012281F820239CF86821022A71
:1023200018BF4FF44C50D1F83C2382421EBFC1F875
:102330003C03012081F8200370470000F0B59FB0F6
:10234000017803396A2900F21587DFE811F06B0084
:102350001307130713072A014302A5014D016B025E
:1023600013073F039D0365016C031307130713074E
:10237000130713071307130713071307130713078D
:10238000130713071307130713071307130713077D
:10239000130713071307130713071307130713076D
:1023A000130713071307130713071307A900920155
:1023B000FB0013071307130713071307130713076C
:1023C000130713071307130713071307130713073D
:1023D000130713071307130713071307130713072D
:1023E000130713071307130713071307130713071D
:1023F000130713071307130713071307130713070D
:1024000013071307130713071307130713071307FC
:10241000860013074B031307650313079C04130778
:10242000BE03760041F64804C2F20004E01C3D21E0
:10243000F6F7BAFC032000F03FBC40F6D434C2F2F9
:10244000000420464FF48061F6F7D0FC4FF4723060
:1024500021464FF4806200F024BC40F6EC70C2F2DA
:102460000000007841F6BC1441F6C416C007C2F261
:102470000004C2F20006BFF35F8F00F07D8624786F
:102480003088002C18BF40F2FE74002800F05384FE
:10249000A04211BF074600273780044600F04CBC1D
:1024A0004188012940F0E58340680078002840F029
:1024B000E98042F24C61C2F2000191ED010ABDEEE9
:1024C000C00A10EE100A42BA41F6C810C2F200006B
:1024D000028091ED100ABDEEC00A10EE102A52BA29
:1024E000428091ED1F0ABDEEC00A10EE102A52BACA
:1024F000828091ED2E0ABDEEC00A10EE102A52BA6B
:10250000C28091ED3D0ABDEEC00A10EE102A52BA0B
:10251000028191ED4C0ABDEEC00A10EE102A52BAAB
:10252000428191ED5B0A0490BDEEC00A10EE101AD4
:1025300049BA818101218DF80C100E21ADF80E10E1
:1025400000F0F2BD4188012940F093834068007893
:10255000002840F0978042F24C60C2F2000041F641
:10256000C81190F82020C2F200010A7090F81021E2
:1025700090F85C3090F8987090F8D4600A7190F8F8
:102580004C2190F888014B70887101208DF80C0067
:1025900007208F70CE704A71ADF80E00049100F0E4
:1025A000C3BD41F64804C2F2000404F1080038211A
:1025B000F6F71CFC012020704FF4A060A4F8010085
:1025C00043F29430C2F2000042F6306190F80C23DE
:1025D000C2F63161C4F80310032A4FF03301E171F0
:1025E00000F0778300F0C6BD43F6044440F22310A8
:1025F000C4F20204C4F26750206048F6AB10CCF677
:10260000EF5020604CF20000C0F6030002F01EFC08
:10261000E06840F08000E06041F64805C2F2000545
:10262000E81C3D21F6F7C0FB43F29430C2F20000F3
:1026300090F80C130124002203292C70A5F8012026
:1026400010D18168496A91F837215AB1002281F886
:10265000372141F648020430C2F2000281214023B2
:1026600006F0E8FD43F28F30C2F2000004701FB0A4
:10267000F0BD4188012940F0FC82406800780028C4
:1026800000F02C8502208DF80C000020CDF81200FF
:10269000CDF80E0000F04BBD4288110400F0848399
:1026A00091B2D0F804C002F0030E04294FF00002EA
:1026B0004BD321F0030142F24C654B42ACF10306CF
:1026C000C2F2000502240021F7780439C7EB07178E
:1026D00005EB870005F82740476880F82020C0F800
:1026E0001A70C0F81670427516F8040F8B42C0EBD2
:1026F000001005EB800705F82040786887F8202057
:10270000C7F81A00C7F816007A757078C0EB001089
:1027100005EB800705F82040786887F82020C7F887
:102720001A00C7F816007A75B078C0EB001005EBF8
:10273000800705F82040786887F82020C7F81A003D
:10274000C7F816007A75BFD14A42BEF1000F00F0FB
:10275000AA821CF8020042F24C61C0EB0010C2F2E7
:102760000001022701EB800401F82070606800235B
:10277000BEF1010FC4F81A00C4F8160084F8203026
:10278000637500F0908262445078BEF1020FC0EB96
:10279000001001EB800601F82070706886F8203088
:1027A000C6F81A00C6F81600737500F07C8290789F
:1027B0000223C0EB001001EB800201F820305068CA
:1027C000C2F81A00C2F81600002082F8200002F1B8
:1027D000150046E341F64804C2F2000404F10C007F
:1027E0003421F6F703FB012020704FF41060A4F8A9
:1027F000010046F24D50C7F26F70C4F8030043F277
:102800009430C2F2000046F2701190F80C23C5F229
:102810006461C4F80710032A4FF03301E17240F0FD
:10282000A98456E24088012840F0238242F24C609D
:10283000C2F20000418809BA0A0C41F6C811C2F27E
:1028400000010A8090ED010ABDEEC00A10EE102AC8
:1028500052BA4A8090ED020ABDEEC00A10EE102A6C
:102860000A7102784A71C28F12BA120CCA8090EDB6
:10287000100ABDEEC00A10EE102A52BA0A8190ED7D
:10288000110ABDEEC00A10EE102A8A7290F83C20A0
:10289000CA72B0F87A2012BA120C8A8190ED1F0A1F
:1028A000BDEEC00A10EE102A52BACA8190ED200A7D
:1028B000BDEEC00A10EE102A0A7490F878204A740F
:1028C000B0F8B62012BA120C4A8290ED2E0ABDEE74
:1028D000C00A10EE102A52BA8A8290ED2F0ABDEE7D
:1028E000C00A10EE102A8A7590F8B420CA75B0F8A4
:1028F000F22012BA120C0A8390ED3D0ABDEEC00A16
:1029000010EE102A52BA4A8390ED3E0ABDEEC00A7C
:1029100010EE102A0A7790F8F0204A77B0F82E21AE
:1029200012BA120CCA8390ED4C0ABDEEC00A10EE2A
:10293000102A52BA0A8490ED4D0ABDEEC00A10EE7C
:10294000102A81F8222090F82C2181F82320B0F859
:102950006A2112BA120C8A8490ED5B0ABDEEC00A9D
:1029600010EE102A52BACA8490ED5C0ABDEEC00A7D
:1029700010EE102A81F8282090F8682181F829208B
:102980002422C4F20002126812BA120C4A850022F4
:102990008A8590F8A43190F8FF0181F82F3081F8F2
:1029A0002E0041F64800C2F20000C0F83320C0F803
:1029B0003720C0F83B2080F83F20012202704FF4FE
:1029C0004052A0F801200330302246E14288002A1C
:1029D00000F04A824168042A02F0030080F0D882A5
:1029E000002318E341684288064603A800F002FE6F
:1029F000002800F0818241F64805C2F20005044635
:102A0000281D3C21F6F7F2F9022028704FF480705F
:102A1000A5F80100EC709DE240F2D431C2F2000151
:102A20004FF474303BE140F29400C2F200000578AC
:102A300040F27420C2F20000047842F24C60C2F20C
:102A40000000417D002900F05A8190F851100029C2
:102A500000F0558190F88D10002900F0508190F819
:102A6000C910002900F04B8190F80511002900F0F1
:102A7000468190F84111002900F0418190F87D6174
:102A8000002E18BF01263BE141F64804C2F20004C3
:102A9000E01C3D21F6F788F9012042F24C612070DC
:102AA0000020C2F20001A4F80100487581F851002D
:102AB00081F88D0081F8C90081F8050181F8410194
:102AC00081F87D0181F8A801C9E04088012840F023
:102AD000D08042F24C60C2F2000050F8163F50F82D
:102AE000782F50F83C7D50F8381C00EE101ABDEEDF
:102AF000C00A10EE101A4EBA41F6C81100EE103A94
:102B0000C2F20001BDEEC00A0E8010EE103A30F89D
:102B1000346C5BBA4B8033BA46681B0C00EE106A0B
:102B2000BDEEC00A8B8010EE103A00EE107A5BBA50
:102B3000BDEEC00ACB8010EE103A07895BBA0B815C
:102B40003BBA076C1B0C00EE107ABDEEC00A4B813D
:102B500010EE103A00EE102A5BBABDEEC00A8B816F
:102B600010EE102AB0F8443052BACA811ABAC36FB4
:102B7000120C00EE103A836FBDEEC00A0A8210EE0E
:102B8000102A00EE103A50F8B43F52BA4A8250F878
:102B90003C2FBDEEC00A10EE107A30F8706C7FBA90
:102BA0008F8237BA50F8386C3F0C00EE106ABDEED9
:102BB000C00ACF8210EE107A00EE103A7FBABDEE56
:102BC000C00A0F8310EE103A30F8347C5BBA4B83A6
:102BD0003BBA47681B0C00EE107ABDEEC00A8B832F
:102BE00010EE103A00EE102A5BBABDEEC00ACB839D
:102BF00010EE102A038952BA0A841ABA036C120C16
:102C000000EE103AC36BBDEEC00AB0F844004A842F
:102C100010EE102A00EE103A52BABDEEC00A00BA09
:102C20008A8410EE102A000C52BA088541F648003A
:102C3000CA84C2F200000022C0F82D20C0F8312062
:102C4000C0F83520C0F83920C263012202704FF469
:102C50002852A0F8012003302A22F6F7A5FE43F2FD
:102C60009430C2F2000090F80C13032940F08282E5
:102C70002FE041F64804C2F20004E01C3D21F6F7C3
:102C800093F8022018E040F2D434C2F20004204647
:102C90004FF40061F6F7AAF84FF4743021464FF470
:102CA0000062FAF7FDFE41F64804C2F20004E01C9F
:102CB0003D21F6F779F80120207043F29430C2F2FA
:102CC000000090F80C1300220329A4F8012040F022
:102CD000518281684F6A97F83711002900F04A82C3
:102CE000002641F648020430C2F20002812140234E
:102CF00087F837611FB0BDE8F04006F09BBA0026A8
:102D000041F64807C2F20007B81D3A21F6F74CF821
:102D1000012038704FF44070A7F8010043F294305E
:102D2000C2F2000090F80C13FD7003293C717E7113
:102D300040F02082CDE7002741F64805C2F20005A9
:102D400028464021F6F752F83D2C16D841F6B81027
:102D5000C2F200000078002818BF6420287020020A
:102D6000002CA5F8010000F0A28141F6C010C2F2CB
:102D700000000168E81C2246F0E1002F00F0998174
:102D800007F14005A54280F0DA8141F6C010C2F299
:102D9000000000684022C11941F64800C2F200005C
:102DA000F6F719FF2C46DBE142F24C60C2F200005C
:102DB000022101704268036CC76FC0F81A20C0F886
:102DC0001620002280F82020427580F83C10C0F8C0
:102DD0005630C0F8523080F85C2080F8512080F8DE
:102DE0007810C0F89270C0F88E7080F8982080F843
:102DF0008D2080F8B410D0F8B830D0F8B870C0F892
:102E0000CE30C0F8CA7080F8D42080F8C92080F88D
:102E1000F010D0F8F430D0F8F470C0F80A31C0F8EF
:102E2000067180F8102180F8052180F82C11D0F867
:102E30003031D0F83071C0F84631C0F8427180F8B6
:102E40004C2180F8412180F86811D0F86C11D0F83D
:102E50006C31C0F88211C0F87E3180F8882100F210
:102E60007D10002101701EE742F24C60C2F20000AA
:102E7000C16A91ED000A816EBDEEC00A10EE102A03
:102E8000C28391ED000AD0F8A410BDEEC00A10EE86
:102E9000102AA0F85A2091ED000AD0F8E010BDEEFB
:102EA000C00A10EE102AA0F8962091ED000AD0F882
:102EB0001C21BDEEC00A10EE101AA0F8D21092ED3F
:102EC000000AD0F85821BDEEC00A10EE101AA0F882
:102ED0000E1192ED000AD0F89421BDEEC00A10EE5A
:102EE000101AA0F84A1192ED000ABDEEC00A10EEC9
:102EF000101AA0F88611BFE040F2D434C2F20004E8
:102F000020464FF40061F5F771FF00200125CDF850
:102F10000600CDF8020068468DF8005000F01CFD58
:102F2000728850BA20801AB17168A01CF6F753FE5F
:102F300041F65C20C2F2000003A97022F5F702FFFF
:102F400040F29400C2F20000057043F28E30C2F2EB
:102F50000000057043F29430C2F2000090F80C13A8
:102F6000032940F007818168496A91F83721002AD6
:102F700000F00081002281F8372141F64802043038
:102F8000C2F200028121402306F054F91FB0F0BDC7
:102F900022F0030242F24C675242CE1E0023C2F2DC
:102FA000000700BFF578043BC5EB051507EB850569
:102FB000EC6A9A4294ED000ABDEEC00A10EE104A87
:102FC000EC8316F8045FC5EB051507EB8505EC6A85
:102FD00094ED000ABDEEC00A10EE104AEC8375783D
:102FE000C5EB051507EB8505EC6A94ED000ABDEE0F
:102FF000C00A10EE104AEC83B578C5EB051507EB57
:103000008505EC6A94ED000ABDEEC00A10EE104A88
:10301000EC83C7D15B4278B3CA5C0128C2EB0217CC
:1030200042F24C62C2F2000202EB8707FE6A96EDA2
:10303000000ABDEEC00A10EE106AFE831CD01944CF
:103040004B780228C3EB031302EB8303DF6A97ED8F
:10305000000ABDEEC00A10EE107ADF830CD088782B
:10306000C0EB001002EB8000C16A91ED000ABDEEDA
:10307000C00A10EE101AC18343F2913041F64805A0
:10308000C2F200000124C2F200050470E81C3D21D8
:10309000F5F78AFE43F29430C2F2000090F80C1368
:1030A000002203292C70A5F8012063D111E6002429
:1030B00056E041F6B810C2F20000007841F6C011A7
:1030C000002818BF6420C2F20001287060BA0968A5
:1030D000A5F80100E81C3D223D243FE042F24C608F
:1030E000C2F20000017841F6C812C2F2000211706B
:1030F00090F83C10517090F87810917090F8B410DE
:10310000D17090F8F010117190F82C11517190F865
:103110006811917190F8A4010492D07101208DF88A
:103120000C000820ADF80E000020ADF8140003A834
:1031300000F012FC1FB0BDE8F04001F013BEBC422D
:1031400001D13C460CE041F6C010C2F2000000681C
:10315000E21BC11941F64800C2F20000F6F73BFD40
:1031600043F29430C2F2000090F80C13348003292B
:103170003FF4AFAD1FB0F0BD40F6EC70C2F20000FE
:1031800005F046FE00283FF47AA941F6B810C2F2D5
:1031900000000121017040F2D4302170C2F2000021
:1031A00041F6C0110230C2F20001086000203080F8
:1031B00040F6EC70C2F2000005F040FEFFF75FB988
:1031C00042F2C85CC2F2000CDCF83820DCF81400D3
:1031D00092ED000A90ED001ADCF85C1021EE000A76
:1031E00081ED000A92ED011A90ED012ADCF86830B9
:1031F00022EE011A81ED011A92ED021A90ED022AD7
:1032000022EE011A81ED021A92ED031A90ED032AC3
:1032100022EE011A81ED031A92ED041A90ED042AB0
:1032200022EE011A81ED041A92ED051A90ED052A9D
:1032300022EE011A81ED051A92ED061A90ED062A8A
:10324000DCF8440022EE011A81ED061A92ED001A14
:1032500090ED002A21EE000A32EE000A83ED000A0A
:1032600091ED011A92ED012A90ED013A22EE011A38
:1032700033EE011A83ED011A91ED021A92ED022A42
:1032800090ED023A22EE011A33EE011A83ED021A92
:1032900091ED031A92ED032A90ED033A22EE011A02
:1032A00033EE011A83ED031A91ED041A92ED042A0C
:1032B00090ED043A22EE011A33EE011A83ED041A5E
:1032C00091ED051A92ED052A90ED053A22EE011ACC
:1032D00033EE011A83ED051A91ED061A92ED062AD6
:1032E00090ED063A22EE011A33EE011A83ED061A2A
:1032F00091ED001ADCF8502081EE000ADCF8740031
:1033000082ED000A91ED011A93ED012A81EE021A75
:1033100082ED011A91ED021A93ED022A81EE021A52
:1033200082ED021A91ED031A93ED032A81EE021A3F
:1033300082ED031A91ED041A93ED042A81EE021A2C
:1033400082ED041A91ED051A93ED052A81EE021A19
:1033500082ED051A91ED061A93ED062ADCF8083085
:1033600081EE021ADCF8381082ED061A91ED002A7F
:1033700093ED003A90ED001A23EE022A31EE421A44
:1033800021EE000A30EE030A83ED000A93ED014AB4
:1033900091ED011A90ED012A92ED010A24EE011A35
:1033A00032EE411A21EE000A30EE040A83ED010AE2
:1033B00093ED025A91ED021A90ED022A92ED020A63
:1033C00025EE011A32EE411A21EE000A30EE050A0E
:1033D00083ED020A93ED030A91ED032A90ED033A7F
:1033E00092ED031A20EE022A33EE422A22EE011A4F
:1033F00031EE000A83ED030A93ED040A91ED042AED
:1034000090ED043A92ED041A20EE022A33EE422A9D
:1034100022EE011A31EE000A83ED040A93ED050A4B
:1034200091ED052A90ED053A92ED051A20EE022A5B
:1034300033EE422A22EE011A31EE000A83ED050A2C
:1034400093ED060A91ED062A90ED063A92ED061AE2
:1034500020EE022A33EE422A22EE011A31EE000A51
:1034600083ED060ADCF85030DCF88000DCF814202C
:1034700093ED000A91ED001A90ED002A21EE000A6A
:1034800092ED001A32EE400A21EE000A82ED000AA7
:1034900093ED010A91ED011A90ED014A92ED012A96
:1034A00021EE000A34EE400A22EE000A82ED010A03
:1034B00093ED020A91ED021A90ED022A92ED023A82
:1034C00021EE000A32EE400A23EE000A82ED020AE3
:1034D00093ED030A91ED031A90ED032A21EE000A01
:1034E00092ED031A32EE400A21EE000ADCF83810A1
:1034F00082ED030A93ED040A91ED041A90ED042A7B
:1035000021EE000A92ED041A32EE400A21EE000A82
:1035100082ED040A93ED050A91ED051A90ED052A56
:1035200021EE000A92ED051A32EE400A21EE000A61
:1035300082ED050A93ED060A91ED061A90ED062A32
:1035400021EE000A92ED061A32EE400A21EE000A40
:1035500082ED060A70470000B0B5044643F25C31C4
:10356000D0F88000C0F6020101F108050028A56727
:1035700018BFF4F785FF606FE566002818BFF4F701
:103580007FFFA06E2566002818BFF4F779FFE06D75
:103590006565002818BFF4F773FF206DA564002847
:1035A00018BFF4F76DFF606CE563002818BFF4F7EF
:1035B00067FFA06B2563002818BFF4F761FFE06A7E
:1035C0006562002818BFF4F75BFF206AA561002838
:1035D00018BFF4F755FF6069E560002818BFF4F7DD
:1035E0004FFFA0682560002818BFF4F749FF204668
:1035F000B0BD00002DE9F04FD7B010AF0E468246A7
:1036000007F108004FF488711546F5F7EFFB4BF210
:103610000F00ADF84C0007F11000062144904FF068
:10362000FF308DF85010CDE94C00CDE94E00CDE9CA
:103630005000CDE9520006A93846CDE91065F7F7EC
:10364000EBFF10B157B0BDE8F08F9DF818000528CA
:1036500040F06E810AF161000AF123064FF0000884
:103660000DF1400B06AC059058462146F7F7D4FF04
:103670000028E7D1DDE90C70022847D3012848D0A3
:10368000032855D0022840F05781388847F26B3123
:10369000884265D0388846F66B51884200F0C48075
:1036A000388846F67371884200F0CE80388847F239
:1036B0006821884200F01281388847F26B01884205
:1036C00000F01581388846F26131884200F0188197
:1036D000388846F26861884200F01B81388846F2DB
:1036E0006D21884200F01A81388846F66C51884274
:1036F00000F01981388847F27341884240F01C81FC
:10370000BDF82000AAF86C000AE000BF012840F0D4
:1037100013813878632840F00F810898CAF85C005C
:1037200008F10108B8F10D0F4FF000009CD189E7B6
:10373000384687A10322F5F726F860B1384685A1FF
:103740000322F5F720F8002840F0F680BDF82000AD
:10375000AAF85400E4E79DF820008AF86000DFE74B
:103760000025019658462146F7F756FF00287FF4BA
:1037700069AF9DF81800052840F0E68005EB850745
:103780000AEB0700011DA1465C462E460291C51CAE
:10379000811C01304FF0050B0391049006E09DF869
:1037A00020000AF80700BBF1010B35D0204649463E
:1037B000F7F732FF00287FF445AFDDE90C0102295D
:1037C0000CD0012940F0BC8001787029E7D0017845
:1037D00072290DD19DF8200004991BE0008846F263
:1037E0007241884240F0AC809DF820002870DAE7F2
:1037F0000178642903D19DF8200003990AE000783C
:10380000652840F09D809DF8180002991538B0FA9F
:1038100080F040090870C6E73546751C019E072DEB
:10382000A3464C469ED17BE7002500BF5846214663
:10383000F7F7F2FE00287FF405AF9DF820007055E1
:103840000135302DF2D16BE700274FF000090AE077
:103850009DF8200002370A2F09F10109A34606ACA2
:1038600028703FF45DAF58462146F7F7D5FE002893
:103870007FF4E8AE9DF81800052865D1584621462A
:10388000F7F7CAFE00287FF4DDAE0D98012857D166
:10389000059A0C9802EB49015C4601F1010B017895
:1038A000D5193129294603D000785946322847D105
:1038B0009DF820000870204606A9F7F7ADFE002805
:1038C0007FF4C0AE0D9801283AD10C9801783129C7
:1038D000BED000785D463228BAD031E09DF818009D
:1038E0001538B0FA80F040098AF8560018E79DF8BC
:1038F00018001538B0FA80F040098AF857000FE731
:103900009DF818001538B0FA80F040098AF8580080
:1039100006E79DF820008AF8590001E79DF820008D
:103920008AF85A00FCE69DF820008AF86B00F7E65A
:10393000012057B0BDE8F08F042057B0BDE8F08FEC
:10394000072057B0BDE8F08F062057B0BDE8F08FD4
:10395000737063006A657400B0B541F64805C2F241
:103960000005044628464021F5F740FA60883D28C6
:103970000DD800022178A5F8010062882970CAB12B
:103980006168E81CF6F727F960882081B0BD2189BD
:1039900099B101F1400282421DD260684022014487
:1039A00041F64800C2F20000F6F715F920894030D0
:1039B0002081B0BD00202081B0BD217840BA29709F
:1039C0006168A5F80100E81C3D22F6F704F920899A
:1039D0003D302081B0BD8842D7D06368421A41F69D
:1039E00048001944C2F20000CCE70000017890EDD5
:1039F000010A022900F1160140D14A6801EE102A9D
:103A0000B4EE410AF1EE10FA04DD90ED011A11EE68
:103A1000102A4A6090ED012A0A6800EE102AB4EEDE
:103A2000402AF1EE10FA04DA90ED010A10EE102AA5
:103A30000A609FED772A002130EE022AB4EE412A77
:103A4000F1EE10FA18DA9FED741AB4EE410AF1EEB5
:103A500010FA11DD816B01318163816BB1F5FA5F81
:103A60009CBF0020704743F29132C2F200021178ED
:103A700000294FF0000165D00846704790ED031A09
:103A8000496830EE413A9FED620A02EE101A32EEBA
:103A9000411A23EE002A82EE011A80ED021A90EDFF
:103AA000021AB4EE401AF1EE10FAB8BF90ED020A15
:103AB00080ED020A90ED020AB5EE400AF1EE10FA2E
:103AC000CCBF90ED020A9FED530A80ED020A90F8F8
:103AD0002010002904BF0021816090ED020A90F8B7
:103AE0002510BDEEC00A90F83030002910EE101AF3
:103AF0000DD084461CF8342FB3B190F82230D21A7E
:103B00008A421DDA9CF800208A4242D943E090F8AC
:103B1000232063B384468A4231D91CF8342F053AF6
:103B20008A4251DB00224BE090F821301A448A424D
:103B30002CD99CF800208A4288BF8CF800102AE01B
:103B4000002324E0012380F8203080ED030A437530
:103B50000370816341F6DC20C2F20000017047F679
:103B6000D450C2F2000001600846137070478A42C8
:103B700048D984461CF8342F8A4223D824E01CF804
:103B8000342F8A4298BF8CF800101DE0012380F882
:103B900030308CF8001090F823208A4282BF002237
:103BA00080F8302080F83410027D22B190F8352062
:103BB0008A4204D308E090F824208A4204D20122E9
:103BC00080F830208CF80010017890F8302012B185
:103BD000002242860AE0428E438A9A4203D2428EF3
:103BE0000132428603E000224286012202700278FE
:103BF000407D891A18BF0121002818BF012001400B
:103C000008467047012280F8302000F1340CD9E7D3
:103C1000000048430000000000803B4510B504460A
:103C200090F81C0301280CD1D4F80C03804728B16C
:103C3000D4F8181304A08847204610BD002084F84B
:103C40001C03204610BD00BF777332383132623A10
:103C500020737069206465696E6974206661696C9F
:103C600065642E0A000000002DE9F04F82B042F298
:103C70004C64C2F20004002142F2C85284F81312CC
:103C800084F80E1284F80F1284F81212C2F20002A5
:103C9000D2F808E0D2F874B0002800F0098143F2AD
:103CA0005431C0F6020101F1010C41F65C21CDF85E
:103CB00004B04EF2C40BC2F2000100F10B074FF644
:103CC00098609FED780A9FED781A9FED782AA146BB
:103CD000CDF800E0C0F2FF0B01F1040ECFF6FF704B
:103CE0006FF4FA5A0DE000BF11F480311CBF0121BE
:103CF00082F8B91106F10E0778300CF1020C0EF1C2
:103D00000A0E17F8011C37F8032C42EA01461AFA8A
:103D100086F121F07F4159455CD3A7F10B01096879
:103D200057F8075C03EE101A04EE105A33EE005AEF
:103D3000B4EE445AB2B2F1EE10FAC8BF1646B4EE71
:103D4000414AF1EE10FAC8BF1646B4EE423AF1EE1F
:103D500010FA1CF8013CB8BF1646019A02EB830426
:103D6000009A02EB830309EB0002C2E964349EF877
:103D700000405EF8043C04F0010482F88D411C0C04
:103D800082F88B411C0A82F88A41C6F3004482F80B
:103D900088416FF03704A4EB1364C2F87E11C2F8B7
:103DA0007411E1B2BF29C2F8825182F8893182F8D8
:103DB0008C41A2F8866182F89D4105D3190E6FF0FF
:103DC0004103591A82F89D1116F480311CBF01215C
:103DD00082F87D11002800F0D28107F10806B17841
:103DE000328842EA01411AFA81F222F07F425A45B2
:103DF000FFF480AFD7F800807D6803EE108A04EEF0
:103E0000105A33EE005AB4EE445A8AB2F1EE10FA68
:103E1000C8BF1146B4EE414AF1EE10FAC8BF1146D0
:103E2000B4EE423AF1EE10FA9CF80030B8BF1146F9
:103E3000019A02EB8304009A02EB830309EB000270
:103E4000C2E973349EF80540DEF8013004F0010445
:103E500082F8C9411C0C82F8C7411C0A82F8C6418D
:103E6000C1F3004482F8C4416FF03704A4EB13643B
:103E7000C2F8BE51E5B2BF2DC2F8BA81C2F8B08116
:103E800082F8C53182F8C841A2F8C21182F8D9413E
:103E9000FFF42AAF1B0E6FF04104E31A82F8D93108
:103EA00022E700BF0000484300606A4600803B45AF
:103EB00041F65C2AC2F2000ADAF800706FF0370CA3
:103EC0003E0A9AF804303D0C84F82260ACEB176689
:103ED00040F2000984F82350F5B2C4F27A6903F085
:103EE00001034FF48058BF2DC4E90AEB84F8253054
:103EF00084F8217084F82460C4F81A10C4F816906D
:103F0000A4F81E8084F82010C4F80C9084F8356062
:103F100005D3390E6FF04107791A84F83510002166
:103F20006175DAF805709AF80930380C03F001036E
:103F300084F85F00ACEB176084F86130C3B20BF11A
:103F400004060EF104053A0ABF2BC4E9195684F899
:103F50005D7084F85E2084F86000C4F85610C4F8E0
:103F60005290A4F85A8084F85C10C4F8489084F801
:103F7000710005D3380E6FF04103181A84F87100F0
:103F800084F851109AF80E600BF108000EF1080346
:103F9000DAF80A70C4E9283006F0010084F89D00C0
:103FA000ACEB1760C6B23D0A3A0CBF2E84F89B20DA
:103FB00084F8997084F89A5084F89C00C4F89210A0
:103FC000C4F88E90A4F8968084F89810C4F8849071
:103FD00084F8AD0005D3380E6FF04101081A84F85B
:103FE000AD00002184F88D109AF813500BF10C00ED
:103FF0000EF10C06DAF80F70C4E9376005F0010025
:104000003B0A84F8D900ACEB176084F8D630C3B211
:104010003A0CBF2B84F8D72084F8D57084F8D800E8
:10402000C4F8CE10C4F8CA90A4F8D28084F8D41092
:10403000C4F8C09084F8E90005D3380E6FF041034E
:10404000181A84F8E90084F8C9109AF818600BF17E
:1040500010000EF11003DAF81470C4E9463006F0CF
:10406000010084F81501ACEB1760C6B23D0A3A0CAA
:10407000BF2E84F8132184F8117184F8125184F84A
:104080001401C4F80A11C4F80691A4F80E8184F84A
:104090001011C4F8FC9084F8250105D3380E6FF098
:1040A0004101081A84F82501002184F805119AF8C5
:1040B0001D500BF114000EF11406DAF81970C4E962
:1040C000556005F001003B0A84F85101ACEB176024
:1040D00084F84E31C3B23A0CBF2B84F84F2184F8D8
:1040E0004D7184F85001C4F84611C4F84291A4F807
:1040F0004A8184F84C11C4F8389184F8610105D3E1
:10410000380E6FF04103181A84F8610184F84111E8
:104110009AF822200BF118000EF11807DAF81E3079
:10412000C4E9647002F0010084F88D016FF037007B
:10413000A0EB1360C2B21E0A1D0C4FF48057BF2AB9
:1041400084F88B5184F8893184F88A6184F88C0171
:10415000C4F88211C4F87E91A4F8867184F888119D
:10416000C4F8749184F89D0105D3180E6FF04101D5
:10417000081A84F89D010020A14684F87D0140F6CC
:104180000000C4F202004FF48061C9E96B01012014
:1041900089F8A801A9F8A90102B0BDE8F08F0000D4
:1041A0004FF0FF3252FA80F0032800F27780DFE808
:1041B00000F00267294042F24C60C2F200006FF04A
:1041C000E20390F8132253FA81F3B3FA83F3002A3F
:1041D0004FEA531318BF01221A4240F05F800A06CB
:1041E00000F05C8001F0F802E02A40F058802031B5
:1041F000C9B290F8C121012303FA01F1114380F8FB
:10420000C1117047481EC1B2022900F2478042F234
:104210004C62C00040F20121C2F20002C0B2C0F202
:10422000040192F8B93121FA00F0184382F8B9017B
:1042300070476FF0B40050FA81F1352900F22E80FA
:104240000120DFE801F04E1B492B2B2B2B2B2B2BB6
:104250002B2B2B2B2B2B2B2B2B2B2B2B2B2B4B2B8E
:104260002B2B2B2B2B2B2B2B2B2B2B2B2B2B2B2B9E
:104270002B2B2B4D2B2B2B2B2B2B4547022030E0B0
:10428000C8B2022818BF704742F24C60C2F2000068
:1042900090F8131281F0010180F8131270470A1F81
:1042A000D2B2612AFAD8D0F8D021092AF6D822B39E
:1042B00090F8C3315FFA81FC6345EFD0012A1CD02E
:1042C00090F8C431634516D101239342E6D314E03C
:1042D000202006E0402004E0042002E0082000E066
:1042E000102042F24C61C2F2000191F8BE2110434D
:1042F00081F8BE017047022A08D1024482F8C31136
:10430000D0F8D0110131C0F8D011704790F8C53104
:10431000634501D10223D8E7032AEED090F8C631D5
:10432000634501D10323D0E7042AE6D090F8C731D2
:10433000634501D10423C8E7052ADED090F8C831CF
:10434000634501D10523C0E7062AD6D090F8C931CC
:10435000634501D10623B8E7072ACED090F8CA31C9
:10436000634501D10723B0E7082AC6D090F8CB31C6
:104370006345C2D10823A8E790ED010AB5EE400AD3
:10438000F1EE10FA10D190ED020A9FED7A1A20EEAC
:10439000010AB6EE001A30EE010ABDEEC00A10EEB8
:1043A000102A11461046CBE090ED002AB5EE402AC7
:1043B000F1EE10FA27DA9FED653A9FED654A9FED21
:1043C000655A9FED656A00BF32EE031AB5EE401ADA
:1043D000F1EE10FA19DA32EE041AB5EE401AF1EEE7
:1043E00010FA12DA32EE051AB5EE401AF1EE10FAB2
:1043F0000BDA32EE061AB5EE401AF1EE10FAB0EE14
:10440000412AE1DB01E0B0EE421A9FED502AB4EE02
:10441000421AF1EE10FA31DAB0EE417A90ED022A4A
:104420009FED523A22EE001A27EE030ABDEEC03A83
:10443000B8EEC34A13EE100A30EE440AB7EE003A63
:1044400033EE404AC10708BFB0EE440A33EE400ADB
:1044500021EE005A042832EE410A49D89FED442A41
:10446000B0EE414AB0EE453ADFE800F04803363B93
:104470002F00B0EE454AB0EE413A3FE09FED373AAB
:104480009FED374A9FED375A9FED376A31EE037A39
:10449000B4EE427AF1EE10FAC0DB31EE047AB4EEFB
:1044A000427AF1EE10FAB9DB31EE057AB4EE427AD7
:1044B000F1EE10FAB2DB31EE061AB4EE421AF1EE6A
:1044C00010FAB0EE417AE1DAA8E79FED293AB0EEB2
:1044D000454AB0EE412A11E09FED254AB0EE413A3F
:1044E0000AE09FED234AB0EE453AB0EE412A05E0DE
:1044F0009FED1F3AB0EE414AB0EE452A9FED1D1ADE
:1045000034EE004A33EE003A32EE000A24EE014A5D
:10451000B6EE005A23EE013A20EE010A34EE054AC7
:1045200033EE053A30EE050ABDEEC44ABDEEC33A9D
:10453000BDEEC00A14EE100A13EE101A10EE102A87
:10454000090241EA02410844704700BF0000B44339
:1045500000003444000087440000B4440000B4C3A9
:10456000000034C4000087C40000B4C48988883CBB
:104570000000000000007F4380B5804704A000F0E9
:10458000A4F800F06DF80CA000F09FF800F063F8BC
:104590007465726D696E6174655F68616E646C6587
:1045A0007220756E65787065637465646C792072CD
:1045B000657475726E6564007465726D696E6174A0
:1045C000655F68616E646C657220756E6578706594
:1045D000637465646C7920746872657720616E20FD
:1045E000657863657074696F6E00000040F2740056
:1045F000C2F200000068704710B500F05DF808B125
:1046000004681CB9FFF7F2FFFFF7B6FF04F12800BA
:10461000FDF726FC0028F5D06069FFF7ADFF00F03C
:104620001AF8F3F72DBFFFF7FCBF00004EF60C5051
:10463000BFF34F8FCEF200000168042201F4E06165
:10464000C0F2FA5211430160BFF34F8F00BF00BFA9
:1046500000BF00BFFAE780B500F002F8FFF7CCFF1B
:1046600070B50546FDF7FCFB064600F020F8044651
:104670002846283800BF7EB1C169002948BF494299
:10468000226801319042C1611CBF82612060616873
:1046900001396160C06C70BD2168002902BF2060D3
:1046A00005F1580070BDFFF7A7FFFFF7D4FF41F6F3
:1046B0003400C2F20000704741F63400C2F200003C
:1046C0007047000070470000704780B5F4F718FB92
:1046D000016890F83A2090F83830D1F81CC85AB1E7
:1046E0004FF480329A402CEA0202C1F81C2890F85C
:1046F000382001F5306109E001229A402CEA0202DB
:10470000C1F81C2890F8382001F510615301CB58EE
:1047100001EB4212B3F1FF3F0EDC136843F080431C
:10472000136090F8382052018B5843F000638B508F
:1047300090F8382001EB4212116821F40041116019
:10474000016890F8662090F86430D1F81CC85AB11E
:104750004FF480329A402CEA0202C1F81C2890F8EB
:10476000642001F5306109E001229A402CEA02023E
:10477000C1F81C2890F8642001F510615301CB5852
:1047800001EB4212B3F1FF3F0EDC136843F08043AC
:10479000136090F8642052018B5843F000638B50F3
:1047A00090F8642001EB4212116821F4004111607D
:1047B000016890F8922090F89030D1F81CC85AB156
:1047C0004FF480329A402CEA0202C1F81C2890F87B
:1047D000902001F5306109E001229A402CEA0202A2
:1047E000C1F81C2890F8902001F510615301CB58B6
:1047F00001EB4212B3F1FF3F0EDC136843F080433C
:10480000136090F8902052018B5843F000638B5056
:1048100090F8902001EB4212116821F400411160E0
:10482000016890F89A2190F89831D1F81CC85AB1D3
:104830004FF480329A402CEA0202C1F81C2890F80A
:10484000982101F5306109E001229A402CEA020228
:10485000C1F81C2890F8982101F510615301CB583C
:1048600001EB4212B3F1FF3F0EDC136843F08043CB
:10487000136090F8982152018B5843F000638B50DD
:1048800090F8980101EB4012106820F400410020DC
:10489000116070474068406A90F8341109290FD1BF
:1048A00090F8B410012908D190F8B51041F64922CA
:1048B000C1F34001C2F200021170002180F83411EE
:1048C000002070470020704740680329406A13D0D9
:1048D000022907D0012912D143F29030C2F2000020
:1048E000012106E0012180F8391143F29030C2F233
:1048F0000000017000207047002180F8391100206D
:1049000070470000406801F07F01406A03290DD024
:10491000022906D001290CD1012180F8371100208D
:104920007047012180F8351100207047012180F87F
:10493000361100207047000070B5044640688121A0
:10494000456A204603224023402604F0C3FB20464C
:10495000822103220D2304F0BDFB20468321032284
:104960000D2304F0B7FB204601210322402304F06D
:10497000B1FB206894F89811D4F8A03100EB4112F3
:104980000021C4F8B41103F13F01C4E96B56B1FB37
:10499000F3F6D2F8101B734363F31201C2F8101B35
:1049A000D2F8103B02F5306166F3DC43C2F8103BED
:1049B00035B1D4F81823012A04BFD4F8AC214A61D8
:1049C00094F89B21012A0AD1D0F808080A68C0058A
:1049D0004FF0805058BF4FF00050104308600868F7
:1049E00040F080600860086840F0004008604FF0C8
:1049F0000130C5F835010021002085F8391170BD5E
:104A000010B54068446A94F8380150B141F2F4702E
:104A1000C2F2000021464022F5F7DDF8002084F8BC
:104A20003801002010BD000080B50B7803F01F0294
:104A3000012A40F0DA808A88022A46D0012A20D052
:104A4000002A40F0D280426813F06003D2F824C0FC
:104A500000F08380202B40F09F804B78023B092B95
:104A600000F29A80DFE813F00A00A900980098008D
:104A70009800980098009800A100B1000CF19C02E9
:104A8000C7E04268D2F824C013F0600235D0202A73
:104A900040F082804A78013A0A2A00F27D80DFE8FD
:104AA00012F00B00B600AE007B007B007B007B00A9
:104AB0007B00C100CB00B100CB880CF1F4020221D5
:104AC000C0E90C3380F80413D6E0426813F06003A9
:104AD000D2F824C021D0202B40F05E804B78023BDE
:104AE000092B00F25980DFE803F005655757575747
:104AF00057575B6B0CF1A4028BE04A78013A0A2A03
:104B000000F24A80DFE802F07148714848154848D1
:104B1000480666000CF1AC027BE04A78531E0A2B73
:104B20003AD8DFE803F06239623939063939395C3D
:104B30005F00CA78212A00F08480222A2CD1CB88F9
:104B4000022140F27412A02B28BFA0230363436309
:104B500080F80413C2F200028EE04A78531E0A2B3A
:104B60001AD8DFE803F04219421919061919194435
:104B70004700CA78212A72D0222A0DD1CB8802217F
:104B800040F23C12222B28BF2223C0E90C3380F8CC
:104B90000413C2F200026FE004F052FA002080BD5C
:104BA000C878CCF8A400002080BDC878CCF89C0060
:104BB000002080BD0CF198022BE00CF1900228E05F
:104BC0008878CCF89800002080BD8878CCF89000D8
:104BD000002080BD4888CCF8AC00002080BD0CF1DE
:104BE000B00216E04888CCF8B000002080BD0CF17F
:104BF000A8020EE04888CCF8A800002080BD0CF187
:104C0000940206E08878CCF89400002080BD0CF176
:104C1000A002012101634163022180F804130021F5
:104C200001232AE009228CF83421CA880CF1B4014E
:104C300004F0BAF9002080BDC878CCF8A0000020AC
:104C400080BDCB88022140F2B402092B28BF092382
:104C50000363436380F80413C2F200020CE0CB88C4
:104C6000022140F2A802092B28BF0923C0E90C3316
:104C700080F80413C2F20002002104F0DBFA0020E5
:104C800080BD000000207047B0B543F60404C4F2B4
:104C900002046168C1F3810241F20021022AC0F2DC
:104CA0007A0121D0012A14D0002A3ED1D4F89C20C8
:104CB000520441BFD4F89C205FEAC24246F600414C
:104CC000C0F2DC210160D4F8A020C2F30242D1403E
:104CD0002BE041F60031C0F2B7010160D4F8A0200A
:104CE000C2F3C242D14020E022682368520041F65C
:104CF0000032D4F800C02568C0F2B702C3F38813AD
:104D000058BF0A46A2FB0331C5F3034243F2F075D4
:104D1000C0F60205AA5C0CF00F056A43054618466A
:104D20000023F4F7E0FE014628460160626843F282
:104D3000E073C2F30312C0F602039A5C43F6000369
:104D4000D14041606268C0F60203C2F382229A5CDD
:104D500021FA02F2C2606268C2F342329A5CD14028
:104D60008160B0BD43F29430C2F2000090F80C13A1
:104D7000032918BF70478168D1F824C09CF8371107
:104D800079B180B54FF0000E41F648020430C2F20E
:104D90000002812140238CF837E1BDE8804004F017
:104DA00049BA704743F60C42C4F20202536843F01A
:104DB0000103536001701068C00708D110684007F4
:104DC00058BF1068506820F0010050607047002004
:104DD000CFF6F0701168C9071CBF11685FEAC17196
:104DE000ECD01168C9071CBF11685FEAC171E5D03A
:104DF0001168C9071CBF11685FEAC171DED0116874
:104E0000C9071CBF11685FEAC171D7D01168C90713
:104E10001CBF11685FEAC171D0D01168C9071CBFFF
:104E200011685FEAC171C9D01168C9071CBF116858
:104E30005FEAC171C2D01168C9071CBF11685FEA7F
:104E4000C171BBD01030C5D1BCE7000043F60C41A6
:104E5000C4F202014A6842F002024A60886048686F
:104E600040F0400048600868C00708D10868400763
:104E700058BF0868486820F00200486070474FF04B
:104E800040400A68D2071CBF0A685FEAC272EDD0D0
:104E90000A68D2071CBF0A685FEAC272E6D00A68D5
:104EA000D2071CBF0A685FEAC272DFD00A68D20765
:104EB0001CBF0A685FEAC272D8D00A68D2071CBF5A
:104EC0000A685FEAC272D1D00A68D2071CBF0A68BA
:104ED0005FEAC272CAD00A68D2071CBF0A685FEADA
:104EE000C272C3D00A68D2071CBF0A685FEAC272E6
:104EF000BCD01030C5D1BDE741F20001C4F20101C0
:104F00000A68120609D40A6812065CBF0A685FEADA
:104F1000026202D40A681206F2D502466FF35F22DB
:104F20004A6003E00A68520648BF70470A685206A2
:104F300006D40A6852065CBF0A685FEA4262F1D58D
:104F40007047000042F288314D20C2F20001C0F2E9
:104F50006500C1F802006F20C0F27700C1F80600BA
:104F60007020C0F26100C1F80A006420C0F256004F
:104F7000C1F80E003320C0F22000C1F81200432017
:104F8000C0F26F00C1F816006E20C0F26600C1F8D2
:104F90001A006920C0F26700C1F81E0040F22230FA
:104FA000088047F6E450C2F20000222202804160ED
:104FB0007047000040F27C00C2F200007047000021
:104FC00040F29800C2F200007047000042F28831BF
:104FD0004D20C2F20001C0F26500C1F802006F204E
:104FE000C0F27700C1F806007020C0F26100C1F87D
:104FF0000A006420C0F25600C1F80E003320C0F24F
:105000002000C1F812004920C0F26E00C1F816005D
:105010007420C0F26500C1F81A007220C0F2660068
:10502000C1F81E006120C0F26300C1F822006520B3
:10503000C8844FF44A70088047F6E450C2F200007A
:10504000282202804160704740F27820C2F20000BE
:105050007047000042F288316420C2F20001C0F2C1
:105060006500C1F802007320C0F27500C1F80600A7
:105070002E20C0F26C00C1F80A006920C0F2660060
:10508000C1F80E00652048824FF44570088047F64D
:10509000E450C2F200001422028041607047000018
:1050A00040F28C00C2F200007047000042F28831EA
:1050B0004D20C2F20001C0F26500C1F802006F206D
:1050C000C0F27700C1F806007020C0F26100C1F89C
:1050D0000A006420C0F25600C1F80E003320488256
:1050E0004FF44570088047F6E450C2F200001422E5
:1050F000028041607047000040F2A000C2F2000050
:10510000704700004FF2E870C1F6FF7001688268D6
:10511000891800F0A680B0B54FF0370C0A0F0CEBE1
:1051200011734068B1F1204F38BF02F1300340F2F3
:10513000C402C2F2000293700B014FF0000E0CEBA0
:10514000137582F803E0C1F30364B3F1204F38BF55
:1051500004F130050B0215710CEB137582F805E0B4
:10516000C1F30354B3F1204F38BF04F130050B03F2
:1051700095710CEB137582F807E0C1F30344B3F1AA
:10518000204F38BF04F130050B0415720CEB13757A
:1051900082F809E0C1F30334B3F1204F38BF04F1C2
:1051A00030050B0595720CEB137582F80BE0C1F31B
:1051B0000324B3F1204F38BF04F130050B061573FB
:1051C000C1F303140CEB1375B3F1204F4FEA0173D5
:1051D00001F00F0182F80DE038BF04F1300501F154
:1051E0003704957382F80FE0B3F1204F38BF01F117
:1051F0003004010F0CEB1073147482F811E0B0F15D
:10520000204F38BF01F1300301010CEB117493748E
:1052100082F813E0C0F30363B1F1204F38BF03F10C
:10522000300401021475C0F303530CEB1174B1F197
:10523000204F4FEA003182F815E038BF03F1300407
:105240000CEB1173947582F817E0C0F30340B1F1D1
:10525000204F38BF00F13003137682F819E0BDE823
:10526000B04040F28420C2F20000704740F2840057
:10527000C2F20000704700002DE9F04F85B04EF6F5
:105280000C5248F20000CEF20002C0F6000042F8D4
:10529000040C10684FF6FF01084040F0052043F66B
:1052A000300840F47A00C4F202081060D8F87400A4
:1052B00040F03000C8F8740058F8300C40F001009D
:1052C00048F8300C58F8300C80070CD458F8300CE3
:1052D00080075CBF58F8300C5FEA807003D458F840
:1052E000300C8007EED558F8280C20F0030048F861
:1052F000280C00BF58F8280C10F00C0F0ED058F8EE
:10530000280C10F00C0F09D058F8280C10F00C0FD6
:1053100004D058F8280C10F00C0FEBD14FF080405F
:1053200048F8280C58F8300C4FF6FF71CFF6F261B0
:10533000084048F8300C40F2C17048F82C0CD8F8FE
:10534000700000F4A040C8F87000D8F8700040F475
:105350007020C8F870004FF41F0048F8240CD8F8EB
:10536000740020F03000C8F874004FF4AB70C8F837
:10537000D003D8F8100040F08050C8F8100047F271
:105380001000C4F20000016841F00301016058F808
:10539000300C40F4803048F8300C002006E000BFAC
:1053A00058F8300C80034FF0000015D458F8301C2A
:1053B0008903F5D4010B0229F2D858F8301C89036F
:1053C0005CBF58F8301C5FEA8131E9D458F8301CD2
:1053D00004308903EAD5E3E758F82C0C482140F063
:1053E000804048F82C0C58F82C0C61F38E1048F8CB
:1053F0002C0C58F82C0C012161F3030048F82C0CFC
:1054000058F82C0C022161F3134048F82C0C58F882
:105410002C0C052161F3165048F82C0C58F8300C70
:1054200040F0807048F8300C58F8300C80010CD4F3
:1054300058F8300C80015CBF58F8300C5FEA8010DF
:1054400003D458F8300C8001EED5D8F8740004214C
:1054500040F03000C8F8740058F8280C20F0F00034
:1054600048F8280CD8F8740020F03000C8F8740010
:1054700058F8280C20F4604048F8280C58F8280CFC
:1054800061F38C2048F8280CD8F87400022140F011
:105490003000C8F87400D8F8740040F03000C8F844
:1054A000740058F8280C61F3010048F8280CD8F86B
:1054B000740020F03000C8F8740000BF58F8280CC1
:1054C00000F00C00082811D058F8280C00F00C004F
:1054D00008280BD058F8280C00F00C00082805D03C
:1054E00058F8280C00F00C000828E7D1D8F8740010
:1054F00020F03000C8F8740058F8280CC0F381017F
:1055000041F200200229C0F27A001FD0012912D0F6
:10551000E1BBD8F87010490441BFD8F870105FEAB9
:10552000C14146F60040C0F2DC20D8F87410C1F347
:105530000241C8402AE0D8F8740041F60031C0F3B7
:10554000C240C0F2B70121FA00F01FE058F82C1C4D
:1055500058F82C2C58F82C3C58F82C7C43F2F07658
:105560004900C7F30347C0F6020641F60031F75D74
:10557000C0F2B701C2F3881203F00F0358BF01460F
:1055800001FB02F003FB07F1B0FBF1F058F8281C17
:1055900043F2E072C1F30311C0F60202515C4EF215
:1055A0001003CEF200034DF68362C8401968C4F2BE
:1055B0001B32A0FB020241F0040041F6E421186016
:1055C000900CC2F20001086008684FF47A714843F9
:1055D00041F6E021C2F200010860D8F80000002284
:1055E00040F02000C8F8000041F20040C4F2020080
:1055F0000168C4F2020221F440710160016840F2C6
:10560000044A41F4807101604168C4F2020A21F049
:105610001001416041684FF0030C416081684FF018
:10562000010921F44071816081684FF0020E41F45C
:1056300080718160C168032421F44071C160C16838
:10564000C160D8F8001041F02001C8F800100168CE
:1056500021F440610160016841F4806101604168AA
:1056600021F02001416041684160816821F440617E
:105670008160816841F480618160C16821F440618A
:10568000C160C168C160D8F8001041F02001C8F8BD
:105690000010016821F440510160016841F480511B
:1056A0000160416821F040014160416841608168CA
:1056B00021F440518160816841F480518160C1686A
:1056C00021F44051C160C168C16010218161202175
:1056D000816140218161D8F8000040F6080140F066
:1056E0000100C8F800001068C4F2020120F00300B5
:1056F000106010681060506820F001005060506821
:105700005060906820F003009060906840F00100C5
:105710009060D06820F00300D060D06840F00200B4
:10572000D060D8F8000040F00400C8F800004FF442
:1057300080600862062102E0000908310434C707CE
:1057400008D1820735D4420761D4162940F08D80F4
:10575000B9E000BF8F1FDAF8FC530CFA07F295434B
:10576000CAF8FC53DAF8FC53E61ECAF8FC53DAF820
:10577000005409FA06F6B543CAF80054DAF80054A2
:1057800040F60803CAF80054C4F202031D680EFA7A
:1057900007F695431D601D6835431D605D6825EA69
:1057A00002025A605A6809FA07F52A435A608207CA
:1057B000C9D50F1FDAF8FC230CFA07F5AA43CAF87B
:1057C000FC23DAF8FC23A61ECAF8FC23DAF800242E
:1057D00009FA06F6B243CAF80024DAF8002440F6C3
:1057E0000803CAF80024C4F202031A680EFA07F686
:1057F000AA431A601A6832431A605A68AA435A6068
:105800005A6809FA07F52A435A6042079DD58F1E48
:10581000DAF8FC230CFA07F5AA43CAF8FC23DAF8F5
:10582000FC23661ECAF8FC23DAF8002409FA06F6FF
:10583000B243CAF80024DAF8002440F60803CAF894
:105840000024C4F202031A680EFA07F6AA431A608B
:105850001A6832431A605A68AA435A605A6809FAA9
:1058600007F52A435A6016292DD002077FF564AF49
:10587000DAF8FC230CFA01F5AA43CAF8FC23DAF89B
:10588000FC2309FA04F6CAF8FC23DAF8002440F6EF
:105890000803B243CAF80024DAF80024C4F2020371
:1058A000CAF800241A680EFA01F6AA431A601A68A8
:1058B00032431A605A68AA435A605A6809FA01F5D5
:1058C0002A435A6038E7D8F80000002640F002006A
:1058D000C8F80000D8F81000C4F2020640F0010039
:1058E000C8F81000D6F80004202520F44030C6F88F
:1058F0000004D6F80004C4F2000540F40030C6F8F5
:105900000004DAF800004FF6FF7820F48070CAF83F
:105910000000DAF800004FF00309CAF80000DAF8D6
:1059200004004FF0804720F44030CAF80400DAF851
:10593000040001AC40F48030CAF80400DAF8080032
:1059400020F44030CAF80800DAF8080040F480304B
:10595000CAF80800D6F8000420F44020C6F8000475
:10596000D6F8000440F40020C6F80004DAF800007D
:1059700020F40070CAF80000DAF80000CAF800004D
:10598000DAF8040020F44020CAF80400DAF8040031
:1059900040F48020CAF80400DAF8080020F440201F
:1059A000CAF80800DAF8080040F48020CAF80800B5
:1059B000DAF8200020F00F00CAF82000DAF8200002
:1059C00040F00100CAF82000DAF8200020F0F000D2
:1059D000CAF82000DAF8200040F01000CAF82000D1
:1059E000C5F80C80C5F8089055F80C0C40F0010083
:1059F00045F80C0C386820F0700038600020C0F6C4
:105A000001700190204603F053F90220C0F60170A6
:105A10000190204603F04CF955F8180C012469F365
:105A2000020045F8180C286843F6300120F0020007
:105A300028602868C4F2020120F00800286055F8A8
:105A4000080C64F3010045F8080C286820F02000D9
:105A50002860286820F08000286055F8080C64F35E
:105A6000092045F8080C386840F00100386043F61A
:105A70003000C4F20200006840F00100086041F606
:105A80004C20C2F20000FFF7FFF843F63000C4F2EA
:105A90000200406943F6300140F01000C4F20201F8
:105AA000486143F63000C4F20200006840F0010093
:105AB0000860306820F440203060306840F40020F6
:105AC0003060706820F40070706070687060B0685A
:105AD00020F44020B060B06840F48020B060F068EE
:105AE00020F44020F060F068F060706A20F0F00070
:105AF0007062706A40F07000706201A8FFF7C4F82D
:105B000003984BF2C53100EB80004000C9F2A211AE
:105B1000A0FB011245F2D521CEF60411A0FB010134
:105B2000080D00EB80035B425B0003EB1242042A8A
:105B300041F20C02C4F2010252F8043C88BF04EBAB
:105B4000115023EA0801084442F8040C106843F697
:105B5000300320F0805010601068C4F2020320F47B
:105B600080501060506820F440505060106840F041
:105B700008001060106840F400501060186840F091
:105B800002001860186840F00050186053F82C0CA0
:105B900040F0005043F82C0C53F8300C40010CD46A
:105BA00053F8300C40015CBF53F8300C5FEA4010F2
:105BB00003D453F8300C4001EED5586F002120F487
:105BC000806058674EF60C50CEF2000000684EF22E
:105BD0000B43C0F30220C21E38BF0A46073818BF65
:105BE00001209040CEF2000300014EF2100583F830
:105BF00042004FF40050CEF20005C5F8F8003820FE
:105C0000C4F2040043F29434A0F13802C2F200045A
:105C100022604FF48072A4F824234022C0F2401284
:105C2000C4F82823082284F82723012284F82D139E
:105C300084F82F1384F83123036841F6E02C43F4F1
:105C40000013036094F82503C2F2000C002818BF6B
:105C500001202668C4F81C036660B06C84F80C232D
:105C600000F0C008B8FA88F35B0984F8093340F201
:105C70002023C2F20003A36040F24823C2F20003D3
:105C800084F80E13E360D6F8043843F00203C6F834
:105C9000043840F20113A387A4F89C3140F2022398
:105CA000A4F86830A4F8C83140F20333A4F8943063
:105CB000A4F8F43140F20443A4F8C030A4F8203230
:105CC00040F20553A4F8EC30A4F84C3240F20663DD
:105CD000A4F81831A4F8783240F20773A4F84431DC
:105CE000A4F8A4322182A174A161C4E9091184F845
:105CF0003E106164C4E9141184F86A102167C4E994
:105D00001F1184F89610C4F89C10C4E92A1184F875
:105D1000C210C4F8C810C4E9351184F8EE10C4F8F4
:105D2000F410C4E9401184F81A11C4F82011C4E930
:105D30004B1184F84611C4F84C11C4E95611A4F86B
:105D4000701184F87221C4F87811C4E9611184F8E3
:105D50009E21C4F8A411C4E96C1184F8CA21C4F8C6
:105D6000D011C4E9771184F8F621C4F8FC11C4E914
:105D7000821184F82222C4F82812C4E98D1184F813
:105D80004E22C4F85412C4E9981184F87A22C4F857
:105D90008012C4E9A31184F8A622C4F8AC12C4E9A5
:105DA000AE11B26822F00102B260B26B42F48032EE
:105DB000B26349F2E032C0F2040200BF3369002B43
:105DC00013D43369002B10D4531E99420DD8336974
:105DD000002B0AD40231914207D83369002B04D436
:105DE0004B1C934201F10201E8D93169002341F0D3
:105DF00001013161511E3769FF071CBF37695FEA36
:105E0000C7770FD08B420DD83769FF070AD002330E
:105E1000934207D83769FF0704D05F1C974203F10C
:105E20000203E8D9D4F81C13012907D1B8F1000FF7
:105E300004D0B16841F02601B16002E00021C4F84D
:105E40001C13F168192221F00051F160F16841F052
:105E50008041F160DCF80010514369600021A960C5
:105E6000296841F001012960296801F00111012927
:105E70000ED1296801F00111012909D1296801F029
:105E80000111012904D1296801F001110129EBD088
:105E90002968002221F001012960AA60616810F0E0
:105EA000C00FD1F8003E23F00103C1F8003ED6F840
:105EB000001821F4C051C6F80018D6F8001821F0D7
:105EC000030108BF0331C6F800183069102161F3DF
:105ED0008A103061316940F64050C0F2030041F051
:105EE00020013161411E33699B0644BF33695FEA7B
:105EF00083630FD58A420DD833699B060AD50232D7
:105F0000824207D833699B0604D5531C834202F1B1
:105F10000202E8D9326942F010023261002233698C
:105F2000DB0644BF33695FEAC3630FD58A420DD8ED
:105F30003369DB060AD50232824207D83369DB06B1
:105F400004D5531C834202F10202E8D94FF0FF301E
:105F50000025C6F81808C6F81C58C6F81058C6F828
:105F60001458C6F80451C6F80851C6F80C51C6F8C2
:105F70001051C6F81451C6F81851C6F81C51C6F88D
:105F8000205103F017FAD6F80009B0F1FF3F4FF0A7
:105F900000000BDCC6F80059D6F8000940F080403C
:105FA000C6F80009D6F8000940F00060FF21C6F8E5
:105FB0000009C6F81059C6F80819D6F82009B0F13A
:105FC000FF3F0CDC0020C6F82009D6F8200940F07D
:105FD0008040C6F82009D6F8200940F0006500206E
:105FE000C6F82059C6F83009C6F82819D6F840195D
:105FF000B1F1FF3F4FF000010BDCC6F84009D6F8C5
:10600000401941F08041C6F84019D6F8401941F0D6
:106010000061C6F84019FF21C6F85009C6F84819B2
:10602000D6F86029B2F1FF3F0BDCC6F86009D6F85C
:10603000600940F08040C6F86009D6F8600940F079
:106040000060C6F860090020C6F87009C6F8681933
:10605000D6F88019B1F1FF3F4FF000010BDCC6F814
:106060008009D6F8801941F08041C6F88019D6F829
:10607000801941F00061C6F88019FF21C6F8900927
:10608000C6F88819D6F8A029B2F1FF3F0BDCC6F894
:10609000A009D6F8A00940F08040C6F8A009D6F8BB
:1060A000A00940F00060C6F8A0090020C6F8B009B9
:1060B000C6F8A819D6F8C019B1F1FF3F4FF000019A
:1060C0000BDCC6F8C009D6F8C01941F08041C6F80B
:1060D000C019D6F8C01941F00061C6F8C019FF21F7
:1060E000C6F8D009C6F8C819D6F8E029B2F1FF3FC2
:1060F0000BDCC6F8E009D6F8E00940F08040C6F8AD
:10610000E009D6F8E00940F00060C6F8E009002098
:10611000C6F8F009C6F8E819D6F8001BB1F1FF3F40
:106120004FF000010BDCC6F8000BD6F8001B41F065
:106130008041C6F8001BD6F8001B41F00061C6F88C
:10614000001BFF21C6F8100BC6F8081BD6F8202B41
:10615000B2F1FF3F0BDCC6F8200BD6F8200B40F065
:106160008040C6F8200BD6F8200B40F00060C6F83F
:10617000200B0020C6F8300BC6F8281BD6F8401BB1
:10618000B1F1FF3F4FF000010BDCC6F8400BD6F831
:10619000401B41F08041C6F8401BD6F8401B41F03F
:1061A0000061C6F8401BFF21C6F8500BC6F8481B1B
:1061B000D6F8602BB2F1FF3F0BDCC6F8600BD6F8C7
:1061C000600B40F08040C6F8600BD6F8600B40F0E2
:1061D0000060C6F8600B0020C6F8700BC6F8681B9C
:1061E000D6F8801BB1F1FF3F4FF000010BDCC6F881
:1061F000800BD6F8801B41F08041C6F8801BD6F892
:10620000801B41F00061C6F8801BFF21C6F8900B8F
:10621000C6F8881BD6F8A02BB2F1FF3F0BDCC6F8FE
:10622000A00BD6F8A00B40F08040C6F8A00BD6F823
:10623000A00B40F00060C6F8A00B0020C6F8B00B21
:10624000C6F8A81BD6F8C01BB1F1FF3F4FF0000104
:106250000BDCC6F8C00BD6F8C01B41F08041C6F875
:10626000C01BD6F8C01B41F00061C6F8C01BFF215F
:10627000C6F8D00BC6F8C81BD6F8E02BB2F1FF3F2A
:106280000BDCC6F8E00BD6F8E00B40F08040C6F817
:10629000E00BD6F8E00B40F00060C6F8E00B002001
:1062A000C6F8F00BC6F8E81BD6F8101841F4807158
:1062B000C6F81018B0616FF08040706143F60C00B2
:1062C000C8F23C00B061D4F81C03002818BFB8F134
:1062D000000F03D1B06940F01000B061606843F670
:1062E000300ED0F80418C4F2020E21F00201C0F8FA
:1062F0000418B068002340F00100B060DEF8000030
:10630000062140F00200CEF80000DEF800004FF059
:10631000030C40F00100CEF8000048F207004FF0F7
:1063200001080326C4F2020307E000BF0831000998
:10633000262906F1040600F08F80C70706D18207E0
:1063400027D4420747D40207F0D567E08D1F1C68A9
:106350000CFA05F294431C601C6808FA05F52C43FE
:106360001C60F71E5C6808FA07F724EA07075F60FD
:106370005F685F609F6897439F609F682F439F603F
:10638000DF6827EA0202DA60DA682A43DA60820705
:10639000D7D50F1F1D680CFA07F4A5431D601D68B3
:1063A00008FA07F73D431D60B21E5D6808FA02F265
:1063B00025EA02025A605A685A609A68A2439A60B3
:1063C0009A683A439A60DA68A243DA60DA683A4334
:1063D000DA604207B7D58F1E1D680CFA07F4A54393
:1063E0001D601D6808FA07F73D431D60721E5D6859
:1063F00008FA02F225EA02025A605A685A609A685C
:10640000A2439A609A683A439A60DA68A243DA60D3
:10641000DA683A43DA6002077FF588AF1A680CFA47
:1064200001F7BA431A601A6808FA01F52A431A609C
:106430005A6808FA06F4A2435A605A685A609A6881
:10644000BA439A609A682A439A60DA68BA43DA6073
:10645000DA682A43DA6069E748F207009861DEF8F3
:10646000100043F6084840F40040CEF81000D3F87E
:106470000004C4F2000820F0C000C3F80004D3F800
:10648000000446F2084640F08000C3F80004DAF841
:10649000000046F2080720F00800CAF80000DAF809
:1064A00000000024CAF80000DAF8040001A920F076
:1064B000C000CAF80400DAF80400C4F2020640F092
:1064C0004000CAF80400DAF80800C4F2020720F01D
:1064D000C000CAF80800DAF808007546CAF80800D3
:1064E000DAF81C00994620F47040CAF81C00DAF86B
:1064F0001C0040F4C040CAF81C00D3F8000420F48B
:106500004060C3F80004D3F8000440F40060C3F80E
:106510000004DAF8000020F02000CAF80000DAF8E1
:106520000000CAF80000DAF8040020F44060CAF85D
:106530000400DAF8040040F48060CAF80400DAF8D5
:10654000080020F44060CAF80800DAF80800CAF829
:106550000800DAF81C0020F47000CAF81C00DAF811
:106560001C0040F4C000CAF81C0040F20310ADF853
:1065700004004FF0010AA8F108008DF80A40CDF898
:1065800006408DF80BA002F005FB58F8080C4BF6FE
:10659000EF7140F0400048F8080C28684EF21002F5
:1065A00040F0807028603068CEF2000220F00100D8
:1065B000306034607460B460F46057F8040C40F0EC
:1065C0000F0047F8040C306841F6E02708403060BF
:1065D0003068022140F0100030603068C2F20007DD
:1065E00061F30D30306030684FF6FF7120F4406089
:1065F0003060306820F440703060306840F08000D7
:106600003060306820F040003060306820F02000BA
:106610003060706888437060B460F460D6F8F80049
:106620000F2140F00100C6F8F800D6F8FC0061F335
:106630000600C6F8FC0008F10400B06043F2D46024
:10664000C2F20000F0604FF48E4070604EF60C50C5
:10665000CEF200000068102101EA90104EF20B41CA
:10666000CEF2000181F82D004FF08070C2F8F400E6
:10667000306840F002003060306840F00100306067
:10668000C9F828A0386800EB800080005060946052
:10669000106840F001001060106800F0011001283F
:1066A0000ED1106800F00110012809D1106800F027
:1066B0000110012804D1106800F001100128EBD06E
:1066C0001068002320F00100106000200121C4F2B6
:1066D000020390609961396801EB81018900516082
:1066E0009060106840F00100106000BF106800F07A
:1066F000011001280ED1106800F00110012809D105
:10670000106800F00110012804D1106800F0011099
:106710000128EBD01068002120F00100106000205B
:1067200090604FF40040C4F2020143F2D4678862E3
:106730000220C2F200078862D8F8000080070CD45B
:10674000D8F8000080075CBFD8F800005FEA8070CE
:1067500003D4D8F800008007EED5B120C8F80400B3
:10676000D8F8000000060CD5D8F80000000644BF99
:10677000D8F800005FEA006003D5D8F800000006F2
:10678000EED400210220C4F202018861D8F8000092
:1067900080070CD4D8F8000080075CBFD8F8000050
:1067A0005FEA807003D4D8F800008007EED505209A
:1067B000C8F80400D8F8000000060DD5D8F800008D
:1067C000000644BFD8F800005FEA006004D5D8F89E
:1067D00000000006EED400BFD8F8000080070CD4FB
:1067E000D8F8000080075CBFD8F800005FEA80702E
:1067F00003D4D8F800008007EED53C20C8F8040088
:10680000D8F8000000060DD5D8F80000000644BFF7
:10681000D8F800005FEA006004D5D8F80000000650
:10682000EED400BFD8F8000080070CD4D8F80000E0
:1068300080075CBFD8F800005FEA807003D4D8F806
:1068400000008007EED53C20C8F80400D8F800000E
:1068500000060CD5D8F80000000644BFD8F80000A8
:106860005FEA006003D5D8F800000006EED40021EE
:106870000220C4F202018862D8F8000080070CD41C
:10688000D8F8000080075CBFD8F800005FEA80708D
:1068900003D4D8F800008007EED5B220C8F8040071
:1068A000D8F8000000060CD5D8F80000000644BF58
:1068B000D8F800005FEA006003D5D8F800000006B1
:1068C000EED400210220C4F202018861D8F8000051
:1068D00080070CD4D8F8000080075CBFD8F800000F
:1068E0005FEA807003D4D8F800008007EED5052059
:1068F000C8F80400D8F8000000060DD5D8F800004C
:10690000000644BFD8F800005FEA006004D5D8F85C
:1069100000000006EED400BFD8F8000080070CD4B9
:10692000D8F8000080075CBFD8F800005FEA8070EC
:1069300003D4D8F800008007EED53C20C8F8040046
:10694000D8F8000000060DD5D8F80000000644BFB6
:10695000D8F800005FEA006004D5D8F8000000060F
:10696000EED400BFD8F8000080070CD4D8F800009F
:1069700080075CBFD8F800005FEA807003D4D8F8C5
:1069800000008007EED53C20C8F80400D8F80000CD
:1069900000060CD5D8F80000000644BFD8F8000067
:1069A0005FEA006003D5D8F800000006EED40021AD
:1069B0000220C4F202018862D8F8000080070CD4DB
:1069C000D8F8000080075CBFD8F800005FEA80704C
:1069D00003D4D8F800008007EED5B320C8F804002F
:1069E000D8F8000000060CD5D8F80000000644BF17
:1069F000D8F800005FEA006003D5D8F80000000670
:106A0000EED400210220C4F202018861D8F800000F
:106A100080070CD4D8F8000080075CBFD8F80000CD
:106A20005FEA807003D4D8F800008007EED5052017
:106A3000C8F80400D8F8000000060DD5D8F800000A
:106A4000000644BFD8F800005FEA006004D5D8F81B
:106A500000000006EED400BFD8F8000080070CD478
:106A6000D8F8000080075CBFD8F800005FEA8070AB
:106A700003D4D8F800008007EED53C20C8F8040005
:106A8000D8F8000000060DD5D8F80000000644BF75
:106A9000D8F800005FEA006004D5D8F800000006CE
:106AA000EED400BFD8F8000080070CD4D8F800005E
:106AB00080075CBFD8F800005FEA807003D4D8F884
:106AC00000008007EED53C20C8F80400D8F800008C
:106AD00000060DD5D8F80000000644BFD8F8000025
:106AE0005FEA006004D5D8F800000006EED400BFCD
:106AF000D8F8000080070CD4D8F8000080075CBFED
:106B0000D8F800005FEA807003D4D8F8000080074E
:106B1000EED50520C8F80400D8F8000000060DD511
:106B2000D8F80000000644BFD8F800005FEA006013
:106B300004D5D8F800000006EED400BFD8F8000055
:106B400080070CD4D8F8000080075CBFD8F800009C
:106B50005FEA807003D4D8F800008007EED53C20AF
:106B6000C8F80400D8F8000000060DD5D8F80000D9
:106B7000000644BFD8F800005FEA006004D5D8F8EA
:106B800000000006EED400BFD8F8000080070CD447
:106B9000D8F8000080075CBFD8F800005FEA80707A
:106BA00003D4D8F800008007EED53C20C8F80400D4
:106BB000D8F8000000060CD5D8F80000000644BF45
:106BC000D8F800005FEA006003D5D8F8000000069E
:106BD000EED400210220C4F202018862D8F800003D
:106BE00080070CD4D8F8000080075CBFD8F80000FC
:106BF0005FEA807003D4D8F800008007EED5C0208B
:106C0000C8F80400D8F8000000060CD5D8F8000039
:106C1000000644BFD8F800005FEA006003D5D8F84A
:106C200000000006EED400210220C4F202018861B7
:106C3000D8F8000080070CD4D8F8000080075CBFAB
:106C4000D8F800005FEA807003D4D8F8000080070D
:106C5000EED52820C8F80400D8F8000000060DD5AD
:106C6000D8F80000000644BFD8F800005FEA0060D2
:106C700004D5D8F800000006EED400BFD8F8000014
:106C800080070CD4D8F8000080075CBFD8F800005B
:106C90005FEA807003D4D8F800008007EED50820A2
:106CA000C8F80400D8F8000000060DD5D8F8000098
:106CB000000644BFD8F800005FEA006004D5D8F8A9
:106CC00000000006EED400BFD8F8000080070CD406
:106CD000D8F8000080075CBFD8F800005FEA807039
:106CE00003D4D8F800008007EED50420C8F80400CB
:106CF000D8F8000000060CD5D8F80000000644BF04
:106D0000D8F800005FEA006003D5D8F8000000065C
:106D1000EED400210220C4F202018862D8F80000FB
:106D200080070CD4D8F8000080075CBFD8F80000BA
:106D30005FEA807003D4D8F800008007EED5C12048
:106D4000C8F80400D8F8000000060CD5D8F80000F8
:106D5000000644BFD8F800005FEA006003D5D8F809
:106D600000000006EED400210220C4F20201886176
:106D7000D8F8000080070CD4D8F8000080075CBF6A
:106D8000D8F800005FEA807003D4D8F800008007CC
:106D9000EED5C020C8F80400D8F8000000060CD5D5
:106DA000D8F80000000644BFD8F800005FEA006091
:106DB00003D5D8F800000006EED400210220C4F26A
:106DC00002018862D8F8000080070CD4D8F80000CF
:106DD00080075CBFD8F800005FEA807003D4D8F861
:106DE00000008007EED5C220C8F80400D8F80000E3
:106DF00000060CD5D8F80000000644BFD8F8000003
:106E00005FEA006003D5D8F800000006EED4002148
:106E10000220C4F202018861D8F8000080070CD477
:106E2000D8F8000080075CBFD8F800005FEA8070E7
:106E300003D4D8F800008007EED50D20C8F8040070
:106E4000D8F8000000060DD5D8F80000000644BFB1
:106E5000D8F800005FEA006004D5D8F8000000060A
:106E6000EED400BFD8F8000080070CD4D8F800009A
:106E700080075CBFD8F800005FEA807003D4D8F8C0
:106E800000008007EED50020C8F80400D8F8000004
:106E900000060CD5D8F80000000644BFD8F8000062
:106EA0005FEA006003D5D8F800000006EED40021A8
:106EB0000220C4F202018862D8F8000080070CD4D6
:106EC000D8F8000080075CBFD8F800005FEA807047
:106ED00003D4D8F800008007EED5C320C8F804001A
:106EE000D8F8000000060CD5D8F80000000644BF12
:106EF000D8F800005FEA006003D5D8F8000000066B
:106F0000EED400210220C4F202018861D8F800000A
:106F100080070CD4D8F8000080075CBFD8F80000C8
:106F20005FEA807003D4D8F800008007EED58D208A
:106F3000C8F80400D8F8000000060DD5D8F8000005
:106F4000000644BFD8F800005FEA006004D5D8F816
:106F500000000006EED400BFD8F8000080070CD473
:106F6000D8F8000080075CBFD8F800005FEA8070A6
:106F700003D4D8F800008007EED52A20C8F8040012
:106F8000D8F8000000060CD5D8F80000000644BF71
:106F9000D8F800005FEA006003D5D8F800000006CA
:106FA000EED400210220C4F202018862D8F8000069
:106FB00080070CD4D8F8000080075CBFD8F8000028
:106FC0005FEA807003D4D8F800008007EED5C420B3
:106FD000C8F80400D8F8000000060CD5D8F8000066
:106FE000000644BFD8F800005FEA006003D5D8F877
:106FF00000000006EED400210220C4F202018861E4
:10700000D8F8000080070CD4D8F8000080075CBFD7
:10701000D8F800005FEA807003D4D8F80000800739
:10702000EED58D20C8F80400D8F8000000060DD574
:10703000D8F80000000644BFD8F800005FEA0060FE
:1070400004D5D8F800000006EED400BFD8F8000040
:1070500080070CD4D8F8000080075CBFD8F8000087
:107060005FEA807003D4D8F800008007EED5EE20E8
:10707000C8F80400D8F8000000060CD5D8F80000C5
:10708000000644BFD8F800005FEA006003D5D8F8D6
:1070900000000006EED400210220C4F20201886242
:1070A000D8F8000080070CD4D8F8000080075CBF37
:1070B000D8F800005FEA807003D4D8F80000800799
:1070C000EED5C520C8F80400D8F8000000060CD59D
:1070D000D8F80000000644BFD8F800005FEA00605E
:1070E00003D5D8F800000006EED400210220C4F237
:1070F00002018861D8F8000080070CD4D8F800009D
:1071000080075CBFD8F800005FEA807003D4D8F82D
:1071100000008007EED51A20C8F80400D8F8000057
:1071200000060CD5D8F80000000644BFD8F80000CF
:107130005FEA006003D5D8F800000006EED4002115
:107140000220C4F202018862D8F8000080070CD443
:10715000D8F8000080075CBFD8F800005FEA8070B4
:1071600003D4D8F800008007EED53620C8F8040014
:10717000D8F8000000060CD5D8F80000000644BF7F
:10718000D8F800005FEA006003D5D8F800000006D8
:10719000EED400210220C4F202018861D8F8000078
:1071A00080070CD4D8F8000080075CBFD8F8000036
:1071B0005FEA807003D4D8F800008007EED5702015
:1071C000C8F80400D8F8000000060CD5D8F8000074
:1071D000000644BFD8F800005FEA006003D5D8F885
:1071E00000000006EED400210220C4F202018862F1
:1071F000D8F8000080070CD4D8F8000080075CBFE6
:10720000D8F800005FEA807003D4D8F80000800747
:10721000EED5E020C8F80400D8F8000000060CD530
:10722000D8F80000000644BFD8F800005FEA00600C
:1072300003D5D8F800000006EED400210220C4F2E5
:1072400002018861D8F8000080070CD4D8F800004B
:1072500080075CBFD8F800005FEA807003D4D8F8DC
:1072600000008007EED5D020C8F80400D8F8000050
:1072700000060DD5D8F80000000644BFD8F800007D
:107280005FEA006004D5D8F800000006EED400BF25
:10729000D8F8000080070CD4D8F8000080075CBF45
:1072A000D8F800005FEA807003D4D8F800008007A7
:1072B000EED50820C8F80400D8F8000000060DD567
:1072C000D8F80000000644BFD8F800005FEA00606C
:1072D00004D5D8F800000006EED400BFD8F80000AE
:1072E00080070CD4D8F8000080075CBFD8F80000F5
:1072F0005FEA807003D4D8F800008007EED50E2036
:10730000C8F80400D8F8000000060DD5D8F8000031
:10731000000644BFD8F800005FEA006004D5D8F842
:1073200000000006EED400BFD8F8000080070CD49F
:10733000D8F8000080075CBFD8F800005FEA8070D2
:1073400003D4D8F800008007EED50920C8F804005F
:10735000D8F8000000060DD5D8F80000000644BF9C
:10736000D8F800005FEA006004D5D8F800000006F5
:10737000EED400BFD8F8000080070CD4D8F8000085
:1073800080075CBFD8F800005FEA807003D4D8F8AB
:1073900000008007EED50920C8F80400D8F80000E6
:1073A00000060DD5D8F80000000644BFD8F800004C
:1073B0005FEA006004D5D8F800000006EED400BFF4
:1073C000D8F8000080070CD4D8F8000080075CBF14
:1073D000D8F800005FEA807003D4D8F80000800776
:1073E000EED50520C8F80400D8F8000000060DD539
:1073F000D8F80000000644BFD8F800005FEA00603B
:1074000004D5D8F800000006EED400BFD8F800007C
:1074100080070CD4D8F8000080075CBFD8F80000C3
:107420005FEA807003D4D8F800008007EED53120E1
:10743000C8F80400D8F8000000060DD5D8F8000000
:10744000000644BFD8F800005FEA006004D5D8F811
:1074500000000006EED400BFD8F8000080070CD46E
:10746000D8F8000080075CBFD8F800005FEA8070A1
:1074700003D4D8F800008007EED53320C8F8040004
:10748000D8F8000000060DD5D8F80000000644BF6B
:10749000D8F800005FEA006004D5D8F800000006C4
:1074A000EED400BFD8F8000080070CD4D8F8000054
:1074B00080075CBFD8F800005FEA807003D4D8F87A
:1074C00000008007EED54820C8F80400D8F8000076
:1074D00000060DD5D8F80000000644BFD8F800001B
:1074E0005FEA006004D5D8F800000006EED400BFC3
:1074F000D8F8000080070CD4D8F8000080075CBFE3
:10750000D8F800005FEA807003D4D8F80000800744
:10751000EED51720C8F80400D8F8000000060DD5F5
:10752000D8F80000000644BFD8F800005FEA006009
:1075300004D5D8F800000006EED400BFD8F800004B
:1075400080070CD4D8F8000080075CBFD8F8000092
:107550005FEA807003D4D8F800008007EED51420CD
:10756000C8F80400D8F8000000060DD5D8F80000CF
:10757000000644BFD8F800005FEA006004D5D8F8E0
:1075800000000006EED400BFD8F8000080070CD43D
:10759000D8F8000080075CBFD8F800005FEA807070
:1075A00003D4D8F800008007EED51520C8F80400F1
:1075B000D8F8000000060DD5D8F80000000644BF3A
:1075C000D8F800005FEA006004D5D8F80000000693
:1075D000EED400BFD8F8000080070CD4D8F8000023
:1075E00080075CBFD8F800005FEA807003D4D8F849
:1075F00000008007EED53120C8F80400D8F800005C
:1076000000060DD5D8F80000000644BFD8F80000E9
:107610005FEA006004D5D8F800000006EED400BF91
:10762000D8F8000080070CD4D8F8000080075CBFB1
:10763000D8F800005FEA807003D4D8F80000800713
:10764000EED53420C8F80400D8F8000000060CD5A8
:10765000D8F80000000644BFD8F800005FEA0060D8
:1076600003D5D8F800000006EED400210220C4F2B1
:1076700002018862D8F8000080070CD4D8F8000016
:1076800080075CBFD8F800005FEA807003D4D8F8A8
:1076900000008007EED5E120C8F80400D8F800000B
:1076A00000060CD5D8F80000000644BFD8F800004A
:1076B0005FEA006003D5D8F800000006EED4002190
:1076C0000220C4F202018861D8F8000080070CD4BF
:1076D000D8F8000080075CBFD8F800005FEA80702F
:1076E00003D4D8F800008007EED5D020C8F80400F5
:1076F000D8F8000000060DD5D8F80000000644BFF9
:10770000D8F800005FEA006004D5D8F80000000651
:10771000EED400BFD8F8000080070CD4D8F80000E1
:1077200080075CBFD8F800005FEA807003D4D8F807
:1077300000008007EED50820C8F80400D8F8000043
:1077400000060DD5D8F80000000644BFD8F80000A8
:107750005FEA006004D5D8F800000006EED400BF50
:10776000D8F8000080070CD4D8F8000080075CBF70
:10777000D8F800005FEA807003D4D8F800008007D2
:10778000EED50E20C8F80400D8F8000000060DD58C
:10779000D8F80000000644BFD8F800005FEA006097
:1077A00004D5D8F800000006EED400BFD8F80000D9
:1077B00080070CD4D8F8000080075CBFD8F8000020
:1077C0005FEA807003D4D8F800008007EED5092066
:1077D000C8F80400D8F8000000060DD5D8F800005D
:1077E000000644BFD8F800005FEA006004D5D8F86E
:1077F00000000006EED400BFD8F8000080070CD4CB
:10780000D8F8000080075CBFD8F800005FEA8070FD
:1078100003D4D8F800008007EED50920C8F804008A
:10782000D8F8000000060DD5D8F80000000644BFC7
:10783000D8F800005FEA006004D5D8F80000000620
:10784000EED400BFD8F8000080070CD4D8F80000B0
:1078500080075CBFD8F800005FEA807003D4D8F8D6
:1078600000008007EED51520C8F80400D8F8000005
:1078700000060DD5D8F80000000644BFD8F8000077
:107880005FEA006004D5D8F800000006EED400BF1F
:10789000D8F8000080070CD4D8F8000080075CBF3F
:1078A000D8F800005FEA807003D4D8F800008007A1
:1078B000EED53120C8F80400D8F8000000060DD538
:1078C000D8F80000000644BFD8F800005FEA006066
:1078D00004D5D8F800000006EED400BFD8F80000A8
:1078E00080070CD4D8F8000080075CBFD8F80000EF
:1078F0005FEA807003D4D8F800008007EED533200B
:10790000C8F80400D8F8000000060DD5D8F800002B
:10791000000644BFD8F800005FEA006004D5D8F83C
:1079200000000006EED400BFD8F8000080070CD499
:10793000D8F8000080075CBFD8F800005FEA8070CC
:1079400003D4D8F800008007EED54820C8F804001A
:10795000D8F8000000060DD5D8F80000000644BF96
:10796000D8F800005FEA006004D5D8F800000006EF
:10797000EED400BFD8F8000080070CD4D8F800007F
:1079800080075CBFD8F800005FEA807003D4D8F8A5
:1079900000008007EED51720C8F80400D8F80000D2
:1079A00000060DD5D8F80000000644BFD8F8000046
:1079B0005FEA006004D5D8F800000006EED400BFEE
:1079C000D8F8000080070CD4D8F8000080075CBF0E
:1079D000D8F800005FEA807003D4D8F80000800770
:1079E000EED51420C8F80400D8F8000000060DD524
:1079F000D8F80000000644BFD8F800005FEA006035
:107A000004D5D8F800000006EED400BFD8F8000076
:107A100080070CD4D8F8000080075CBFD8F80000BD
:107A20005FEA807003D4D8F800008007EED51520F7
:107A3000C8F80400D8F8000000060DD5D8F80000FA
:107A4000000644BFD8F800005FEA006004D5D8F80B
:107A500000000006EED400BFD8F8000080070CD468
:107A6000D8F8000080075CBFD8F800005FEA80709B
:107A700003D4D8F800008007EED53120C8F8040000
:107A8000D8F8000000060DD5D8F80000000644BF65
:107A9000D8F800005FEA006004D5D8F800000006BE
:107AA000EED400BFD8F8000080070CD4D8F800004E
:107AB00080075CBFD8F800005FEA807003D4D8F874
:107AC00000008007EED53420C8F80400D8F8000084
:107AD00000060CD5D8F80000000644BFD8F8000016
:107AE0005FEA006003D5D8F800000006EED400215C
:107AF0000220C4F202018862D8F8000080070CD48A
:107B0000D8F8000080075CBFD8F800005FEA8070FA
:107B100003D4D8F800008007EED53A20C8F8040056
:107B2000D8F8000000060CD5D8F80000000644BFC5
:107B3000D8F800005FEA006003D5D8F8000000061E
:107B4000EED400210220C4F202018861D8F80000BE
:107B500080070CD4D8F8000080075CBFD8F800007C
:107B60005FEA807003D4D8F800008007EED50520C6
:107B7000C8F80400D8F8000000060CD5D8F80000BA
:107B8000000644BFD8F800005FEA006003D5D8F8CB
:107B900000000006EED400210220C4F20201886237
:107BA000D8F8000080070CD4D8F8000080075CBF2C
:107BB000D8F800005FEA807003D4D8F8000080078E
:107BC000EED51120C8F80400D8F8000000060CD546
:107BD000D8F80000000644BFD8F800005FEA006053
:107BE00003D5D8F800000006EED400210220C4F22C
:107BF000020188618862D8F8000080070CD4D8F8A8
:107C0000000080075CBFD8F800005FEA807003D4F2
:107C1000D8F800008007EED52920C8F80400D8F86D
:107C2000000000060CD5D8F80000000644BFD8F8C4
:107C300000005FEA006003D5D8F800000006EED42B
:107C4000002142F6E0040220C4F20201C2F2000464
:107C50008861204640F68A21F1F7C8F8F3F7DCFF87
:107C600004F1010C04F1240E00224FF0000B0EE091
:107C70000BF1020B43F2D46720320CF1470CBBF13D
:107C8000200F0EF1470EC2F2000700F0B9804FF648
:107C9000E055BE186046CFF6FF7500BF10F8017CB6
:107CA000047807F00101C1F1000A711947F340039C
:107CB00081F8223281F8233247F3800381F824329D
:107CC00081F8253247F3C00381F8263281F8273244
:107CD00047F3001381F8283281F8293247F3401323
:107CE0004FFA87F981F82A3281F82B3247F3801353
:107CF00081F82C3281F82D324FEAE91381F82E32C7
:107D000081F82F3204F001035B4281F8303281F8B0
:107D1000313244F3400381F8323281F8333244F394
:107D2000800381F8343281F8353244F3C00381F89E
:107D300020A281F821A281F8363281F83732EDB1E4
:107D400010F8023B203543F300175CB281F838721B
:107D500081F8397243F3401743F3801381F83C32C2
:107D600081F83D32E31181F83A7281F83B7281F873
:107D70003E3281F83F32203290E700BF4FF48C70E2
:107D8000714600BF11F8015C43F2D463EE0076B295
:107D9000C2F20003F7119E186CB237767776AF0007
:107DA0006D007FB26DB2FF11ED11E4110028B776BE
:107DB000F77635777577B477F4773FF459AF11F8E4
:107DC000014B103204F001056D4286F8205086F810
:107DD0002150A5016DB2ED1186F8225086F823508E
:107DE000650124016DB264B2ED11E41186F82450EE
:107DF00086F8255086F8264086F827400838C1E7DF
:107E000041F6CC2CC2F2000C002046F208418CF85E
:107E100000004FF48E40C4F202014860086840F050
:107E20000100086058F8040C40F0020048F8040C07
:107E30009CF8000048B99CF8000030B99CF800009C
:107E400018B99CF800000028F2D042F6E000C2F217
:107E5000000000F58E6900F2944A4FF0200E0024D5
:107E60000BE000BF0EF1020E203409F14709BEF10C
:107E7000400F0AF1470A00F0BD804FF6E05507EBCE
:107E8000040B4946CFF6FF750F784B7807F00100D9
:107E90007AB246420BEB050080F8206280F821623E
:107EA00047F34006D21180F8226280F8236247F33C
:107EB000800680F82E2280F82F2203F0010280F83D
:107EC000246280F8256247F3C006524280F8266299
:107ED00080F8276247F3001680F8302280F83122BC
:107EE00043F3400280F8286280F8296247F3401685
:107EF00080F8322280F8332243F3800280F82A622D
:107F000080F82B6247F3801680F8342280F83522FF
:107F100043F3C00280F82C6280F82D6280F836228C
:107F200080F83722E5B14A78023142F3001653B2A5
:107F300080F8386280F8396242F3401642F38012CA
:107F400080F83C2280F83D22DA1180F83A6280F80D
:107F50003B6280F83E2280F83F222035203493E7B0
:107F600043F2D4674FF48C765146C2F2000700BF4B
:107F700011F8012C002E4FEAC20040B24FEAE01582
:107F800007EB040053B2057645764FEA82054FEAC7
:107F9000420252B26DB24FEAE2124FEAE5150277A1
:107FA00042774FEAE3128576C5768277C2773FF44F
:107FB00059AF0A78013102F001035B4280F82030AA
:107FC00080F8213093015BB2DB1180F8223080F819
:107FD0002330530112015BB252B2DB11D21180F88F
:107FE000243080F8253080F8262080F827201034AF
:107FF000083EBDE7002046F208418CF800004FF42F
:108000008E40C4F202014860086840F00100086038
:1080100058F8040C40F0020048F8040C9CF80000EA
:1080200048B99CF8000030B99CF8000018B99CF8D9
:1080300000000028F2D042F6E000C2F2000000F595
:108040000E6900F6041A4FF0400E00240BE000BF4A
:108050000EF1020E203409F14709BEF14C0F0AF16E
:10806000470A00F0BD804FF6E05507EB040B494688
:10807000CFF6FF750F784B7807F001007AB24642D1
:108080000BEB050080F8206280F8216247F3400680
:10809000D21180F8226280F8236247F3800680F8CC
:1080A0002E2280F82F2203F0010280F8246280F84B
:1080B000256247F3C006524280F8266280F82762A4
:1080C00047F3001680F8302280F8312243F3400253
:1080D00080F8286280F8296247F3401680F832223F
:1080E00080F8332243F3800280F82A6280F82B6202
:1080F00047F3801680F8342280F8352243F3C0021B
:1081000080F82C6280F82D6280F8362280F83722C1
:10811000E5B14A78023142F3001653B280F8386272
:1081200080F8396242F3401642F3801280F83C2214
:1081300080F83D22DA1180F83A6280F83B6280F8DC
:108140003E2280F83F222035203493E743F2D46763
:108150004FF48C765146C2F2000700BF11F8012C93
:10816000002E4FEAC20040B24FEAE01507EB0400D0
:1081700053B2057645764FEA82054FEA420252B283
:108180006DB24FEAE2124FEAE515027742774FEA05
:10819000E3128576C5768277C2773FF459AF0A78C5
:1081A000013102F001035B4280F8203080F8213079
:1081B00093015BB2DB1180F8223080F82330530149
:1081C00012015BB252B2DB11D21180F8243080F878
:1081D000253080F8262080F827201034083EBDE79F
:1081E000002046F208418CF800004FF4D550C4F24C
:1081F00002014860086840F00100086058F8040C6B
:1082000040F0020048F8040C9CF8000048B99CF8C3
:10821000000030B99CF8000018B99CF80000002854
:10822000F2D043F630084EF2100740F2044941F60E
:10823000E026782232200021C4F20208CEF20007A4
:10824000C4F20209C2F2000607E000BF3B6823F057
:1082500001033B601304B96027D093B2332B05D3DD
:108260003368323A43437B6004E000BF32685A43CC
:108270007A600022B9603B6843F001033B6000BFB5
:108280003B6803F00113012BE0D13B6803F00113BD
:10829000012BDBD13B6803F00113012BD6D13B68E6
:1082A00003F00113012BEBD0D0E700210420C4F22E
:1082B000020142F2C8558861C2F20005AA682B6D1E
:1082C000D5F8807000214FF07E5011601960386041
:1082D00051605960786091609960B860D160D960F0
:1082E000F86011611961386151615961786191617A
:1082F0009961B8616A692B6AEF6AAE6B6D6C4CF676
:10830000CD4C0024C3F6CC6CC4F2A00410601860FD
:10831000C7F800C030602C6050605860C7F804C0D7
:1083200070606C6090609860C7F808C0B060AC6026
:10833000D060D860C7F80CC0F060EC6010611861C4
:10834000C7F810C030612C6150615861C7F814C083
:1083500070616C6190619861C7F818C0B061AC61E0
:1083600047F6EC54C2F200044FF44072A4F806231E
:1083700049F21D7249F2956649F2756504F540703F
:10838000C0F6010249F6392349F64D27C0F6010629
:10839000C0F6010504F5427CC4F80043C0F60103B1
:1083A000C0F601078CE88C00C4E9C565C4F81C134D
:1083B00001F0B4F948B1D4F818130FF2647088478B
:1083C0000FF2787001F056F902E0012084F81C03E6
:1083D00041F618205F212822C2F20000C0F22801D5
:1083E000C0F20C02C0E900124FF4807101810FF25B
:1083F0006471C160032101829121C0F22801C0E9AA
:1084000005120FF2547200210262022281838284DB
:10841000018543F26C30C2F20000828040F21C12EF
:1084200040F21803C0F80E10C0F24C028181C180E6
:10843000C17542F20431C2F20003C0F812200F22CB
:10844000C2F2000103608275052241F2F56341F238
:10845000193701F1040C82600122C0F60103C0F655
:1084600001078CE8890040F278000A70A1F88020AA
:10847000C2F20000017821B900220421C4F20202F4
:108480009161007820B900210420C4F202018861C2
:1084900042F2E820C2F200000FF2C061016042F235
:1084A000EC20C2F200000122027042F2F020C2F27F
:1084B00000000021018042F2F420C2F200000270AC
:1084C00042F2F820C2F20000027042F20030C2F222
:1084D00000004FF48E724CF60704028040F2D43054
:1084E000C0F60304C2F20000621892F8F937435450
:1084F00092F8FA7743185F7092F8FB7710319F700B
:1085000092F8FC77B1F5006FDF7092F8FD771F717C
:1085100092F8FE775F7192F8FF779F7192F800787A
:10852000DF7192F801781F7292F802785F7292F808
:1085300003789F7292F80478DF7292F805781F73BF
:1085400092F806785F7392F807789F7392F808287C
:10855000DA73C9D1018871B149BA40F2FE72914211
:1085600009D8811C41F65C20C2F200004FF4006281
:10857000FBF740F880B340F2940141F65C20C2F270
:1085800000010022C2F200000A70012180F856109A
:108590007821A0F854100121C0F60121C0F857102D
:1085A00040F28021C2F2000145F2FF538A7041F28D
:1085B00010020B801E21028040F200128170C1F275
:1085C0001002C171017341744FF48071C0F803202F
:1085D0008260C0F80D20418240F6D4300021C2F202
:1085E000000000BF0A1912F8073C435412F8067C39
:1085F00043185F7012F8057C9F7012F8047CDF70DE
:1086000012F8037C1F7112F8027C5F7112F8017C72
:108610009F710F5D1031DF715778B1F5806F1F7258
:1086200097785F72D7789F721779DF7257791F73C7
:1086300097795F73D7799F73127ADA73D2D10188F1
:1086400042F68C02C2F2000209BAB2F84E300A0CAD
:10865000934207D1811C42F68C00C2F20000F1F770
:10866000A3F905E040F27420C2F20000002101707D
:1086700042F20804C4F20104F5F71CFB0FF2E440D7
:10868000F0F748F8D8F80000002140F00100C8F8E1
:108690000000D8F80000C4F2020140F00200C8F85F
:1086A0000000D8F80000092340F00400C8F80000DA
:1086B000086820F440600860086840F44060086082
:1086C000486820F02000486048684860886820F4C6
:1086D0004060886088688860C86820F44060C8602E
:1086E000C868C860086820F440500860086840F412
:1086F00040500860486820F0400048604868486082
:10870000886820F44050886088688860C86820F4D1
:108710004050C860C868C860086820F440400860DD
:10872000086840F440400860486820F080004860D5
:1087300048684860886820F440408860886888609D
:10874000C86820F44040C860C868C860D1F8000418
:1087500020F00300C1F80004D1F8000440F0030049
:10876000C1F80004D9F8000020F00100C9F80000A9
:10877000D9F80000C9F80000D9F8040020F003007F
:10878000C9F80400D9F80400C9F80400D9F80800B1
:1087900020F00300C9F80800D9F80800C9F808005B
:1087A000D1F8000420F00C00C1F80004D1F8000456
:1087B00040F00C00C1F80004D9F8000040F60801B0
:1087C00020F00200C9F80000D9F80000C4F202014C
:1087D000C9F80000D9F8040020F00C00C9F8040022
:1087E000D9F80400C9F80400D9F8080020F00C00FA
:1087F000C9F80800D9F80800C9F80800D9F8FC033E
:1088000020F44070C9F8FC03D9F8FC0340F4407030
:10881000C9F8FC03D9F8000420F01000C9F80004DE
:10882000D9F80004C9F80004086820F44070086012
:1088300008680860486820F44070486048684860EC
:10884000D9F8FC0320F44060C9F8FC03D9F8FC0314
:1088500040F44060C9F8FC03D9F8000420F020007F
:10886000C9F80004D9F80004C9F80004086820F425
:108870004060086008680860486820F4406048600C
:1088800048684860D8F81400062140F48070C8F8A1
:108890001400D4F8FC0261F31340C4F8FC0254F84D
:1088A000040C40F4807044F8040C206840F002008E
:1088B0002060206820F400602060606A61F3175037
:1088C0006062A268042060F3DD62A260E26A63F382
:1088D0000402E262A26860F39442A260E26A61F379
:1088E0004912E262A168052260F3D131A160E16A18
:1088F00062F38E21E162A168082260F31A61A1602F
:10890000E16A62F3D331E16261680F2260F3D13131
:108910006160E16A62F31851E16261680E2260F3FE
:108920000E316160E16A62F35D61E162A16860F34A
:108930005751A160A06A072161F30400A06220687A
:1089400040F460202060206840F48010206020689F
:1089500040F480702060A06F20F01C00A067A06F22
:1089600020F4F070A067A06F20F48060A067A06F73
:1089700020F40070A067A06F40F00100A06720689D
:1089800040F001002060206840F00800206020686E
:10899000000709D52068000744BF20685FEA00701F
:1089A00002D520680007F2D420684EF2100740F08C
:1089B0000400CEF2000720602068400709D5206837
:1089C000400744BF20685FEA407002D52068400736
:1089D000F2D4D8F8000046F2080540F48000C8F848
:1089E0000000C4F2020528684BF6EF7220F0010087
:1089F0002860002028606860A860E86055F8041CC2
:108A00004EF60C5341F00F0145F8041C2968CEF2D4
:108A100000031140296029680222296029684EF26A
:108A20000B4662F30D3129602968012262F38B2124
:108A300029602968CEF2000662F3092129602968BD
:108A40004FF6FF7241F080012960296821F0400152
:108A50002960296841F020012960696891436960B3
:108A6000A860E860D5F8F810052241F00101C5F8CA
:108A7000F810D5F8FC1062F30601C5F8FC1004F1FB
:108A80004401A96041F6CE21C2F20001E96007214C
:108A90006960196830704FF40061C7F8F0102968F8
:108AA0007C2241F002012960296841F0010129601E
:108AB000216841F480012160D8F8141041F00101CF
:108AC000C8F814100021C4F20101CA62D7228A62D8
:108AD0004A6942F001024A610A6822F070020A60A3
:108AE000CA6842F00102CA600A6842F001020A60E4
:108AF0001968C1F30221CA1E38BF0246C81F18BF39
:108B0000012090400001B0734FF00070C7F8F000F2
:108B100019A0EFF7FFFD00BFF5F7E0FBFCE700BF92
:108B2000777332383132623A2073706920696E6926
:108B300074206661696C65642E0A000077733238B0
:108B40003132623A20696E6974206661696C6564CD
:108B50002E0A0000796573006E6F000057656C6324
:108B60006F6D65004C6F616420436F6E66696720AE
:108B7000446F6E652E0D000064657669636520693B
:108B80006E69742066696E69736865640000000030
:108B9000FBF74CFDC26922F40062C2610A78032A25
:108BA00027D8DFE802F0021A060E026822F400421B
:108BB00002E0026842F400420260026822F480424D
:108BC00006E0026842F400420260026842F4804219
:108BD0000260026822F480620AE0026822F4004225
:108BE0000260026822F480420260026842F48062FD
:108BF0000260CA79036802F0010223F4007343EAB9
:108C0000422202604A78012A06D1CA79012A03D198
:108C1000026842F4807202E0026822F4807202600C
:108C20004A78036862F3820303608B78072B07D8C6
:108C3000426822F400724260426822F4807213E0BB
:108C400042680A2B0AD142F400724260426822F460
:108C500080724260026822F038020AE022F4007258
:108C60004260426842F4807242608B78026863F32B
:108C7000C5020260CA78036802F0010223F0800393
:108C800043EAC21202600A79036802F0010223F487
:108C9000006343EAC22202604A79036862F3410337
:108CA00003608979026861F3000202607047000086
:108CB0000278062A88BF70472021C4F20001DFE84D
:108CC00002F004A653A629A67C0042780B6862F342
:108CD00041030B6042780B68520862F3C3030B60D8
:108CE000827851F8083C62F3010341F8083CC078EF
:108CF00051F8082C00F00F0022F0F00242EA0010B8
:108D000041F8080C51F8080C20F00C0041F8080C50
:108D1000012079E042780B6802F0010223F400732D
:108D200043EA42220A6042780B68520862F3CB237E
:108D30000B60827851F8043C62F3010341F8043C73
:108D4000C07851F8042C00F00F0022F0F00242EA43
:108D5000001041F8040C51F8040C20F00C0041F80C
:108D6000040C4FF480704FE042780B6862F34513B7
:108D70000B6042780B68520862F3C7130B6082786D
:108D800051F8083C02F0030223F4407343EA022244
:108D900041F8082CC07851F8082C00F00F0022F49C
:108DA000704242EA003041F8080C51F8080C20F4F7
:108DB000406041F8080C102026E042780B6802F071
:108DC000010223F4005343EA42320A60827851F8E8
:108DD000043C02F0030223F4407343EA022241F808
:108DE000042CC07851F8042C00F00F0022F47042DB
:108DF00042EA003041F8040C51F8040C20F44060C1
:108E000041F8040C4FF480500A6810430860704722
:108E1000017809B1002070474178012903D08A0701
:108E200005D402224270481E18BF0120704780B549
:108E300043F60800C0F60200FBF747FC0121017071
:108E40004170704780B543F29433C2F2000353F887
:108E500004CF4FF02C0E42B200F07F0110FB0E3019
:108E600000F5B67011FB0E31002A48BF01F10C006D
:108E7000027881785201002914BF0CF530610CF59D
:108E80001061535823F400135350C27802F0FE02CD
:108E9000022A05D1027852018B5843F080538B503F
:108EA0000021417380BD000010B543F294340146A7
:108EB000C2F2000460B1A0688269002A08BF10BD38
:108EC00094F80C0303285CD1201DBDE81040104726
:108ED00094F80803032854D101F07F002C2110FBE3
:108EE000014000F5B8708368416A99424AD9C91AAD
:108EF00041624269D4F804C094F87001994238BFC5
:108F00000B460CEB401099B24FF0000E00F53060AC
:108F1000C4E961210029D4F87831C4F88CE118BF84
:108F2000C4F88831016963F3120101614FF6FF73E0
:108F30000169C0F2070303F1604301EA030101F58F
:108F40000021016132B1D4F81C13012904BFD4F807
:108F50008411416194F8731101290AD1DCF80818D1
:108F60000268C9054FF0805158BF4FF000511143BE
:108F70000160016841F080610160016841F00041D9
:108F8000016010BDA068016909B1201D88474FF03C
:108F9000040C201D00210022002384F808C3BDE832
:108FA000104000F047B9000010B5D0F800C090F8AC
:108FB0006C314FF0030E80F804E30CEB43134FF0D9
:108FC000000EC0E9642203F53063C0E96012002A94
:108FD000D0F87441C0F888E118BFC0F884411A691C
:108FE00064F312021A614FF6FF741A69C0F20704A3
:108FF00004F1604402EA040202F500221A6131B170
:10900000D0F81813012904BFD0F88011596190F8E5
:109010006F0101280AD1DCF808081968C0054FF073
:10902000805058BF4FF0005008431860186840F057
:1090300080601860186840F00040186010BD0000A3
:1090400090F86E2190F86C310168002A4FEA4312C3
:109050002FD001F5306153580A44002B07D4136810
:1090600023F08043136090F86C2101EB42121168E9
:1090700041F4001111600121827B037B80F879119A
:109080000168002A4FEA43121BD001F530615358A2
:109090000A44002B06D4136823F080431360027B3C
:1090A00001EB4212116841F4001111600121417677
:1090B000704701F5106153580A44B3F1FF3FCEDC0D
:1090C000D5E701F5106153580A44B3F1FF3FE2DCE4
:1090D000E8E700002DE9F04101F07F042C274EB2B3
:1090E00014FB0704D0F80080B6F1FF3F4FF00005F5
:1090F00004F10C0C11FB0700C8BF0125B6F1FF3FBE
:10910000C8BF00F5B67C9CF800004FF0000E8CF84C
:109110000250CCF808308CF8032068B9082B00F016
:109120008380102B06D0202B08BF4FF0010E012AA0
:1091300004D00DE04FF0020E012A09D1D8F804083E
:1091400040F40040C8F804089CF800009CF8025065
:10915000D8F81C1895B14FF4803202FA00F0084399
:10916000C8F81C089CF80010D1B1DCF808E008F53C
:10917000306000EB41116FF3DF2E14E0012202FAA0
:1091800000F00843C8F81C089CF80010F9B1DCF89E
:1091900008E008F5106000EB41116FF3DF2E19E0D5
:1091A00008F5306108460A6840F2FF739A4372443A
:1091B0000A609CF800109CF803204901435802F013
:1091C000030223F4402343EA824242501CE008F5A4
:1091D000106108460A6840F2FF739A4372440A60BD
:1091E0009CF800109CF803204901435802F0030248
:1091F00023F4402343EA824242509CF800104A0183
:10920000835861F3995383509CF8001049014258E8
:1092100042F0805242509CF800104901425842F4FA
:1092200000424250BDE8F0814FF0030E012A3FF4A6
:1092300085AF8DE7F0B501F07F062C2116FB010EFE
:10924000D0F800C01EF80C1F00244FF6FF750CEB81
:109250004111CFF6F874CEF2070501F51061002731
:10926000CEE90523CEF81C70E3B1DEF8082016B372
:109270000F699E183C402343013E0B61B6FBF2F29E
:109280000B690024C1F6F87404EAC2422B401A4369
:109290000A619EF80320012A1FD10A69012363F3A2
:1092A0005E7206E00A692A4042F400220A610A69F5
:1092B00022400A6111E09A423CBFCEF818201346C2
:1092C0000A6922401A430A610A692A4042F40022CC
:1092D0000A61DEF81820CEF82020D0F81803012803
:1092E0000DD1DEF81400002818BF4861086840F06E
:1092F00080600860086840F000400860F0BD9EF89B
:10930000030001280AD1DCF808080A68C0054FF0FC
:10931000805058BF4FF0005010430860086840F07C
:1093200080600860086840F0004008609EF8030014
:1093300001282FD1BEF8181059B39EF80020CE1C7A
:109340004FF0FF33DEF8140003EB96030CF5805169
:109350001203032BC6F381030ED3B70827F00305CE
:109360000768043D57504768575087685750C7688B
:1093700000F110005750F3D1002B08BFF0BD076873
:10938000012B8F5005D04768022B8F501CBF80687F
:109390008850F0BDDEF818000028FAD09EF80000D2
:1093A0000121DCF8342801FA00F01043CCF834082D
:1093B000F0BD00002DE9F04F82B043F29430C2F2CC
:1093C000000040680021C4F2040188421ED0B0F1C0
:1093D000A04F40F0C3802421C5F2000180200A463E
:1093E00042F8F80B01F1F40001920A1D01F1E00CC2
:1093F00001F1E40B01F1E80E01F1EC0A01F1F009D1
:1094000000904FF4A0174FF4C0161AE02421C4F2C4
:1094100004014FF480700A4642F8F80B01920A1DCD
:1094200001F1E00C01F1E40B01F1E80E01F1EC0AAD
:1094300001F1F00901F1F4004FF080774FF480065C
:1094400000900C68344314600C68166804EB1644F2
:109450003C43CCF800400C681668DCF8007004EB64
:10946000164404EB174444F4A014CBF800400C68F5
:10947000166804EB1644DCF80060DBF8007004EBBF
:10948000164404EB174444F4A014CEF800400C68D2
:109490001668DCF8007004EB1644DBF8006004EB9F
:1094A0001744DEF8007004EB164404EB174444F450
:1094B000A014CAF800400C681668DCF80070DBF8ED
:1094C000005004EB1644DEF8000004EB1744DAF811
:1094D000008004EB154404EB104000EB184040F40E
:1094E000A010C9F8000008681468DCF80050DBF828
:1094F000006000EB1440DEF8007000EB1540DAF875
:10950000003000EB164000EB1740D9F8004000EBAC
:10951000134000EB1440009C40F4A0102060086849
:109520001168DCF80020DBF8003000EB1140DEF8B9
:10953000007000EB1240DAF8006000EB134000EB23
:109540001740D9F8001000EB1640226800EB1140DC
:1095500000EB1240019940F4A010086002B0BDE891
:10956000F08F000043F29430C2F200004168D1F85D
:109570000828D20708BF704790F80D2380F80C2305
:10958000D1F8002E22F00102C1F8002E4168D1F876
:10959000042842F00102C1F8042841F6E021C2F299
:1095A00000010A684EF2100102EB8202CEF20001C5
:1095B00052004A6000228A600A6842F001020A6092
:1095C0000A6802F00112012A0ED10A6802F00112A3
:1095D000012A09D10A6802F00112012A04D10A689D
:1095E00002F00112012AEBD00A6822F001020A609F
:1095F00000228A604068D0F8041821F00101C0F808
:109600000418704780B543F29433C2F2000353F854
:1096100004CF4FF02C0E42B200F07F0110FB0E3051
:1096200011FB0E3100F5B670002A48BF01F10C00A5
:10963000817802784FEA421299B10CF530615358A3
:109640000A44002B06D4136823F080431360027889
:1096500001EB4212116841F40011116001214173C4
:1096600080BD0CF5106153580A44B3F1FF3FEADCAA
:10967000F0E7000083B080B581B00DF10C0C8CE8F0
:109680000E0003A90091EEF723FF01B0BDE8804072
:1096900003B07047010408BF704780B54EF2100157
:1096A00041F6E02ECEF20001C2F2000E4FF0320C75
:1096B000002306E00A6822F001020A6002048B60BF
:1096C00029D082B2332A07D3DEF80020323802FBD9
:1096D0000CF24A6005E000BFDEF80000504348602D
:1096E00000208B600A6842F001020A600A6802F0FA
:1096F0000112012ADED10A6802F00112012AD9D131
:109700000A6802F00112012AD4D10A6802F001129B
:10971000012AEBD0CEE7BDE8804070472DE9F04745
:1097200082B043F63009C4F20209D9F800104FF0B4
:10973000010C41F00201C9F80010D9F80010804670
:1097400041F00101C9F80010D9F81020002142F4BD
:109750008042C9F810200022C4F20201CDF8032093
:1097600000928DF807C0D1F800344FF0030E23F0BB
:109770000C03C1F80034D1F800344FF0020A43F072
:109780000803C1F8003440F20443C4F202031F6826
:1097900027F002071F601F681F605F6827F00C0733
:1097A0005F605F6847F008075F609F6827F00C07FD
:1097B0009F609F689F60DF6927F0F007DF61DF69C6
:1097C00047F06000D8614FF480600623032702E071
:1097D000000908330437C60706D1820724D442079C
:1097E00043D4162B62D180E09A1F0D680EFA02F462
:1097F000A5430D600D680AFA02F215430D60FE1EC6
:109800004D680CFA06F6B5434D604D684D608D68A5
:10981000A5438D608D682A438A60CA68A243CA60E6
:10982000CA68CA608207DAD51C1F0D680EFA04F6F2
:10983000B5430D600D680AFA04F425430D60BA1EA5
:109840004D680CFA02F225EA02024A604A684A6050
:109850008A68B2438A608A6822438A60CA68B243CF
:10986000CA60CA68CA604207BBD59C1E0D680EFA62
:1098700004F6B5430D600D680AFA04F425430D6043
:109880007A1E4D680CFA02F225EA02024A604A6822
:109890004A608A68B2438A608A6822438A60CA68DA
:1098A000B243CA60CA68CA60162B1ED002078FD5A1
:1098B0000A680EFA03F4A2430A600A680AFA03F57A
:1098C0002A430A604A680CFA07F6B2434A604A68BB
:1098D0004A608A68A2438A608A682A438A60CA68A2
:1098E000A243CA60CA68CA6072E7486A43F60005C4
:1098F00020F470604862486AC4F2000540F4A06039
:10990000486240F20010C0F20200009040F20110E4
:10991000ADF80500012000248DF8070069462846AF
:109920008DF80440FFF736F9286841F6142140F01D
:109930004000286008F10400C2F200010860D9F874
:10994000000046F21C4140F08070C9F80000C4F2EB
:10995000020108684FF6E83220F00100086046F284
:109960002040C4F202000C60046044608460CFF6C2
:10997000FF728B5843F0F0038B500A684BF6EF737D
:109980001A400A600A68022342F010020A600A685C
:1099900063F30D320A600A684FF6FF7322F44062E7
:1099A0000A600A6822F440720A600A6842F0800283
:1099B0000A600A6822F040020A600A6822F0200267
:1099C0000A6002689A43026044608460D0F8E02034
:1099D0000D2342F00102C0F8E020D0F8E82063F344
:1099E0000602C0F8E82005F10C024260D8F8002019
:1099F0008260B8F8062002604EF60C50CEF20000ED
:109A00000068102202EA90104EF23942CEF20002B3
:109A100010704EF20410CEF200004FF0007202609F
:109A2000086840F002000860086840F00102002069
:109A30000A6002B0BDE8F08743F60001C4F20001FD
:109A4000086820F0400200200A607047B9B141F672
:109A50001420C2F2000000680122027046F21C408D
:109A6000C4F202004160016841F00101016043F667
:109A70000400C4F20000016841F00201016000200E
:109A800070475FEA400C08BF91F0000F4FEA8C234B
:109A90004FEAC12243EA51514FEA1C5018BF00F56A
:109AA000F0404FEA300018BF41F000415FEA6C5CC3
:109AB00000F02980BCF1FF3F08BF40F080407047B4
:109AC000130C06BF12044FF0100C4FF0000C130ED5
:109AD00004BF12020CF1080C130F04BF12010CF1A9
:109AE000040C930F04BF92000CF1020CD30F04BFBF
:109AF00052000CF1010C11464FF00002A0F11F00C2
:109B0000A0EB0C00704711F0004F08BF704731F018
:109B100000413FF4D5AF0B0C06BF09044FF0100C09
:109B20004FF0000C0B0E04BF09020CF1080C0B0FD8
:109B300004BF09010CF1040C8B0F04BF89000CF168
:109B4000020CCB0F04BF49000CF1010CCCF1200337
:109B500022FA03F341EA030102FA0CF2A0EB0C0033
:109B600000F101007047000023F07F4720F07F4C98
:109B700080EA030000F00040ACEB070303F57C53E0
:109B800003F1FF032DE9804909B44FEA144324EAA5
:109B900003484FEA154B25EA0B4E0FF2042606EB5D
:109BA00013273E7803FB0667C7F5000707FB06F699
:109BB0004FEAD64606F102064FEA543707FB066C19
:109BC000CCF1005C4FEA1C472CEA074C0CFB06F575
:109BD00007FB06F404EB15464FEA961649085FEAC0
:109BE000320234BF00204FF000404FEAD13706FB6D
:109BF00007FC4FEA1C4C0CFB0BF7D21B03FB0CF7CA
:109C000061EB07010CFB0EF7B0EB074072EB17425C
:109C10000CFB08F734BFA2EB0742B2EB074261EB43
:109C200017414FEA0C444FEA910706FB07FC4FEA45
:109C30001C4C0CFB0BF7B0EBC74072EB573203FB2D
:109C40000CF734BFA2EBC742B2EBC74261EB57310E
:109C50000CFB0EF7B0EBC70072EB57720CFB08F76A
:109C600034BFA2EBC702B2EBC70261EB57714FEAF8
:109C7000816141EA92114FEA826242EA90124FEA10
:109C8000806004EBCC04039F4FEAD13706FB07FC4E
:109C90004FEA1C4C0CFB0BF7D21B03FB0CF761EBE0
:109CA00007010CFB0EF7B0EB074072EB17420CFB01
:109CB00008F734BFA2EB0742B2EB074261EB174152
:109CC0004FEA8C5504EB9C244FEA910706FB07FCF6
:109CD0004FEA1C4C0CFB0BF7B0EBC74072EB573252
:109CE00003FB0CF734BFA2EBC742B2EBC74261EBF8
:109CF00057310CFB0EF7B0EBC70072EB57720CFB41
:109D000008F734BFA2EBC702B2EBC70261EB577191
:109D10004FEA816141EA92114FEA826242EA90126F
:109D20004FEA806015EB4C2544F100044FEAD1372F
:109D300006FB07FC4FEA1C4C0CFB0BF7D21B03FB8A
:109D40000CF761EB07010CFB0EF7B0EB074072EB71
:109D500017420CFB08F734BFA2EB0742B2EB0742F5
:109D600061EB17414FEA813141EA92414FEA823279
:109D700042EA90424FEA80304FEA0C7615EB1C1510
:109D800044F1000448EA03434EEA0B484FF0000E4A
:109D9000B2EB080C71EB030724BF624639464EEB69
:109DA0000E0E4FF0000B0018524149414BEB0B0BCC
:109DB000B2EB080C71EB03077BF1000B24BF62468A
:109DC00039464EEB0E0E4FF0000B00185241494140
:109DD0004BEB0B0BB2EB080C71EB03077BF1000BA9
:109DE00024BF624639464EEB0E0E51EA020718BFF9
:109DF00046F0010616EB0E7655F1000254F1000113
:109E000003D5BDE88901BDE80088BDE88901BDE84A
:109E10000048B619524141EB0101A3F1010370471B
:109E200080807F7E7D7C7B7A797877767675747397
:109E3000727171706F6E6E6D6C6C6B6A6A69686856
:109E4000676666656464636362616160605F5F5EEC
:109E50005E5D5D5C5C5B5B5A5A5959585857575662
:109E600056555555545453535252525151505050C7
:109E70004F4F4F4E4E4D4D4D4C4C4C4B4B4B4A4A19
:109E80004A4949494848484747474746464645455D
:109E90004544444444434343434242424241414196
:109EA0009C46002B30D477002BD04FEA37071CB5E7
:109EB00003B44FF010004FF01001BAF1000F06D0BC
:109EC000BCF1000FDCBF40F0080040F008014FF08B
:109ED00000000FBCBDE810400BF1010BBBF1010FFE
:109EE00008BF5FEA170722BF12F1010211F1010159
:109EF0004FF0004143F1000300F0004043EA00004E
:109F00007047F9D35708D0E746EA06464FEA1646A7
:109F100013F1400F1FDD13F1200FDFBF16430A4678
:109F2000002120335B42BED0C3F1200746EA06463B
:109F30004FEA164602FA07F746EA070622FA03F244
:109F4000C3F1200701FA07F742EA070221FA03F1F9
:109F50004FF00003A7E746EA020646EA06464FEA44
:109F6000164646EA0106BCBF46EA0646360C4FF0E6
:109F700000034FF000024FF0000194E72DE9804C00
:109F800070B49A46934691E8380007C831EA400C0D
:109F900048BF34EA430C03D5FFF7E6FDFFF780FF27
:109FA000F0BCBDE8008C2DE9804C70B49A46934615
:109FB00091E8380007C810F0804F08BF13F0804FB9
:109FC00003D100F005F8FFF76BFFF0BCBDE8008C93
:109FD00020F07F4723F07F4C80EA030000F0004030
:109FE00007EB0C03A3F57C53A3F1FE0392F0000FE3
:109FF00000F0B38095F0000F00F077802DE9014963
:10A000004FEA114021EA00484FEA144624EA064785
:10A0100000FB06FC08FB06F607FB08F818EB0648F1
:10A020004CEB164C00FB07F718EB07484CEB1740BE
:10A030004FEA124B22EA0B4E4FEA154625EA064735
:10A040000BFB06FC0EFB06F607FB0EFE1EEB064E98
:10A050004CEB164C0BFB07F71EEB074E4CEB174B6C
:10A0600018EB0B0840F1000018EB0E0B58EB000842
:10A0700040F100008F1A4FF000014FF000063CBF86
:10A08000C943661B14BFB5EB040C00213CBFC94398
:10A09000F61B4FEA174427EA04454FEA1C472CEA0F
:10A0A000074C04FB076205FB07F70CFB05F616EBF4
:10A0B000074642EB174204FB0CFC16EB0C4642EB46
:10A0C0001C421BEB060658EB020241414EEA8E0E83
:10A0D00046EA9E0601D5BDE80189B619524141EB19
:10A0E0000101A3F10103BDE801894FEA144524EA07
:10A0F00005464FEA114721EA074C05FB07F406FB2A
:10A1000007F70CFB06F111EB074144EB174405FB85
:10A110000CFC11EB0C4144EB1C444FEA124722EAC1
:10A12000074C05FB07F206FB07F70CFB06F616EBE0
:10A13000074642EB174205FB0CFC16EB0C4642EBC4
:10A140001C456A1854F1000148BF7047B6195241C6
:10A1500041EB0101A3F10103704795F0000F37D0E7
:10A160004FEA114221EA02464FEA144724EA074C1B
:10A1700002FB07F106FB07F70CFB06F414EB0744A0
:10A1800041EB174102FB0CFC14EB0C4441EB1C416E
:10A190004FEA154725EA074C02FB07F506FB07F7D0
:10A1A0000CFB06F616EB074645EB174502FB0CFCCD
:10A1B00016EB0C4645EB1C42121951F1000148BF49
:10A1C0007047B619524141EB0101A3F101037047F9
:10A1D0004FEA144524EA05464FEA114721EA074CA5
:10A1E00005FB07F106FB07F70CFB06F212EB074233
:10A1F00041EB174105FB0CFC12EB0C4251EB1C41EF
:10A200004FF0000648BF7047921841EB0101A3F1DF
:10A210000103704703B401984100009850EAC1203F
:10A2200018BF04204A0D18BF40F0010040F2FF7231
:10A23000B2EB515F08BF40F00200012808BF0520C3
:10A2400002B070474100080218BF04200A0E18BF70
:10A2500040F001004FF07F4232EA010108BF40F0B8
:10A260000200012808BF0520704710B52DED028BB4
:10A27000F0EE408A18EE900AB0EE608A20F00040BE
:10A28000C0F1FF40C00F07D118EE100A20F00040C7
:10A29000C0F1FF40C00F2BD018EE101A18EE900A34
:10A2A00000F0CCFD00EE100A10EE100A6FEAD0505C
:10A2B00010F0FF0F04BFBDEC028B10BD18EE900A2A
:10A2C00000F0004110EE100A00F00040814204BF8F
:10A2D000BDEC028B10BD18EE101A10EE100ABDEC8A
:10A2E000028B61F31E0000EE900A30EE600A10BD92
:10A2F00018EE900A4FF07F41B1EB400F1CBF18EEF3
:10A30000100A5FEA4000C7D10120EEF703FEBDEC62
:10A31000028BBDE8104000F0CDB8000000B510EE93
:10A32000101A2DED028B81B0524A6846B2EB410FF4
:10A330002ED94FF0E640B0EB410F94BF00204FF014
:10A34000FF3000900098B0EE408A00286ADB10F0E1
:10A35000010F4BD068EE080A9FED471A9FED470AA0
:10A3600000EE810A9FED461A10F0020F00EE801AEF
:10A37000B7EE000A00EE810A02BF01B0BDEC028B0D
:10A3800000BD00BF01B0B1EE400ABDEC028B00BDC4
:10A390003C4B21F00042934241D911F0004FDFEDD8
:10A3A0003A0A20EE201ADFED390A19BF31EE601AA1
:10A3B00071EE200A31EE201A71EE600ABDEEE01A4D
:10A3C00011EE100A9FED321A00F0030000EEC10AF0
:10A3D0009FED301A009000EEC10A9FED2F1A00EE9B
:10A3E000C10A9FED2E1A00EEC10AABE728EE080A5B
:10A3F0009FED2B1ADFED2B0A10F0020F40EE010A41
:10A400009FED291A00EE201A61EE000AB0EE480A0C
:10A4100008EE200AB6D101B0BDEC028B00BD00F001
:10A4200059F88FE718EE100A4000B0F17F4F0DD2B7
:10A4300018EE100AFFF706FF042808BF00F042F8E4
:10A44000B0EE480A01B0BDEC028B00BD09D101207D
:10A45000EEF760FD01B0BDEC028B5DF804EB00F09F
:10A4600029B801B0B0EE480ABDEC028B5DF804EBF0
:10A4700000F01CB8B61F927EB93AB2BACA9F2A3D04
:10A48000DDFFFFBE490E494683F9223F0000004B25
:10A490000000C93F00A0FD390020A2331A61342C0E
:10A4A000336D4CB9DA82083CA0AA2ABE30EE000A0D
:10A4B00070470000DFED020A80EEA00A704700003E
:10A4C000000000009FED020A20EE000A7047000025
:10A4D000000000102DE9F0014FF07F42B2EB410F78
:10A4E0009FBF4FF0FF310160BDE8F00170474FF0B2
:10A4F000004242EA0123C1F3C752783A551112F0E3
:10A500001F0C434CCCF120067C44C1F3C752A2F18E
:10A5100078024FEA621204EB820254F8254008BF29
:10A52000D2E9015612D0556804FA0CF425FA06F760
:10A530003C43976805FA0CF527FA06F8D26807FA43
:10A540000CFCF24045EA08054CEA0206A4FB034C69
:10A55000A5FB0352A6FB03631D449D4234BF0126A5
:10A5600000261319334416B1934202D903E09342F3
:10A5700001D2012200E00022624402F1200C920686
:10A58000DC0C42EA443200EE102A5B03DFED210AC4
:10A59000F8EEC01A00EE103A4FEA9C1C11F0004F82
:10A5A000B8EE400AC0F800C020EE201A00EE105AA3
:10A5B000DFED190AB8EE400A20EE200A71EE810A9A
:10A5C00070EE800A10EE902A02F500626FF30B0223
:10A5D00000EE902A70EEE11A31EEC11ADFED101A8A
:10A5E00030EE411A9FED0D0A20EE800A01EE210A9D
:10A5F0009FED0C1A00EE810A04BFBDE8F001704720
:10A60000CCF180510160BDE8F001B1EE400A704725
:10A61000F80B0000000000360000802C22AAFD2963
:10A62000DB0FC92F0000C92F30380A2801D20120C2
:10A63000704700207047000010B500290AD0087844
:10A64000002807D005487844EFF7F6F9002801D034
:10A65000002010BD0248784410BD0000AE920000FA
:10A66000A692000010B500290AD00878002807D06B
:10A6700005487844EFF7E0F9002801D0002010BD2C
:10A680000248784410BD00009E920000969200009F
:10A6900021F0004201F00043A2F16052B2F5801FA8
:10A6A00028BFD2F17F6C0BD95FEA001C43EAC202DB
:10A6B00042EB507018BF704728BF20F00100704770
:10A6C000B2F5801FBCBF184670474FEA410C1CF51D
:10A6D000001F02D2084600F02BBC70B500F0C4F990
:10A6E00000000089FFF7F6BF4FF00040A0F58000A2
:10A6F0007047000010B591EA030F48BF83F0004394
:10A7000000F10E82841A71EB030C05D2121943EB8F
:10A710000C03001B61EB0C014FEA1154A4EB135C1A
:10A72000DFF81CE11EEA430F18BF9EEA445F00F009
:10A73000748021EA045123EA0E0343F48013DCF110
:10A74000200E32D322FA0CFE10EB0E0023FA0CFE80
:10A7500041EB0E01CCF1200E03FA0EFE10EB0E00C1
:10A76000CCF1200E51F10001B1F5801F32D201EB86
:10A77000045112FA0EF2BDE8104058BF7047401C59
:10A7800038BF5FEA420218BF7047002814BF20F0AC
:10A79000010041F100014FEA410313F5001F38BFEA
:10A7A0007047A1F1C04100F0ADB9012A43EB0302AB
:10A7B000ACF1200CDCF11F0E32BF4FF0000E23FA7B
:10A7C0000CF310EB030041EB0451B4EB115FD0D05C
:10A7D000A1EB045101F58011490801EB04515FEA36
:10A7E00030000ED350F1000038BF12FA0EFE08D12F
:10A7F000BDE81040C9E7401C38BF5FEA4202CAD139
:10A80000C3E7BDE810404FEA410313F5001F38BF0E
:10A810007047A1F1C04100F075B99EEA445F08D0CD
:10A8200011EA5E0FBDE8104004BF01F000410020B6
:10A830007047BDE8104070B500F016F964FBBE3EED
:10A840000000E0FF491058BFC1F140415B1058BF04
:10A85000C3F140438B42EFF30080704751EA030C91
:10A8600017D41CF5801F58BFBCF5801F00F106806F
:10A87000994218BF704708BF9042704707D711F53B
:10A88000801F58BF13F5801F19D499427047894221
:10A8900070471CF5801F08D5BCF5801FF7D58B428B
:10A8A00018BF704708BF824270474FF4001C1CEB72
:10A8B000410F38BF1CEB430F01D28B42704770B57C
:10A8C00000F0D2F8922449004FF000514FF080532D
:10A8D000FFF7B8BF7FEAE17202D1101A62EB010103
:10A8E000B1FA81F30B3B24D3994012D1B0FA80F333
:10A8F00010FA03F108BF7047C3F11D0303F540636D
:10A9000003EBC2234FEAD1224FEA415002EB03513D
:10A910007047C3F1200C20FA0CFC41EA0C0198406E
:10A92000C3F1320303F5406303EBC22301EB035190
:10A930007047C3F1320C0CF5406C0CEBC22210B521
:10A94000C3F10004C4F1200E01FA0EFC21FA04F157
:10A9500000FA0EF3E04040EA0C00BDE8104001EBC5
:10A96000025138BF7047401C41F100015B0008BF35
:10A9700020F001007047000051EA030C17D41CF5C9
:10A98000801F58BFBCF5801F00F10680994218BF98
:10A99000704708BF9042704707D711F5801F58BF16
:10A9A00013F5801F19D499427047894270471CF5EE
:10A9B000801F08D5BCF5801FF7D58B4218BF7047A4
:10A9C00008BF824270474FF4001C1CEB410F38BF98
:10A9D0001CEB430F01D28B42704770B500F044F876
:10A9E000922449004FF080514FF00053FFF72ABFE7
:10A9F00051EA030C17D41CF5801F58BFBCF5801F0B
:10AA000000F10680994218BF704708BF9042704716
:10AA100007D711F5801F58BF13F5801F19D499422D
:10AA20007047894270471CF5801F08D5BCF5801F10
:10AA3000F7D58B4218BF704708BF824270474FF46A
:10AA4000001C1CEB410F38BF1CEB430F01D28B42A3
:10AA5000704770B500F008F8922449004FF000519B
:10AA60004FF08053FFF7EEBE0EF1020E2EF0030EF4
:10AA70005EF8046B364205D4012A43EB030515F555
:10AA8000001F12D8012841EB010C1CF5001F0CD847
:10AA90000ED14FEAD17C0CEB4C0C0CF1020C15F5ED
:10AAA000001F08BF4CEBD37C04E04FF0080C01E022
:10AAB0004FEAD37C0CEB4C0526FA05F606F00706A8
:10AAC000B6F1040C06D20EEB860CBDE870404CF0DB
:10AAD000010C6047DFE80CF0090B02024FF0004167
:10AAE000A1F500214FF0000070BD19461046012865
:10AAF00051EB010418BFD4F5001484BF002001F00D
:10AB0000004170BD0808A0F500114FEA31017047FF
:10AB100010B591EA030F48BF83F000433FF5F2AD53
:10AB2000841A71EB030C07D28CF0004C121943EB22
:10AB30000C03001B61EB0C014FEA1154A4EB135CF6
:10AB4000DFF8A4E11EEA430F18BF9EEA445F00F05D
:10AB5000B48021EA045123EA6E035242C3EB6E0330
:10AB600038BF5B1EDCF1200E25D322FA0CFE10EB61
:10AB70000E0043FA0CFE41EB0E01CCF1200E03FA5D
:10AB80000EFE10EB0E00CCF1200E51F1000129D485
:10AB900001EB045112FA0EF2BDE8104058BF7047A5
:10ABA000401C1CBFB2F1004F704700280CBF491C6D
:10ABB00020F00100704712EB020E43EB030218BFB6
:10ABC0004FF0010E4EEA4202ACF1200CDCF11E0EF9
:10ABD00056D943FA0CFE10EB0E00CCF11E0E51F1CB
:10ABE000FF31D5D50EF1010E12FA0EFE404141EBB8
:10ABF000010101EB445C5FEA5C5C10D901EB04519C
:10AC000010EBDE7038BFBEF1004FBDE8104018BF3A
:10AC1000704700280CBF491C20F00100704734D257
:10AC20004FEAD42C24F4006411F500111BD0B1FAC2
:10AC300081F20B3AA41AA41ED2F12003914030FAFB
:10AC400003F31943904001EBCC7101EB0451002C4C
:10AC5000BDE81040A8BF704701F1C04101F00041BC
:10AC60004FF000007047B0FA80F310FA03F102D100
:10AC7000BDE810407047E41A173C4805C90AE2E7EE
:10AC800001EB0451BDE81040704749104FEA300015
:10AC900001EB0451BDE8104002E04FF000017047A5
:10ACA0004A0008BF0042F8D0B2F5001F28BF704725
:10ACB00001F000414FF0000070479EEA445F07D06A
:10ACC00011EA5E0FBDE8104004BF0021002070476C
:10ACD000BDE8104070B5FFF7C7FE00BF40DFF63E8D
:10ACE000104683F0004170470000E0FF43004FEA48
:10ACF000D30C4FEA3C0C43401FBF40070CF160519E
:10AD000013F0FE4F70471CF0006F03D10CF00041B0
:10AD1000002070470CF0004343EA507040EACC003A
:10AD200010B500F038F800BF000000924FEA0001B3
:10AD3000FFF7E8BE4FF00041A1F500214FF0000001
:10AD4000704710B5FFF78AFD0CBF0120002010BD31
:10AD500010B5FFF783FD14BF0120002010BD10B512
:10AD6000FFF70AFE8CBF0120002010BD10B5FFF7D1
:10AD700003FE2CBF0120002010BD10B5FFF738FEE8
:10AD800094BF0120002010BD10B5FFF731FE34BF85
:10AD90000120002010BD0EF1020E2EF0030E5EF811
:10ADA000044B244204D44FEA4102B2F17F4F11D840
:10ADB0004FEA4003B3F17F4F0CD80ED14FEAD07C5D
:10ADC0000CEB4C0C0CF1020CB2F17F4F08BF4CEBBA
:10ADD000D17C04E04FF0080C01E04FEAD17C0CEB91
:10ADE0004C0324FA03F404F00704B4F1040C06D273
:10ADF0000EEB840CBDE810404CF0010C6047DFE81E
:10AE00000CF0070802024FF00040A0F5800010BDD2
:10AE10000846420018BFD2F1807288BF00F000409F
:10AE200010BDF1EE100A4FF6FF71C0F2C03120EAFA
:10AE3000010040F04070E1EE100A70474FF07F4C87
:10AE40003CEA410318BF3CEA400200F062804FF444
:10AE50007F0C0CEAD11310F0004F18BF43F005032C
:10AE60001CEAD01218BF13EA0C0F00F057804FF005
:10AE7000004C4CEA00204CEA0121A3F580339A42B1
:10AE800010DD23F00203B0F1004F06D343F00203BC
:10AE9000401ABCBF404283F001034FEA4000A2F5D4
:10AEA0008032ECE74FEA224CBCEB234F08DB8842B0
:10AEB00006D31CD0A0EB4100C0F1000083F00103D9
:10AEC00040001DD217D40DD0B0FA80FC0CF1010C5B
:10AED00000FA0CF0A2EB0C42D2F1000C12DB4FEAAC
:10AEE000C37070474FEA437000F00040704713F0A2
:10AEF000020FE5D0DEE74FEA4000B2F58032EBDD2D
:10AF0000002AE9DD4FEAC21242EA502040EAC3704B
:10AF1000704710B5FFF73FFFEDFFFF3E1CEAD11F62
:10AF200002D000F000407047004870470000C07F2A
:10AF3000FF2141EAD050C005704700000A154FEAD2
:10AF4000C12343EA50534FEAC02C18BF43F00043DB
:10AF50001BD4A2F24E02D2F57C7240F34280502AFA
:10AF6000A8BF502223FA02F12CFA02F0D2F12002FB
:10AF700060B403FA02F588BF2843C2F1000223FA45
:10AF800002F598BF284360BC704702F57C7212F549
:10AF9000826F08BF23F00043D2F12E0221DB1AD0CA
:10AFA000502AA8BF502223FA02F12CFA02F0D2F163
:10AFB000200260B403FA02F588BF2843C2F1000200
:10AFC00023FA02F598BF284360BC4042C1F100015A
:10AFD00038BF491E70479CF0000F08BF93F0004F28
:10AFE000DED070B5FFF740FD922449804FF000009D
:10AFF000002170476FEAE17080F000417047EEF782
:10B0000067B8EEF79BB904000008000000000000DC
:10B01000000200010000100000000000000000001D
:10B02000303132333435363738394142434445467E
:10B030004030580030313233343536373839616278
:10B0400063646566403078003031323334353637EA
:10B050003839616263646566787000303132333448
:10B060003536373839414243444546585000000090
:10B0700002400000000000A00000000005400000A9
:10B08000000000C8000000000C4000000000409CD0
:10B0900000000000194000000020BCBE00000000BD
:10B0A00034400000BFC91B8E00000004B540000002
:10B0B000504BCFD06607E2CF010000006C4100008A
:10B0C0003E8251AADFEEA73401000000D942000001
:10B0D000DCB5A0E23A301F97FFFFFFFFB445000048
:10B0E000FD25A0C8E9A3C14FFFFFFFFFFF3F000000
:10B0F0000000008000000000FF3F00000000008012
:10B1000000000000000000006E83F9A22915444EE3
:10B11000D15727FCC0DD34F5999562DB4190433C63
:10B12000AB6351FE00000B00EC034D0002008900F0
:10B1300003008A001800A40020002C0021002D002C
:10B1400022002E0023002F002500B1003F00CB007D
:10B15000FFFF0000000000009DF73F3DFFEBBC3DFE
:10B160000D6E0B3EE1EC363EC6F8603EC0CB843E31
:10B17000F167983EF853AB3EFB92BD3E4128CF3E6F
:10B18000CE16E03EC861F03E2906003FCA8C073F5C
:10B1900069C60E3F89B4153FBC581C3FA6B4223F78
:10B1A000B8C9283FA6992E3FF225343F2E70393F6B
:10B1B000EE793E3FD444433F52D2473F1C244C3F9C
:10B1C000B43B503FAC1A543FA9C2573F1A355B3FBE
:10B1D000B4735E3FE97F613F6C5B643FC007673FCC
:10B1E0008786693F34D96B3F69016E3FC900703F64
:10B1F000C7D8713F158B733F3719753FBE84763FB3
:10B200003ECF773F48FA783F70077A3F59F87A3F48
:10B2100074CE7B3F768B7C3FCF307D3F33C07D3F0C
:10B22000153B7E3F27A37E3FECF97E3FF6407F3FF4
:10B23000C8797F3F16A67F3F60C77F3F3BDF7F3FD8
:10B2400039EF7F3FECF87F3FE7FD7F3FBDFF7F3F5A
:10B250000000803F00000000A6B9353EE0F77F3EC9
:10B260004B1D9C3EDF87B33EC9E5C73EED11DA3E7C
:10B27000198FEA3EC4B2F93E38DC033FBF650A3F8E
:10B280008C86103F554B163F66BE1B3FEFE7203FB5
:10B29000F2CE253F14792A3F4FEB2E3FA229333FB0
:10B2A000CA37373FEC183B3FA7CF3E3F895E423F4E
:10B2B0009BC7453FE50C493F1A304C3FBE324F3FDC
:10B2C0004016523FCFDB543FBA84573FDC115A3F00
:10B2D00062845C3FF4DC5E3F8F1C613FD943633F77
:10B2E0008B53653F4D4C673FA52E693F1AFB6A3F64
:10B2F00042B26C3F71546E3F3FE26F3FEE5B713F75
:10B30000F4C1723F9414743F2254753FF180763F2C
:10B31000459B773F51A3783F5699793F897D7A3F86
:10B320002B507B3F4D117C3F22C17C3FCC5F7D3F4A
:10B330007CED7D3F336A7E3F24D67E3F4D317F3F9B
:10B34000C07B7F3FAFB57F3FF8DE7F3FBEF77F3FDB
:10B350000000803F0000000000000000EA0E3745BA
:10B36000FA13844500409C45EABEAC4523ECB84541
:10B37000D862C245BB03CA455555D045C7ADD54572
:10B380001847DA45FD49DE45FED3E1451AFBE445A1
:10B3900017D0E7450060EA4526B5EC45D2D7EE4523
:10B3A000BECEF045759FF245924EF445F1DFF5456E
:10B3B000D956F74512B6F8450000FA45B636FB45B2
:10B3C000FE5BFC456C71FD455F78FE451172FF45E3
:10B3D000CA2F0046EFA00046E50C01460E74014658
:10B3E000C4D60146553502460A90024625E7024674
:10B3F000E03A0346728B03460DD90346DE2304462A
:10B400000F6C0446C6B1044627F50446523605467D
:10B41000667505467FB20546B7ED05462527064603
:10B42000E15E0646FF94064694C90646B1FC064610
:10B43000672E0746C65E0746DF8D0746BEBB07463A
:10B4400072E8074606140846863E0846FF67084627
:10B450007990084600B808469CDE0846570409461D
:10B46000392909464A4D09469170094616930946FD
:10B47000E0B40946F4D509465BF6094618160A46B3
:10B4800033350A46AF530A4694710A46E48E0A469B
:10B49000A6AB0A46DDC70A468EE30A46BDFE0A464B
:10B4A0006E190B46A4330B46644D0B46B0660B4633
:10B4B0008D7F0B46FC970B4602B00B46A1C70B468F
:10B4C000DCDE0B46B6F50B46310C0C4651220C4621
:10B4D00016380C46844D0C469E620C4664770C462A
:10B4E000D98B0C4600A00C46DAB30C4669C70C4653
:10B4F000AFDA0C46ADED0C4666000D46DB120D468C
:10B500000E250D4600370D46B2480D46265A0D460B
:10B510005E6B0D465B7C0D461E8D0D46A89D0D464F
:10B52000FBAD0D4618BE0D4600CE0D46B4DD0D46F2
:10B5300035ED0D4684FC0D46A30B0E46921A0E46C1
:10B5400052290E46E5370E464B460E4684540E46AB
:10B5500093620E4677700E46327E0E46C58B0E46BF
:10B560002F990E4672A60E468FB30E4687C00E4622
:10B5700059CD0E4607DA0E4692E60E46F9F20E4611
:10B580003FFF0E46620B0F4664170F4646230F46D9
:10B59000082F0F46AB3A0F462E460F4694510F46E2
:10B5A000DB5C0F4605680F4613730F46047E0F469B
:10B5B000D9880F4692930F46319E0F46B5A80F4685
:10B5C0001FB30F4670BD0F46A7C70F46C5D10F4624
:10B5D000CBDB0F46B9E50F468FEF0F464EF90F460E
:10B5E000F5021046860C104601161046661F1046DE
:10B5F000B5281046EF311046143B1046244410463F
:10B60000204D104607561046DB5E10469C671046DC
:10B6100049701046E37810466A811046E08910466A
:10B6200042921046939A1046D3A2104601AB1046A0
:10B630001DB3104629BB104624C310460FCB10463D
:10B64000E9D21046B3DA10466EE2104618EA104608
:10B65000B4F1104640F91046BD0011462B081146C2
:10B660008A0F1146DB1611461E1E11465325114640
:10B670007A2C1146933311469E3A11469C4111464D
:10B680008D481146714F114647561146115D1146BE
:10B69000CF631146806A114624711146BD77114669
:10B6A000497E1146CA8411463F8B1146A891114626
:10B6B00006981146589E1146A0A41146DCAA1146D0
:10B6C0000DB1114633B711464FBD114660C3114647
:10B6D00067C9114663CF114655D511463DDB11466A
:10B6E0001BE11146EFE61146BAEC11467AF211461B
:10B6F00031F81146DFFD1146830312461E0912463A
:10B70000B00E124639141246B91912462F1F1246AE
:10B710009D241246032A1246602F1246B434124664
:10B72000003A1246433F12467E441246B149124641
:10B73000DC4E1246FF5312461A5912462E5E12462E
:10B74000396312463D681246396D12462D72124613
:10B750001A771246007C1246DE801246B5851246E4
:10B76000858A12464E8F124610941246CB98124686
:10B770007F9D12462CA21246D2A6124671AB1246EB
:10B780000AB012469CB4124628B91246ADBD124604
:10B790002CC21246A5C6124617CB124683CF1246BC
:10B7A000E9D3124648D81246A2DC1246F6E0124609
:10B7B00043E512468BE91246CDED124609F21246D8
:10B7C0003FF6124670FA12469BFE1246C00213461E
:10B7D000E0061346FA0A13460F0F13461E131346CC
:10B7E000291713462D1B13462D1F134627231346D7
:10B7F0001C2713460C2B1346F72E1346DD32134637
:10B80000BE361346993A1346703E134642421346DB
:10B810000F461346D84913469B4D13465A511346BB
:10B8200014551346CA5813467B5C134627601346CB
:10B83000CF63134672671346116B1346AB6E134604
:10B8400041721346D375134660791346E97C13465B
:10B850006E801346EF8313466B871346E38A1346C5
:10B86000578E1346C7911346339513469B9813463C
:10B87000FF9B13465F9F1346BBA2134613A61346B6
:10B8800067A91346B7AC134603B013464CB313462F
:10B8900091B61346D2B9134610BD134649C013469C
:10B8A00080C31346B2C61346E1C913460CCD1346F6
:10B8B00034D0134658D3134679D6134696D9134637
:10B8C000B0DC1346C6DF1346D9E21346E9E513465A
:10B8D000F5E81346FEEB134604EF134606F2134653
:10B8E00005F5134601F81346FAFA1346EFFD134621
:10B8F000E1001446D1031446BD061446A6091446B9
:10B900008B0C14466E0F14464E1214462B1514461B
:10B9100004181446DB1A1446AF1D14468020144642
:10B920004E23144619261446E1281446A62B144625
:10B93000692E144628311446E53314469F361446C2
:10B94000573914460B3C1446BD3E14466C41144610
:10B9500018441446C2461446694914460E4C14460F
:10B96000B04E14464F511446EB53144685561446B8
:10B970001D591446B25B1446445E1446D460144606
:10B9800062631446ED65144675681446FB6A1446F6
:10B990007F6D1446007014467F721446FB74144683
:10B9A00075771446ED791446627C1446D57E1446AC
:10B9B00046811446B4831446218614468A88144668
:10B9C000F28A1446578D1446BB8F14461B921446B8
:10B9D0007A941446D796144631991446899B144696
:10B9E000DF9D144633A0144685A21446D5A4144600
:10B9F00022A714466EA91446B7AB1446FEAD1446F2
:10BA000044B0144687B21446C8B4144607B7144667
:10BA100045B9144680BB1446B9BD1446F0BF144660
:10BA200026C2144659C414468AC61446BAC81446D7
:10BA3000E7CA144613CD14463DCF144665D11446CB
:10BA40008BD31446AFD51446D1D71446F2D9144639
:10BA500011DC14462DDE144649E0144662E2144619
:10BA600079E414468FE61446A3E81446B5EA144672
:10BA7000C5EC1446D4EE1446E1F01446ECF214463C
:10BA8000F6F41446FEF6144604F9144608FB144670
:10BA90000BFD14460CFF14460B0115460903154611
:10BAA0000505154600071546F9081546F00A15461E
:10BAB000E60C1546DA0E1546CC101546BD12154695
:10BAC000AD1415469A16154687181546711A15466F
:10BAD0005A1C1546421E1546282015460D221546AD
:10BAE000F0231546D1251546B2271546902915464F
:10BAF0006D2B1546492D1546232F1546FC3015464E
:10BB0000D3321546A93415467E36154651381546AA
:10BB1000223A1546F23B1546C13D15468F3F154664
:10BB20005B41154625431546EF441546B646154676
:10BB30007D481546424A1546064C1546C84D1546E1
:10BB40008A4F15464951154608531546C5541546A2
:10BB5000815615463C581546F5591546AD5B1546B8
:10BB6000645D1546195F1546CD6015468062154621
:10BB700032641546E2651546916715463F691546DC
:10BB8000EC6A1546986C1546426E1546EB6F1546E5
:10BB90009371154639731546DF741546837615463D
:10BBA00026781546C8791546687B1546087D1546E2
:10BBB000A67E154643801546DF8115467A831546D5
:10BBC00014851546AD86154644881546DA8915460E
:10BBD000708B1546048D1546978E15462890154690
:10BBE000B991154649931546D7941546659615465D
:10BBF000F19715467D991546079B1546909C15466D
:10BC0000189E15469F9F154625A11546AAA21546C2
:10BC10002EA41546B1A5154633A71546B4A815465A
:10BC200033AA1546B2AB154630AD1546ADAE154636
:10BC300028B01546A3B115461DB3154696B4154652
:10BC40000DB6154684B71546FAB815466FBA1546AF
:10BC5000E2BB154655BD1546C7BE154638C015464C
:10BC6000A8C1154617C3154685C41546F2C5154625
:10BC70005FC71546CAC8154634CA15469DCB15463A
:10BC800006CD15466ECE1546D4CF15463AD115468B
:10BC90009FD2154603D4154666D51546C8D6154617
:10BCA00029D8154689D91546E9DA154647DC1546DF
:10BCB000A5DD154602DF15465EE01546B9E11546DD
:10BCC00013E315466CE41546C5E515461CE7154615
:10BCD00073E81546C9E915461EEB154673EC154683
:10BCE000C6ED154619EF15466AF01546BBF1154627
:10BCF0000BF315465BF41546A9F51546F7F6154600
:10BD000044F8154690F91546DBFA154625FC15460C
:10BD10006FFD1546B8FE154600001646470116464B
:10BD20008E021646D4031646180516465D061646BC
:10BD3000A0071646E3081646250A1646660B164661
:10BD4000A60C1646E60D1646240F16466310164638
:10BD5000A0111646DC121646181416465315164640
:10BD60008E161646C717164600191646391A164675
:10BD7000701B1646A71C1646DD1D1646121F1646DA
:10BD8000472016467B211646AE221646E02316466D
:10BD9000122516464326164674271646A32816462D
:10BDA000D2291646012B16462E2C16465B2D16461A
:10BDB000872E1646B32F1646DE3016460832164634
:10BDC000323316465B34164683351646AA36164677
:10BDD000D1371646F73816461D3A1646423B1646E8
:10BDE000663C16468A3D1646AD3E1646CF3F164681
:10BDF000F140164612421646324316465244164643
:10BE00007145164690461646AE471646CB4816462E
:10BE1000E8491646044B16461F4C16463A4D164640
:10BE2000544E16466E4F1646875016469F5116467C
:10BE3000B7521646CE531646E4541646FA551646E1
:10BE40001057164624581646395916464C5A164667
:10BE50005F5B1646715C1646835D1646955E164618
:10BE6000A55F1646B5601646C5611646D4621646ED
:10BE7000E2631646F0641646FD6516460A671646E6
:10BE800016681646216916462C6A1646376B164602
:10BE9000406C16464A6D1646526E16465B6F164645
:10BEA00062701646697116467072164676731646AB
:10BEB0007B74164680751646857616468977164633
:10BEC0008C7816468F791646917A1646937B1646DD
:10BED000947C1646957D1646957E1646947F1646AA
:10BEE0009480164692811646908216468E83164698
:10BEF0008B84164687851646838616467F871646A8
:10BF00007A881646758916466F8A1646688B1646D5
:10BF1000618C16465A8D1646528E1646498F164625
:10BF200040901646379116462D9216462293164695
:10BF3000189416460C95164600961646F496164624
:10BF4000E7971646DA981646CC991646BE9A1646D4
:10BF5000AF9B1646A09C1646909D1646809E1646A0
:10BF60006F9F16465EA016464DA116463BA216468A
:10BF700028A3164615A4164602A51646EEA5164693
:10BF8000DAA61646C5A71646B0A816469AA91646BA
:10BF900084AA16466EAB164657AC16463FAD1646FB
:10BFA00027AE16460FAF1646F6AF1646DDB016465C
:10BFB000C4B11646A9B216468FB3164674B41646D7
:10BFC00059B516463DB6164621B7164604B816466C
:10BFD000E7B81646C9B91646ABBA16468DBB164623
:10BFE0006EBC16464FBD16462FBE16460FBF1646F0
:10BFF000EFBF1646CEC01646ADC116468BC21646DA
:10C0000069C3164646C4164624C5164600C61646DB
:10C01000DCC61646B8C7164694C816466FC91646FB
:10C0200049CA164624CB1646FECB1646D7CC164632
:10C03000B0CD164689CE164661CF164639D0164683
:10C0400010D11646E7D11646BED2164694D31646F0
:10C050006AD4164640D5164615D61646EAD6164672
:10C06000BED7164692D8164666D9164639DA16460F
:10C070000CDB1646DEDB1646B1DC164682DD1646C4
:10C0800054DE164625DF1646F5DF1646C6E0164690
:10C0900095E1164665E2164634E3164603E4164675
:10C0A000D1E416469FE516466DE616463AE7164673
:10C0B00007E81646D4E81646A0E916466CEA164686
:10C0C00038EB164603EC1646CEEC164698ED1646AF
:10C0D00062EE16462CEF1646F6EF1646BFF01646F1
:10C0E00087F1164650F2164618F31646DFF3164649
:10C0F000A7F416466EF5164635F61646FBF61646B6
:10C10000C1F7164686F816464CF9164611FA164639
:10C11000D5FA16469AFB16465EFC164621FD1646D3
:10C12000E5FD1646A8FE16466AFF16462C00174681
:10C13000EE001746B0011746710217463203174644
:10C14000F3031746B304174673051746330617461D
:10C15000F3061746B2071746700817462F09174609
:10C16000ED091746AB0A1746680B1746250C17460C
:10C17000E20C17469F0D17465B0E1746170F174622
:10C18000D20F17468E10174649111746031217464D
:10C19000BE1217467813174631141746EB1417468C
:10C1A000A41517465D16174615171746CE171746DE
:10C1B000861817463D191746F5191746AC1A174643
:10C1C000621B1746191C1746CF1C1746851D1746BC
:10C1D0003A1E1746F01E1746A41F17465920174649
:10C1E0000E211746C22117467522174629231746E6
:10C1F000DC2317468F24174642251746F425174699
:10C20000A6261746582717460A281746BB2817465A
:10C210006C2917461C2A1746CD2A17467D2B174630
:10C220002D2C1746DC2C17468C2D17463B2E174617
:10C23000E92E1746982F174646301746F430174612
:10C24000A13117464F321746FC321746A93317461D
:10C250005534174601351746AD351746593617463A
:10C2600005371746B03717465B3817460539174666
:10C27000B03917465A3A1746043B1746AD3B1746A6
:10C28000573C1746003D1746A93D1746513E1746F5
:10C29000FA3E1746A23F174649401746F140174657
:10C2A000984117463F421746E64217468C431746C9
:10C2B00033441746D94417467E4517462446174649
:10C2C000C94617466E47174613481746B7481746DC
:10C2D0005C491746004A1746A34A1746474B17467C
:10C2E000EA4B17468D4C1746304D1746D24D174630
:10C2F000754E1746174F1746B94F17465A501746EF
:10C30000FB5017469C5117463D521746DE521746C2
:10C310007E5317461E541746BE5417465E551746A1
:10C32000FD5517469C5617463B571746DA57174692
:10C330007858174617591746B5591746525A17468F
:10C34000F05A17468D5B17462A5C1746C75C17469E
:10C35000645D1746005E17469C5E1746385F1746B9
:10C36000D45F17466F6017460A611746A5611746E6
:10C3700040621746DB621746756317460F6417461F
:10C38000A964174643651746DC6517467566174668
:10C390000E671746A767174640681746D8681746BE
:10C3A00070691746086A1746A06A1746376B174622
:10C3B000CE6B1746656C1746FC6C1746936D174697
:10C3C000296E1746BF6E1746556F1746EB6F174617
:10C3D0008070174616711746AB71174640721746A4
:10C3E000D472174669731746FD7317469174174642
:10C3F00025751746B97517464C761746DF761746EA
:10C400007277174605781746987817462A7917469F
:10C41000BC7917464E7A1746E07A1746727B174664
:10C42000037C1746947C1746257D1746B67D174634
:10C43000467E1746D77E1746677F1746F77F174613
:10C440008780174616811746A681174635821746FC
:10C45000C482174652831746E18317466F841746F6
:10C46000FE8417468C85174619861746A7861746F9
:10C4700034871746C18717464F881746DB8817460B
:10C4800068891746F4891746818A17460D8B174627
:10C49000998B1746248C1746B08C17463B8D174650
:10C4A000C68D1746518E1746DC8E1746668F174687
:10C4B000F18F17467B901746059117468F911746C7
:10C4C00018921746A29217462B931746B493174615
:10C4D0003D941746C59417464E951746D695174670
:10C4E0005E961746E69617466E971746F6971746D6
:10C4F0007D981746049917468B991746129A174646
:10C50000999A1746209B1746A69B17462C9C1746C0
:10C51000B29C1746389D1746BE9D1746439E174648
:10C52000C89E17464D9F1746D29F174657A01746DD
:10C53000DCA0174660A11746E4A1174668A217467B
:10C54000ECA2174670A31746F4A3174677A4174624
:10C55000FAA417467DA5174600A6174683A61746D8
:10C5600005A7174688A717460AA817468CA8174696
:10C570000EA917468FA9174611AA174692AA174661
:10C5800013AB174694AB174615AC174696AC174637
:10C5900016AD174697AD174617AE174697AE174616
:10C5A00017AF174696AF174616B0174695B0174601
:10C5B00014B1174694B1174612B2174691B21746F6
:10C5C00010B317468EB317460CB417468AB41746F5
:10C5D00008B5174686B5174604B6174681B61746FE
:10C5E000FEB617467BB71746F8B7174675B8174615
:10C5F000F2B817466EB91746EBB9174667BA174631
:10C60000E3BA17465FBB1746DABB174656BC174658
:10C61000D1BC17464DBD1746C8BD174643BE174689
:10C62000BDBE174638BF1746B3BF17462DC01746C5
:10C63000A7C0174621C117469BC1174615C217460A
:10C640008EC2174608C3174681C31746FAC317465A
:10C6500073C41746ECC4174665C51746DDC51746B3
:10C6600055C61746CEC6174646C71746BEC7174615
:10C6700035C81746ADC8174625C917469CC9174681
:10C6800013CA17468ACA174601CB174678CB1746F6
:10C69000EECB174665CC1746DBCC174651CD174677
:10C6A000C7CD17463DCE1746B3CE174629CF1746FE
:10C6B0009ECF174614D0174689D01746FED017468E
:10C6C00073D11746E7D117465CD21746D1D2174629
:10C6D00045D31746B9D317462DD41746A1D41746CC
:10C6E00015D5174688D51746FCD517466FD6174679
:10C6F000E3D6174656D71746C9D717463BD817462D
:10C70000AED8174621D9174693D9174605DA1746EA
:10C7100077DA1746E9DA17465BDB1746CDDB1746B3
:10C720003FDC1746B0DC174621DD174693DD174680
:10C7300004DE174675DE1746E5DE174656DF174658
:10C74000C7DF174637E01746A7E0174617E1174639
:10C7500087E11746F7E1174667E21746D7E2174623
:10C7600046E31746B5E3174625E4174694E4174613
:10C7700003E5174672E51746E0E517464FE617460C
:10C78000BDE617462CE717469AE7174608E817460E
:10C7900076E81746E4E8174651E91746BFE9174619
:10C7A0002CEA174699EA174607EB174674EB17462B
:10C7B000E1EB17464DEC1746BAEC174627ED174646
:10C7C00093ED1746FFED17466CEE1746D8EE174669
:10C7D00043EF1746AFEF17461BF0174687F0174693
:10C7E000F2F017465DF11746C8F1174634F21746C6
:10C7F0009EF2174609F3174674F31746DFF3174600
:10C8000049F41746B3F417461EF5174688F5174640
:10C81000F2F517465BF61746C5F617462FF717468B
:10C8200098F7174602F817466BF81746D4F81746DC
:10C830003DF91746A6F917460FFA174678FA174634
:10C84000E0FA174649FB1746B1FB174619FC174695
:10C8500081FC1746E9FC174651FD1746B9FD1746FE
:10C8600020FE174688FE1746EFFE174657FF17466D
:10C87000BEFF1746250018468C001846F2001846E1
:10C8800059011846C0011846260218468D0218465E
:10C89000F302184659031846BF03184625041846E4
:10C8A0008B041846F004184656051846BC05184671
:10C8B0002106184686061846EB0618465007184605
:10C8C000B50718461A0818467F081846E3081846A0
:10C8D00048091846AC091846100A1846750A184641
:10C8E000D90A18463C0B1846A00B1846040C1846EB
:10C8F000680C1846CB0C18462E0D1846920D18469B
:10C90000F50D1846580E1846BB0E18461E0F184651
:10C91000810F1846E30F184646101846A81018460F
:10C920000A1118466D111846CF11184631121846D3
:10C9300093121846F412184656131846B8131846A0
:10C94000191418467B141846DC1418463D15184671
:10C950009E151846FF15184660161846C11618464B
:10C960002117184682171846E2171846431818462A
:10C97000A31818460319184663191846C319184610
:10C98000231A1846831A1846E21A1846421B1846FC
:10C99000A11B1846011C1846601C1846BF1C1846EF
:10C9A0001E1D18467D1D1846DC1D18463A1E1846E9
:10C9B000991E1846F81E1846561F1846B41F1846EA
:10C9C0001320184671201846CF2018462D211846EE
:10C9D0008B211846E821184646221846A4221846FC
:10C9E000012318465E231846BC231846192418460E
:10C9F00076241846D3241846302518468C25184628
:10CA0000E925184646261846A2261846FF26184647
:10CA10005B271846B7271846132818466F2818466C
:10CA2000CB2818462729184683291846DE29184698
:10CA30003A2A1846952A1846F12A18464C2B1846C9
:10CA4000A72B1846022C18465D2C1846B82C184601
:10CA5000132D18466E2D1846C82D1846232E18463D
:10CA60007D2E1846D72E1846322F18468C2F184682
:10CA7000E62F1846403018469A301846F4301846CB
:10CA80004D311846A7311846003218465A3218461A
:10CA9000B33218460C33184666331846BF3318466F
:10CAA0001834184670341846C934184622351846CA
:10CAB0007B351846D33518462C361846843618462A
:10CAC000DC361846343718468C371846E437184693
:10CAD0003C38184694381846EC38184644391846FD
:10CAE0009B391846F33918464A3A1846A13A18466F
:10CAF000F83A1846503B1846A73B1846FE3B1846E6
:10CB0000543C1846AB3C1846023D1846593D184661
:10CB1000AF3D1846063E18465C3E1846B23E1846E3
:10CB2000083F18465E3F1846B43F18460A4018466C
:10CB300060401846B64018460C41184661411846F8
:10CB4000B74118460C42184662421846B74218468A
:10CB50000C43184661431846B64318460B44184622
:10CB600060441846B5441846094518465E451846BF
:10CB7000B2451846074618465B461846AF46184663
:10CB80000447184658471846AC4718460048184608
:10CB900054481846A7481846FB4818464F491846B7
:10CBA000A2491846F6491846494A18469C4A18466A
:10CBB000F04A1846434B1846964B1846E94B184620
:10CBC0003C4C18468E4C1846E14C1846344D1846DD
:10CBD000864D1846D94D18462B4E18467E4E18469F
:10CBE000D04E1846224F1846744F1846C64F184666
:10CBF000185018466A501846BC5018460E51184630
:10CC00005F511846B1511846025218465452184600
:10CC1000A5521846F65218464753184699531846D7
:10CC2000EA5318463B5418468B541846DC541846B1
:10CC30002D5518467E551846CE5518461F5618468F
:10CC40006F561846BF561846105718466057184674
:10CC5000B05718460058184650581846A05818465D
:10CC6000F05818463F5918468F591846DF5918464C
:10CC70002E5A18467E5A1846CD5A18461C5B18463E
:10CC80006B5B1846BB5B18460A5C1846595C184635
:10CC9000A85C1846F65C1846455D1846945D184633
:10CCA000E35D1846315E1846805E1846CE5E184633
:10CCB0001C5F18466B5F1846B95F18460760184638
:10CCC00055601846A3601846F16018463F61184643
:10CCD0008D611846DA611846286218467562184652
:10CCE000C3621846106318465E631846AB63184665
:10CCF000F86318464564184692641846DF6418467F
:10CD00002C65184679651846C66518461366184698
:10CD10005F661846AC661846F866184645671846BA
:10CD200091671846DD6718462968184676681846E0
:10CD3000C26818460E6918465A691846A669184608
:10CD4000F16918463D6A1846896A1846D46A184639
:10CD5000206B18466B6B1846B76B1846026C18466A
:10CD60004D6C1846996C1846E46C18462F6D1846A1
:10CD70007A6D1846C56D18460F6E18465A6E1846DD
:10CD8000A56E1846F06E18463A6F1846856F18461D
:10CD9000CF6F18461A70184664701846AE70184661
:10CDA000F8701846427118468D711846D7711846AA
:10CDB000207218466A721846B4721846FE721846F7
:10CDC0004773184691731846DB7318462474184647
:10CDD0006D741846B774184600751846497518469C
:10CDE00092751846DC751846257618466D761846F5
:10CDF000B6761846FF761846487718469177184653
:10CE0000D9771846227818466A781846B3781846B3
:10CE1000FB781846437918468C791846D479184619
:10CE20001C7A1846647A1846AC7A1846F47A184682
:10CE30003C7B1846847B1846CB7B1846137C1846EF
:10CE40005B7C1846A27C1846EA7C1846317D184661
:10CE5000797D1846C07D1846077E18464E7E1846D6
:10CE6000957E1846DD7E1846247F18466A7F184650
:10CE7000B17F1846F87F18463F80184686801846CE
:10CE8000CC8018461381184659811846A08118464F
:10CE9000E68118462C82184673821846B9821846D5
:10CEA000FF821846458318468B831846D18318465F
:10CEB000178418465D841846A3841846E8841846EB
:10CEC0002E85184674851846B9851846FF8518467C
:10CED000448618468A861846CF8618461487184610
:10CEE000598718469E871846E487184629881846A9
:10CEF0006E881846B2881846F78818463C89184646
:10CF000081891846C58918460A8A18464F8A1846E4
:10CF1000938A1846D88A18461C8B1846608B184688
:10CF2000A58B1846E98B18462D8C1846718C18462F
:10CF3000B58C1846F98C18463D8D1846818D1846DB
:10CF4000C58D1846088E18464C8E1846908E184689
:10CF5000D38E1846178F18465A8F18469E8F18463C
:10CF6000E18F18462490184668901846AB901846F2
:10CF7000EE9018463191184674911846B7911846AC
:10CF8000FA9118463D9218467F921846C29218466A
:10CF900005931846479318468A931846CD9318462A
:10CFA0000F9418465194184694941846D6941846EF
:10CFB000189518465A9518469D951846DF951846B7
:10CFC0002196184663961846A5961846E696184682
:10CFD000289718466A971846AC971846ED97184652
:10CFE0002F98184671981846B2981846F398184624
:10CFF0003599184676991846B7991846F9991846FA
:10D000003A9A18467B9A1846BC9A1846FD9A1846D2
:10D010003E9B18467F9B1846C09B1846009C1846AE
:10D02000419C1846829C1846C29C1846039D18468F
:10D03000449D1846849D1846C49D1846059E184672
:10D04000459E1846859E1846C69E1846069F184659
:10D05000469F1846869F1846C69F184606A0184643
:10D0600046A0184686A01846C5A0184605A1184631
:10D0700045A1184685A11846C4A1184604A2184621
:10D0800043A2184683A21846C2A2184601A3184616
:10D0900041A3184680A31846BFA31846FEA318460E
:10D0A0003DA418467CA41846BBA41846FAA418460A
:10D0B00039A5184678A51846B7A51846F6A5184606
:10D0C00034A6184673A61846B1A61846F0A6184608
:10D0D0002EA718466DA71846ABA71846EAA718460C
:10D0E00028A8184666A81846A4A81846E2A8184614
:10D0F00021A918465FA918469DA91846DBA918461C
:10D1000018AA184656AA184694AA1846D2AA18462B
:10D1100010AB18464DAB18468BAB1846C8AB18463B
:10D1200006AC184643AC184681AC1846BEAC18464F
:10D13000FBAC184639AD184676AD1846B3AD184667
:10D14000F0AD18462DAE18466AAE1846A7AE184682
:10D15000E4AE184621AF18465EAF18469BAF18469E
:10D16000D7AF184614B0184651B018468DB01846BF
:10D17000CAB0184606B1184643B118467FB11846E2
:10D18000BCB11846F8B1184634B2184670B2184609
:10D19000ADB21846E9B2184625B3184661B3184631
:10D1A0009DB31846D9B3184615B4184651B418465D
:10D1B0008CB41846C8B4184604B518463FB518468E
:10D1C0007BB51846B7B51846F2B518462EB61846C0
:10D1D00069B61846A4B61846E0B618461BB71846F6
:10D1E00056B7184692B71846CDB7184608B818462D
:10D1F00043B818467EB81846B9B81846F4B8184669
:10D200002FB918466AB91846A4B91846DFB91846A6
:10D210001ABA184655BA18468FBA1846CABA1846E6
:10D2200004BB18463FBB184679BB1846B4BB18462A
:10D23000EEBB184628BC184663BC18469DBC184671
:10D24000D7BC184611BD18464BBD184685BD1846BB
:10D25000BFBD1846F9BD184633BE18466DBE184608
:10D26000A7BE1846E1BE18461ABF184654BF184656
:10D270008EBF1846C7BF184601C018463AC01846A8
:10D2800074C01846ADC01846E7C0184620C11846FD
:10D2900059C1184693C11846CCC1184605C2184654
:10D2A0003EC2184677C21846B0C21846E9C21846B0
:10D2B00022C318465BC3184694C31846CDC318460C
:10D2C00006C418463EC4184677C41846B0C418466B
:10D2D000E8C4184621C518465AC5184692C51846CE
:10D2E000CBC5184603C618463BC6184674C6184632
:10D2F000ACC61846E4C618461CC7184655C718469B
:10D300008DC71846C5C71846FDC7184635C8184604
:10D310006DC81846A5C81846DDC8184614C9184671
:10D320004CC9184684C91846BCC91846F3C91846E2
:10D330002BCA184663CA18469ACA1846D2CA184653
:10D3400009CB184641CB184678CB1846AFCB1846C8
:10D35000E7CB18461ECC184655CC18468CCC184640
:10D36000C3CC1846FACC184632CD184669CD1846BB
:10D37000A0CD1846D6CD18460DCE184644CE184638
:10D380007BCE1846B2CE1846E9CE18461FCF1846B7
:10D3900056CF18468DCF1846C3CF1846FACF184639
:10D3A00030D0184667D018469DD01846D3D01846BE
:10D3B0000AD1184640D1184676D11846ADD1184644
:10D3C000E3D1184619D218464FD2184685D21846CE
:10D3D000BBD21846F1D2184627D318465DD318465B
:10D3E00093D31846C9D31846FFD3184634D41846E9
:10D3F0006AD41846A0D41846D5D418460BD518467A
:10D4000041D5184676D51846ACD51846E1D518460C
:10D4100016D618464CD6184681D61846B6D61846A3
:10D42000ECD6184621D7184656D718468BD718463B
:10D43000C0D71846F5D718462AD818465FD81846D8
:10D4400094D81846C9D81846FED8184633D9184675
:10D4500068D918469DD91846D1D9184606DA184613
:10D460003BDA18466FDA1846A4DA1846D8DA1846B6
:10D470000DDB184641DB184676DB1846AADB18465A
:10D48000DFDB184613DC184647DC18467BDC184601
:10D49000B0DC1846E4DC184618DD18464CDD1846AA
:10D4A00080DD1846B4DD1846E8DD18461CDE184657
:10D4B00050DE184684DE1846B8DE1846ECDE184604
:10D4C0001FDF184653DF184687DF1846BADF1846B5
:10D4D000EEDF184622E0184655E0184689E0184667
:10D4E000BCE01846F0E0184623E1184656E118461D
:10D4F0008AE11846BDE11846F0E1184624E21846D4
:10D5000057E218468AE21846BDE21846F0E218468D
:10D5100023E3184656E3184689E31846BCE3184649
:10D52000EFE3184622E4184655E4184688E4184606
:10D53000BAE41846EDE4184620E5184653E51846C7
:10D5400085E51846B8E51846EAE518461DE618468A
:10D550004FE6184682E61846B4E61846E7E618464F
:10D5600019E718464BE718467EE71846B0E7184615
:10D57000E2E7184614E8184646E8184678E81846E0
:10D58000ABE81846DDE818460FE9184641E91846A9
:10D5900073E91846A4E91846D6E9184608EA184679
:10D5A0003AEA18466CEA18469DEA1846CFEA184649
:10D5B00001EB184632EB184664EB184696EB18461A
:10D5C000C7EB1846F9EB18462AEC18465CEC1846EF
:10D5D0008DEC1846BEEC1846F0EC184621ED1846C6
:10D5E00052ED184683ED1846B5ED1846E6ED18469F
:10D5F00017EE184648EE184679EE1846AAEE184679
:10D60000DBEE18460CEF18463DEF18466EEF184655
:10D610009FEF1846D0EF184600F0184631F0184634
:10D6200062F0184693F01846C3F01846F4F0184616
:10D6300025F1184655F1184686F11846B6F11846F8
:10D64000E7F1184617F2184647F2184678F21846DE
:10D65000A8F21846D9F2184609F3184639F31846C5
:10D6600069F3184699F31846CAF31846FAF31846B0
:10D670002AF418465AF418468AF41846BAF418469A
:10D68000EAF418461AF518464AF5184679F5184688
:10D69000A9F51846D9F5184609F6184639F6184678
:10D6A00068F6184698F61846C8F61846F7F618466B
:10D6B00027F7184656F7184686F71846B5F718465E
:10D6C000E5F7184614F8184644F8184673F8184653
:10D6D000A2F81846D2F8184601F9184630F918464B
:10D6E0005FF918468EF91846BEF91846EDF9184646
:10D6F0001CFA18464BFA18467AFA1846A9FA184640
:10D70000D8FA184607FB184636FB184664FB18463D
:10D7100093FB1846C2FB1846F1FB184620FC18463E
:10D720004EFC18467DFC1846ACFC1846DAFC184640
:10D7300009FD184637FD184666FD184694FD184643
:10D74000C3FD1846F1FD184620FE18464EFE184649
:10D750007CFE1846ABFE1846D9FE184607FF184651
:10D7600035FF184664FF184692FF1846C0FF18465A
:10D77000EEFF18461C0019464A0019467800194663
:10D78000A6001946D400194602011946300119466F
:10D790005E0119468C011946B9011946E70119467F
:10D7A0001502194643021946700219469E0219468F
:10D7B000CC021946F90219462703194654031946A3
:10D7C00082031946AF031946DD0319460A041946B8
:10D7D000380419466504194692041946C0041946CE
:10D7E000ED0419461A0519464705194674051946E8
:10D7F000A2051946CF051946FC0519462906194602
:10D800005606194683061946B0061946DD0619461E
:10D810000A0719463707194664071946900719463B
:10D82000BD071946EA07194617081946440819465C
:10D83000700819469D081946CA081946F60819467F
:10D84000230919464F0919467C091946A8091946A2
:10D85000D5091946010A19462E0A19465A0A1946C7
:10D86000860A1946B30A1946DF0A19460B0B1946F0
:10D87000380B1946640B1946900B1946BC0B194618
:10D88000E80B1946140C1946410C19466D0C194643
:10D89000990C1946C50C1946F10C19461D0D19466F
:10D8A000480D1946740D1946A00D1946CC0D1946A0
:10D8B000F80D1946240E19464F0E19467B0E1946CF
:10D8C000A70E1946D20E1946FE0E19462A0F194602
:10D8D000550F1946810F1946AC0F1946D80F194636
:10D8E000031019462F1019465A101946861019466A
:10D8F000B1101946DC1019460811194633111946A2
:10D900005E11194689111946B5111946E0111946DB
:10D910000B12194636121946611219468C12194615
:10D92000B7121946E21219460D1319463813194653
:10D93000631319468E131946B9131946E413194691
:10D940000F1419463A141946641419468F141946CF
:10D95000BA141946E51419460F1519463A15194611
:10D96000651519468F151946BA151946E415194655
:10D970000F16194639161946641619468E16194699
:10D98000B9161946E31619460D17194638171946E0
:10D99000621719468C171946B7171946E117194629
:10D9A0000B181946351819465F1819468918194673
:10D9B000B4181946DE1819460819194632191946BD
:10D9C0005C19194686191946B0191946DA1919460B
:10D9D000031A19462D1A1946571A1946811A19465B
:10D9E000AB1A1946D51A1946FE1A1946281B1946AC
:10D9F000521B19467B1B1946A51B1946CF1B1946FE
:10DA0000F81B1946221C19464B1C1946751C194651
:10DA10009E1C1946C81C1946F11C19461B1D1946A7
:10DA2000441D19466D1D1946971D1946C01D1946FE
:10DA3000E91D1946131E19463C1E1946651E194656
:10DA40008E1E1946B81E1946E11E19460A1F1946B0
:10DA5000331F19465C1F1946851F1946AE1F19460C
:10DA6000D71F194600201946292019465220194669
:10DA70007B201946A4201946CC201946F5201946CA
:10DA80001E21194647211946702119469821194629
:10DA9000C1211946EA211946122219463B2219468C
:10DAA000642219468C221946B5221946DD221946F0
:10DAB000062319462E231946572319467F23194654
:10DAC000A8231946D0231946F823194621241946BC
:10DAD00049241946712419469A241946C224194624
:10DAE000EA241946122519463A251946632519468E
:10DAF0008B251946B3251946DB25194603261946F9
:10DB00002B261946532619467B261946A326194665
:10DB1000CB261946F32619461B27194643271946D3
:10DB20006A27194692271946BA271946E227194645
:10DB30000A281946312819465928194681281946B4
:10DB4000A8281946D0281946F82819461F29194629
:10DB5000472919466E29194696291946BD2919469D
:10DB6000E52919460C2A1946342A19465B2A194612
:10DB7000822A1946AA2A1946D12A1946F82A19468C
:10DB8000202B1946472B19466E2B1946952B194603
:10DB9000BD2B1946E42B19460B2C1946322C19467D
:10DBA000592C1946802C1946A72C1946CE2C1946FB
:10DBB000F52C19461C2D1946432D19466A2D194678
:10DBC000912D1946B82D1946DF2D1946062E1946F6
:10DBD0002D2E1946532E19467A2E1946A12E194676
:10DBE000C82E1946EE2E1946152F19463C2F1946F8
:10DBF000622F1946892F1946B02F1946D62F19467C
:10DC0000FD2F1946233019464A30194670301946FF
:10DC100097301946BD301946E43019460A31194685
:10DC200031311946573119467D311946A43119460B
:10DC3000CA311946F0311946163219463D32194695
:10DC40006332194689321946AF321946D532194620
:10DC5000FB32194622331946483319466E331946AA
:10DC600094331946BA331946E03319460634194637
:10DC70002C34194652341946783419469D341946C5
:10DC8000C3341946E93419460F3519463535194656
:10DC90005B35194680351946A6351946CC351946E7
:10DCA000F1351946173619463D361946623619467A
:10DCB00088361946AE361946D3361946F93619460E
:10DCC0001E37194644371946693719468F371946A2
:10DCD000B4371946D9371946FF371946243819463B
:10DCE0004A3819466F38194694381946BA381946D1
:10DCF000DF38194604391946293919464E3919466B
:10DD00007439194699391946BE391946E339194605
:10DD1000083A19462D3A1946523A1946773A1946A1
:10DD20009C3A1946C13A1946E63A19460B3B194640
:10DD3000303B1946553B19467A3B19469F3B1946DD
:10DD4000C43B1946E93B19460D3C1946323C19467D
:10DD5000573C19467C3C1946A03C1946C53C19461F
:10DD6000EA3C19460F3D1946333D1946583D1946C0
:10DD70007C3D1946A13D1946C63D1946EA3D194666
:10DD80000F3E1946333E1946583E19467C3E194609
:10DD9000A03E1946C53E1946E93E19460E3F1946B2
:10DDA000323F1946563F19467B3F19469F3F194659
:10DDB000C33F1946E83F19460C4019463040194602
:10DDC00054401946784019469D401946C1401946AD
:10DDD000E5401946094119462D4119465141194658
:10DDE0007541194699411946BD411946E141194607
:10DDF00005421946294219464D42194671421946B3
:10DE000095421946B9421946DC4219460043194663
:10DE100024431946484319466C4319468F43194613
:10DE2000B3431946D7431946FB4319461E441946C6
:10DE3000424419466544194689441946AD44194679
:10DE4000D0441946F4441946174519463B4519462E
:10DE50005E45194682451946A5451946C9451946E4
:10DE6000EC4519461046194633461946564619469A
:10DE70007A4619469D461946C0461946E446194653
:10DE8000074719462A4719464D471946704719460C
:10DE900094471946B7471946DA471946FD471946C8
:10DEA0002048194643481946664819468948194684
:10DEB000AC481946CF481946F24819461549194643
:10DEC000384919465B4919467E491946A149194600
:10DED000C4491946E74919460A4A19462D4A1946BE
:10DEE0004F4A1946724A1946954A1946B84A194680
:10DEF000DA4A1946FD4A1946204B1946434B194642
:10DF0000654B1946884B1946AA4B1946CD4B194605
:10DF1000F04B1946124C1946354C1946574C1946C8
:10DF20007A4C19469C4C1946BF4C1946E14C19468F
:10DF3000044D1946264D1946484D19466B4D194654
:10DF40008D4D1946B04D1946D24D1946F44D19461E
:10DF5000164E1946394E19465B4E19467D4E1946E6
:10DF60009F4E1946C24E1946E44E1946064F1946B1
:10DF7000284F19464A4F19466C4F19468E4F19467D
:10DF8000B14F1946D34F1946F54F19461750194648
:10DF9000395019465B5019467D5019469F50194615
:10DFA000C0501946E25019460451194626511946E7
:10DFB000485119466A5119468C511946AD511946B6
:10DFC000CF511946F1511946135219463452194688
:10DFD00056521946785219469A521946BB5219465A
:10DFE000DD521946FE52194620531946425319462E
:10DFF0006353194685531946A6531946C853194603
:10E00000E95319460B5419462C5419464E541946D7
:10E010006F54194691541946B2541946D3541946AF
:10E02000F554194616551946375519465955194686
:10E030007A5519469B551946BD551946DE55194660
:10E04000FF5519462056194641561946635619463A
:10E0500084561946A5561946C6561946E756194616
:10E0600008571946295719464A5719466B571946F2
:10E070008C571946AD571946CE571946EF571946D2
:10E0800010581946315819465258194673581946AE
:10E0900094581946B5581946D6581946F65819468F
:10E0A0001759194638591946595919467A5919466E
:10E0B0009A591946BB591946DC591946FC59194653
:10E0C0001D5A19463E5A19465E5A19467F5A194634
:10E0D000A05A1946C05A1946E15A1946015B194619
:10E0E000225B1946425B1946635B1946835B1946FE
:10E0F000A45B1946C45B1946E55B1946055C1946E5
:10E10000265C1946465C1946665C1946875C1946CA
:10E11000A75C1946C75C1946E85C1946085D1946B4
:10E12000285D1946485D1946695D1946895D19469D
:10E13000A95D1946C95D1946EA5D19460A5E194688
:10E140002A5E19464A5E19466A5E19468A5E194673
:10E15000AA5E1946CA5E1946EA5E19460A5F194662
:10E160002A5F19464A5F19466A5F19468A5F19464F
:10E17000AA5F1946CA5F1946EA5F19460A6019463E
:10E180002A6019464A6019466A601946896019462C
:10E19000A9601946C9601946E9601946096119461E
:10E1A000286119464861194668611946886119460F
:10E1B000A7611946C7611946E76119460662194603
:10E1C00026621946456219466562194685621946F6
:10E1D000A4621946C4621946E362194603631946EC
:10E1E00022631946426319466163194681631946E1
:10E1F000A0631946BF631946DF631946FE631946DB
:10E200001E6419463D6419465C6419467C641946CF
:10E210009B641946BA641946DA641946F9641946CA
:10E2200018651946376519465665194676651946C3
:10E2300095651946B4651946D3651946F2651946C0
:10E240001166194631661946506619466F661946B9
:10E250008E661946AD661946CC661946EB661946B8
:10E260000A671946296719464867194667671946B4
:10E2700086671946A5671946C4671946E2671946B5
:10E2800001681946206819463F6819465E681946B4
:10E290007D6819469B681946BA681946D9681946B7
:10E2A000F8681946166919463569194654691946B8
:10E2B0007369194691691946B0691946CF691946BB
:10E2C000ED6919460C6A19462A6A1946496A1946BF
:10E2D000686A1946866A1946A56A1946C36A1946C4
:10E2E000E26A1946006B19461F6B19463D6B1946C9
:10E2F0005C6B19467A6B1946986B1946B76B1946D1
:10E30000D56B1946F46B1946126C1946306C1946D8
:10E310004F6C19466D6C19468B6C1946A96C1946E1
:10E32000C86C1946E66C1946046D1946226D1946EB
:10E33000416D19465F6D19467D6D19469B6D1946F5
:10E34000B96D1946D86D1946F66D1946146E194601
:10E35000326E1946506E19466E6E19468C6E19460D
:10E36000AA6E1946C86E1946E66E1946046F19461C
:10E37000226F1946406F19465E6F19467C6F194629
:10E380009A6F1946B86F1946D66F1946F36F19463A
:10E39000117019462F7019464D7019466B70194649
:10E3A00089701946A6701946C4701946E27019465C
:10E3B000007119461D7119463B711946597119466C
:10E3C0007671194694711946B2711946CF71194682
:10E3D000ED7119460B721946287219464672194694
:10E3E00063721946817219469F721946BC721946AA
:10E3F000DA721946F77219461573194632731946BF
:10E40000507319466D7319468A731946A8731946D5
:10E41000C5731946E3731946007419461D741946ED
:10E420003B74194658741946757419469374194605
:10E43000B0741946CD741946EA7419460875194620
:10E4400025751946427519465F7519467D75194639
:10E450009A751946B7751946D4751946F175194656
:10E460000E7619462B761946487619466676194671
:10E4700083761946A0761946BD761946DA7619468E
:10E48000F776194614771946317719464E771946AB
:10E490006B77194688771946A4771946C1771946CC
:10E4A000DE771946FB7719461878194635781946EC
:10E4B000527819466F7819468B781946A87819460C
:10E4C000C5781946E2781946FF7819461B7919462E
:10E4D0003879194655791946717919468E79194650
:10E4E000AB791946C7791946E4791946017A194674
:10E4F0001D7A19463A7A1946577A1946737A194697
:10E50000907A1946AC7A1946C97A1946E57A1946BD
:10E51000027B19461E7B19463B7B1946577B1946E1
:10E52000747B1946907B1946AD7B1946C97B194609
:10E53000E67B1946027C19461E7C19463B7C19462F
:10E54000577C1946737C1946907C1946AC7C194659
:10E55000C87C1946E57C1946017D19461D7D194682
:10E56000397D1946567D1946727D19468E7D1946AC
:10E57000AA7D1946C77D1946E37D1946FF7D1946D8
:10E580001B7E1946377E1946537E19466F7E194603
:10E590008B7E1946A87E1946C47E1946E07E194630
:10E5A000FC7E1946187F1946347F1946507F19465C
:10E5B0006C7F1946887F1946A47F1946C07F19468B
:10E5C000DC7F1946F77F1946138019462F801946BC
:10E5D0004B80194667801946838019469F801946EB
:10E5E000BB801946D6801946F28019460E8119461D
:10E5F0002A81194646811946618119467D8119464D
:10E6000099811946B4811946D0811946EC81194681
:10E6100008821946238219463F8219465B821946B1
:10E620007682194692821946AD821946C9821946E8
:10E63000E5821946008319461C831946378319461B
:10E64000538319466E8319468A831946A583194652
:10E65000C1831946DC831946F88319461384194689
:10E660002E8419464A8419466584194681841946C0
:10E670009C841946B7841946D3841946EE841946FA
:10E680000985194625851946408519465B85194631
:10E690007785194692851946AD851946C88519466C
:10E6A000E4851946FF8519461A86194635861946A6
:10E6B000508619466B86194687861946A2861946E2
:10E6C000BD861946D8861946F38619460E8719461F
:10E6D00029871946448719465F8719467A8719465C
:10E6E00095871946B0871946CB871946E68719469C
:10E6F000018819461C8819463788194652881946D8
:10E700006D88194688881946A3881946BE88194617
:10E71000D9881946F48819460F8919462989194656
:10E72000448919465F8919467A8919469589194697
:10E73000AF891946CA891946E5891946008A1946DA
:10E740001A8A1946358A1946508A19466B8A19461B
:10E75000858A1946A08A1946BB8A1946D58A194660
:10E76000F08A19460B8B1946258B1946408B1946A2
:10E770005A8B1946758B19468F8B1946AA8B1946E9
:10E78000C58B1946DF8B1946FA8B1946148C19462E
:10E790002F8C1946498C1946648C19467E8C194673
:10E7A000988C1946B38C1946CD8C1946E88C1946BD
:10E7B000028D19461D8D1946378D1946518D194602
:10E7C0006C8D1946868D1946A08D1946BB8D19464C
:10E7D000D58D1946EF8D1946098E1946248E194696
:10E7E0003E8E1946588E1946738E19468D8E1946DF
:10E7F000A78E1946C18E1946DB8E1946F68E19462C
:10E80000108F19462A8F1946448F19465E8F194674
:10E81000788F1946928F1946AC8F1946C78F1946C3
:10E82000E18F1946FB8F1946159019462F9019460E
:10E8300049901946639019467D901946979019465C
:10E84000B1901946CB901946E5901946FF901946AC
:10E8500019911946329119464C91194666911946FB
:10E86000809119469A911946B4911946CE9119464C
:10E87000E8911946019219461B921946359219469C
:10E880004F92194669921946829219469C921946EE
:10E89000B6921946D0921946E99219460393194641
:10E8A0001D93194637931946509319466A93194692
:10E8B000849319469D931946B7931946D0931946E8
:10E8C000EA931946049419461D941946379419463B
:10E8D000509419466A941946849419469D94194691
:10E8E000B7941946D0941946EA94194603951946E7
:10E8F0001D9519463695194650951946699519463C
:10E90000829519469C951946B5951946CF95194695
:10E91000E8951946019619461B96194634961946EC
:10E920004E96194667961946809619469A96194644
:10E93000B3961946CC961946E5961946FF961946A0
:10E9400018971946319719464A97194664971946F8
:10E950007D97194696971946AF971946C897194655
:10E96000E2971946FB971946149819462D981946AF
:10E97000469819465F98194678981946929819460C
:10E98000AB981946C4981946DD981946F698194669
:10E990000F99194628991946419919465A991946C5
:10E9A000739919468C991946A5991946BE99194625
:10E9B000D7991946F0991946099A1946229A194683
:10E9C0003B9A1946539A19466C9A1946859A1946E4
:10E9D0009E9A1946B79A1946D09A1946E99A194645
:10E9E000019B19461A9B1946339B19464C9B1946A5
:10E9F000659B19467D9B1946969B1946AF9B194608
:10EA0000C89B1946E09B1946F99B1946129C19466A
:10EA10002B9C1946439C19465C9C1946759C1946CB
:10EA20008D9C1946A69C1946BF9C1946D79C194631
:10EA3000F09C1946089D1946219D19463A9D194694
:10EA4000529D19466B9D1946839D19469C9D1946FA
:10EA5000B49D1946CD9D1946E59D1946FE9D194662
:10EA6000169E19462F9E1946479E1946609E1946C6
:10EA7000789E1946919E1946A99E1946C19E19462F
:10EA8000DA9E1946F29E19460B9F1946239F194696
:10EA90003B9F1946549F19466C9F1946849F1946FF
:10EAA0009D9F1946B59F1946CD9F1946E69F194669
:10EAB000FE9F194616A019462EA0194647A01946D2
:10EAC0005FA0194677A019468FA01946A8A019463D
:10EAD000C0A01946D8A01946F0A0194608A11946A9
:10EAE00021A1194639A1194651A1194669A1194612
:10EAF00081A1194699A11946B1A11946C9A1194682
:10EB0000E1A11946FAA1194612A219462AA21946EC
:10EB100042A219465AA2194672A219468AA2194659
:10EB2000A2A21946BAA21946D2A21946EAA21946C9
:10EB300002A319461AA3194632A3194649A3194636
:10EB400061A3194679A3194691A31946A9A31946A9
:10EB5000C1A31946D9A31946F1A3194609A4194618
:10EB600020A4194638A4194650A4194668A4194689
:10EB700080A4194697A41946AFA41946C7A41946FC
:10EB8000DFA41946F6A419460EA5194626A519466E
:10EB90003EA5194655A519466DA5194685A51946E0
:10EBA0009CA51946B4A51946CCA51946E3A5194656
:10EBB000FBA5194613A619462AA6194642A61946C8
:10EBC00059A6194671A6194689A61946A0A619463E
:10EBD000B8A61946CFA61946E7A61946FEA61946B5
:10EBE00016A719462DA7194645A719465CA7194629
:10EBF00074A719468BA71946A3A71946BAA71946A1
:10EC0000D2A71946E9A7194601A8194618A8194616
:10EC10002FA8194647A819465EA8194676A819468E
:10EC20008DA81946A4A81946BCA81946D3A8194608
:10EC3000EAA8194602A9194619A9194630A9194680
:10EC400048A919465FA9194676A919468DA91946FA
:10EC5000A5A91946BCA91946D3A91946EAA9194676
:10EC600002AA194619AA194630AA194647AA1946EE
:10EC70005EAA194675AA19468DAA1946A4AA19466C
:10EC8000BBAA1946D2AA1946E9AA194600AB1946E9
:10EC900017AB19462EAB194646AB19465DAB194664
:10ECA00074AB19468BAB1946A2AB1946B9AB1946E2
:10ECB000D0AB1946E7AB1946FEAB194615AC194661
:10ECC0002CAC194643AC19465AAC194671AC1946DE
:10ECD00088AC19469FAC1946B6AC1946CCAC19465F
:10ECE000E3AC1946FAAC194611AD194628AD1946E0
:10ECF0003FAD194656AD19466DAD194683AD19465F
:10ED00009AAD1946B1AD1946C8AD1946DFAD1946E1
:10ED1000F6AD19460CAE194623AE19463AAE194661
:10ED200051AE194667AE19467EAE194695AE1946E4
:10ED3000ACAE1946C2AE1946D9AE1946F0AE194668
:10ED400006AF19461DAF194634AF19464AAF1946EA
:10ED500061AF194678AF19468EAF1946A5AF19466F
:10ED6000BCAF1946D2AF1946E9AF1946FFAF1946F5
:10ED700016B019462DB0194643B019465AB0194677
:10ED800070B0194687B019469DB01946B4B01946FF
:10ED9000CAB01946E1B01946F7B019460EB1194686
:10EDA00024B119463BB1194651B1194668B119460B
:10EDB0007EB1194694B11946ABB11946C1B1194695
:10EDC000D8B11946EEB1194604B219461BB219461C
:10EDD00031B2194648B219465EB2194674B21946A4
:10EDE0008BB21946A1B21946B7B21946CEB219462E
:10EDF000E4B21946FAB2194610B3194627B31946B8
:10EE00003DB3194653B3194669B3194680B3194641
:10EE100096B31946ACB31946C2B31946D8B31946CE
:10EE2000EFB3194605B419461BB4194631B4194657
:10EE300047B419465DB4194674B419468AB41946E4
:10EE4000A0B41946B6B41946CCB41946E2B4194672
:10EE5000F8B419460EB5194624B519463AB51946FF
:10EE600050B5194666B519467CB5194692B519468E
:10EE7000A8B51946BEB51946D4B51946EAB519461E
:10EE800000B6194616B619462CB6194642B61946AA
:10EE900058B619466EB6194684B619469AB619463A
:10EEA000B0B61946C6B61946DCB61946F2B61946CA
:10EEB00007B719461DB7194633B7194649B719465A
:10EEC0005FB7194675B719468AB71946A0B71946EC
:10EED000B6B71946CCB71946E2B71946F7B719467F
:10EEE0000DB8194623B8194639B819464EB819460F
:10EEF00064B819467AB8194690B81946A5B81946A3
:10EF0000BBB81946D1B81946E6B81946FCB8194637
:10EF100012B9194627B919463DB9194653B91946C8
:10EF200068B919467EB9194694B91946A9B919465E
:10EF3000BFB91946D4B91946EAB91946FFB91946F5
:10EF400015BA19462BBA194640BA194656BA194687
:10EF50006BBA194681BA194696BA1946ACBA19461F
:10EF6000C1BA1946D7BA1946ECBA194602BB1946B6
:10EF700017BB19462DBB194642BB194657BB19464C
:10EF80006DBB194682BB194698BB1946ADBB1946E5
:10EF9000C3BB1946D8BB1946EDBB194603BC19467D
:10EFA00018BC19462DBC194643BC194658BC194615
:10EFB0006DBC194683BC194698BC1946ADBC1946B0
:10EFC000C3BC1946D8BC1946EDBC194602BD19464A
:10EFD00018BD19462DBD194642BD194657BD1946E3
:10EFE0006DBD194682BD194697BD1946ACBD19467F
:10EFF000C2BD1946D7BD1946ECBD194601BE19461A
:10F0000016BE19462BBE194641BE194656BE1946B4
:10F010006BBE194680BE194695BE1946AABE194652
:10F02000BFBE1946D4BE1946E9BE1946FEBE1946F2
:10F0300014BF194629BF19463EBF194653BF19468A
:10F0400068BF19467DBF194692BF1946A7BF19462A
:10F05000BCBF1946D1BF1946E6BF1946FBBF1946CA
:10F0600010C0194625C019463AC019464FC0194666
:10F0700064C0194678C019468DC01946A2C0194609
:10F08000B7C01946CCC01946E1C01946F6C01946AA
:10F090000BC1194620C1194634C1194649C1194648
:10F0A0005EC1194673C1194688C119469DC11946EA
:10F0B000B1C11946C6C11946DBC11946F0C119468E
:10F0C00005C2194619C219462EC2194643C219462D
:10F0D00058C219466CC2194681C2194696C21946D1
:10F0E000ABC21946BFC21946D4C21946E9C2194675
:10F0F000FDC2194612C3194627C319463BC3194618
:10F1000050C3194665C3194679C319468EC31946BB
:10F11000A2C31946B7C31946CCC31946E0C3194662
:10F12000F5C3194609C419461EC4194633C4194605
:10F1300047C419465CC4194670C4194685C41946AB
:10F1400099C41946AEC41946C2C41946D7C4194653
:10F15000EBC4194600C5194614C5194629C51946F8
:10F160003DC5194652C5194666C519467BC519469F
:10F170008FC51946A3C51946B8C51946CCC5194649
:10F18000E1C51946F5C5194609C619461EC61946F0
:10F1900032C6194647C619465BC619466FC6194698
:10F1A00084C6194698C61946ACC61946C1C6194642
:10F1B000D5C61946E9C61946FEC6194612C71946EC
:10F1C00026C719463AC719464FC7194663C7194695
:10F1D00077C719468BC71946A0C71946B4C7194641
:10F1E000C8C71946DCC71946F0C7194605C81946ED
:10F1F00019C819462DC8194641C8194655C8194697
:10F200006AC819467EC8194692C81946A6C8194642
:10F21000BAC81946CEC81946E2C81946F6C81946F2
:10F220000BC919461FC9194633C9194647C919469A
:10F230005BC919466FC9194683C9194697C919464A
:10F24000ABC91946BFC91946D3C91946E7C91946FA
:10F25000FBC919460FCA194623CA194637CA1946A7
:10F260004BCA19465FCA194673CA194687CA194656
:10F270009BCA1946AFCA1946C3CA1946D7CA194606
:10F28000EBCA1946FFCA194613CB194626CB1946B5
:10F290003ACB19464ECB194662CB194676CB194666
:10F2A0008ACB19469ECB1946B1CB1946C5CB194618
:10F2B000D9CB1946EDCB194601CC194615CC1946C8
:10F2C00028CC19463CCC194650CC194664CC19467A
:10F2D00078CC19468BCC19469FCC1946B3CC19462D
:10F2E000C7CC1946DACC1946EECC194602CD1946E0
:10F2F00015CD194629CD19463DCD194651CD194692
:10F3000064CD194678CD19468CCD19469FCD194646
:10F31000B3CD1946C7CD1946DACD1946EECD1946FB
:10F3200001CE194615CE194629CE19463CCE1946AE
:10F3300050CE194664CE194677CE19468BCE194663
:10F340009ECE1946B2CE1946C5CE1946D9CE19461B
:10F35000ECCE194600CF194614CF194627CF1946CF
:10F360003BCF19464ECF194662CF194675CF194685
:10F3700089CF19469CCF1946AFCF1946C3CF19463E
:10F38000D6CF1946EACF1946FDCF194611D01946F6
:10F3900024D0194638D019464BD019465ED01946AC
:10F3A00072D0194685D0194699D01946ACD0194665
:10F3B000BFD01946D3D01946E6D01946F9D0194620
:10F3C0000DD1194620D1194633D1194647D11946D6
:10F3D0005AD119466DD1194681D1194694D1194691
:10F3E000A7D11946BBD11946CED11946E1D119464C
:10F3F000F4D1194608D219461BD219462ED2194605
:10F4000041D2194655D2194668D219467BD21946BF
:10F410008ED21946A1D21946B5D21946C8D219467C
:10F42000DBD21946EED2194601D3194614D3194638
:10F4300028D319463BD319464ED3194661D31946F2
:10F4400074D3194687D319469AD31946ADD31946B2
:10F45000C0D31946D4D31946E7D31946FAD319466F
:10F460000DD4194620D4194633D4194646D419462A
:10F4700059D419466CD419467FD4194692D41946EA
:10F48000A5D41946B8D41946CBD41946DED41946AA
:10F49000F1D4194604D5194617D519462AD5194667
:10F4A0003DD5194650D5194663D5194676D5194626
:10F4B00089D519469CD51946AED51946C1D51946E8
:10F4C000D4D51946E7D51946FAD519460DD61946A9
:10F4D00020D6194633D6194646D6194658D6194667
:10F4E0006BD619467ED6194691D61946A4D619462A
:10F4F000B7D61946C9D61946DCD61946EFD61946ED
:10F5000002D7194615D7194627D719463AD71946AB
:10F510004DD7194660D7194672D7194685D719466F
:10F5200098D71946ABD71946BDD71946D0D7194633
:10F53000E3D71946F5D7194608D819461BD81946F6
:10F540002ED8194640D8194653D8194666D81946B8
:10F5500078D819468BD819469ED81946B0D819467E
:10F56000C3D81946D5D81946E8D81946FBD8194644
:10F570000DD9194620D9194632D9194645D9194607
:10F5800058D919466AD919467DD919468FD91946CD
:10F59000A2D91946B4D91946C7D91946DAD9194694
:10F5A000ECD91946FFD9194611DA194624DA194659
:10F5B00036DA194649DA19465BDA19466EDA19461F
:10F5C00080DA194693DA1946A5DA1946B7DA1946E8
:10F5D000CADA1946DCDA1946EFDA194601DB1946B0
:10F5E00014DB194626DB194638DB19464BDB194676
:10F5F0005DDB194670DB194682DB194694DB194640
:10F60000A7DB1946B9DB1946CCDB1946DEDB194608
:10F61000F0DB194603DC194615DC194627DC1946D0
:10F620003ADC19464CDC19465EDC194670DC19469A
:10F6300083DC194695DC1946A7DC1946BADC194665
:10F64000CCDC1946DEDC1946F0DC194603DD194630
:10F6500015DD194627DD194639DD19464CDD1946F9
:10F660005EDD194670DD194682DD194694DD1946C6
:10F67000A7DD1946B9DD1946CBDD1946DDDD194692
:10F68000EFDD194601DE194614DE194626DE19465D
:10F6900038DE19464ADE19465CDE19466EDE19462A
:10F6A00080DE194693DE1946A5DE1946B7DE1946F7
:10F6B000C9DE1946DBDE1946EDDE1946FFDE1946C6
:10F6C00011DF194623DF194635DF194647DF194692
:10F6D00059DF19466BDF19467DDF19468FDF194662
:10F6E000A1DF1946B3DF1946C5DF1946D7DF194632
:10F6F000E9DF1946FBDF19460DE019461FE0194600
:10F7000031E0194643E0194655E0194667E01946CD
:10F7100079E019468BE019469DE01946AFE019469D
:10F72000C1E01946D3E01946E5E01946F7E019466D
:10F7300008E119461AE119462CE119463EE119463D
:10F7400050E1194662E1194674E1194686E119460D
:10F7500097E11946A9E11946BBE11946CDE11946E1
:10F76000DFE11946F0E1194602E2194614E21946B2
:10F7700026E2194638E2194649E219465BE2194683
:10F780006DE219467FE2194691E21946A2E2194656
:10F79000B4E21946C6E21946D7E21946E9E219462B
:10F7A000FBE219460DE319461EE3194630E31946FC
:10F7B00042E3194653E3194665E3194677E31946D0
:10F7C00088E319469AE31946ACE31946BDE31946A6
:10F7D000CFE31946E1E31946F2E3194604E419467A
:10F7E00016E4194627E4194639E419464AE419464D
:10F7F0005CE419466EE419467FE4194691E4194623
:10F80000A2E41946B4E41946C6E41946D7E41946F9
:10F81000E9E41946FAE419460CE519461DE51946CE
:10F820002FE5194640E5194652E5194663E51946A4
:10F8300075E5194686E5194698E51946A9E519467C
:10F84000BBE51946CCE51946DEE51946EFE5194654
:10F8500001E6194612E6194624E6194635E6194628
:10F8600046E6194658E6194669E619467BE6194602
:10F870008CE619469DE61946AFE61946C0E61946DC
:10F88000D2E61946E3E61946F4E6194606E71946B4
:10F8900017E7194629E719463AE719464BE719468B
:10F8A0005DE719466EE719467FE7194691E7194665
:10F8B000A2E71946B3E71946C4E71946D6E7194641
:10F8C000E7E71946F8E719460AE819461BE819461A
:10F8D0002CE819463DE819464FE8194660E81946F4
:10F8E00071E8194682E8194694E81946A5E81946D0
:10F8F000B6E81946C7E81946D9E81946EAE81946AC
:10F90000FBE819460CE919461DE919462EE9194686
:10F9100040E9194651E9194662E9194673E9194661
:10F9200084E9194695E91946A7E91946B8E919463F
:10F93000C9E91946DAE91946EBE91946FCE919461D
:10F940000DEA19461EEA19462FEA194641EA1946F8
:10F9500052EA194663EA194674EA194685EA1946D5
:10F9600096EA1946A7EA1946B8EA1946C9EA1946B5
:10F97000DAEA1946EBEA1946FCEA19460DEB194694
:10F980001EEB19462FEB194640EB194651EB194671
:10F9900062EB194673EB194684EB194695EB194651
:10F9A000A6EB1946B7EB1946C8EB1946D9EB194631
:10F9B000EAEB1946FBEB19460CEC19461DEC19460F
:10F9C0002EEC19463FEC194650EC194660EC1946EE
:10F9D00071EC194682EC194693EC1946A4EC1946D1
:10F9E000B5EC1946C6EC1946D7EC1946E7EC1946B2
:10F9F000F8EC194609ED19461AED19462BED194692
:10FA00003CED19464DED19465DED19466EED194672
:10FA10007FED194690ED1946A1ED1946B1ED194655
:10FA2000C2ED1946D3ED1946E4ED1946F5ED194638
:10FA300005EE194616EE194627EE194638EE194618
:10FA400048EE194659EE19466AEE19467BEE1946FC
:10FA50008BEE19469CEE1946ADEE1946BDEE1946E1
:10FA6000CEEE1946DFEE1946EFEE194600EF1946C5
:10FA700011EF194621EF194632EF194643EF1946A7
:10FA800053EF194664EF194675EF194685EF19468D
:10FA900096EF1946A7EF1946B7EF1946C8EF194672
:10FAA000D9EF1946E9EF1946FAEF19460AF0194657
:10FAB0001BF019462CF019463CF019464DF019463A
:10FAC0005DF019466EF019467EF019468FF0194622
:10FAD0009FF01946B0F01946C1F01946D1F0194609
:10FAE000E2F01946F2F0194603F1194613F11946EE
:10FAF00024F1194634F1194645F1194655F11946D4
:10FB000066F1194676F1194687F1194697F11946BB
:10FB1000A8F11946B8F11946C8F11946D9F11946A4
:10FB2000E9F11946FAF119460AF219461BF219468B
:10FB30002BF219463BF219464CF219465CF2194673
:10FB40006DF219467DF219468DF219469EF219465C
:10FB5000AEF21946BFF21946CFF21946DFF2194646
:10FB6000F0F2194600F3194610F3194621F319462D
:10FB700031F3194641F3194652F3194662F3194617
:10FB800072F3194683F3194693F31946A3F3194602
:10FB9000B3F31946C4F31946D4F31946E4F31946EE
:10FBA000F5F3194605F4194615F4194625F41946D6
:10FBB00036F4194646F4194656F4194666F41946C1
:10FBC00077F4194687F4194697F41946A7F41946AD
:10FBD000B7F41946C8F41946D8F41946E8F419469A
:10FBE000F8F4194608F5194619F5194629F5194684
:10FBF00039F5194649F5194659F5194669F5194671
:10FC000079F519468AF519469AF51946AAF519465D
:10FC1000BAF51946CAF51946DAF51946EAF519464C
:10FC2000FAF519460BF619461BF619462BF6194636
:10FC30003BF619464BF619465BF619466BF6194624
:10FC40007BF619468BF619469BF61946ABF6194614
:10FC5000BBF61946CBF61946DBF61946EBF6194604
:10FC6000FBF619460BF719461BF719462BF71946F1
:10FC70003BF719464BF719465BF719466BF71946E0
:10FC80007BF719468BF719469BF71946ABF71946D0
:10FC9000BBF71946CBF71946DBF71946EBF71946C0
:10FCA000FBF719460BF819461BF819462BF81946AD
:10FCB0003BF819464BF819465BF819466AF819469D
:10FCC0007AF819468AF819469AF81946AAF8194690
:10FCD000BAF81946CAF81946DAF81946E9F8194681
:10FCE000F9F8194609F9194619F9194629F9194671
:10FCF00039F9194649F9194658F9194668F9194662
:10FD000078F9194688F9194698F91946A7F9194654
:10FD1000B7F91946C7F91946D7F91946E7F9194647
:10FD2000F6F9194606FA194616FA194626FA194638
:10FD300035FA194645FA194655FA194665FA19462B
:10FD400074FA194684FA194694FA1946A4FA19461F
:10FD5000B3FA1946C3FA1946D3FA1946E2FA194614
:10FD6000F2FA194602FB194612FB194621FB194605
:10FD700031FB194641FB194650FB194660FB1946F9
:10FD800070FB19467FFB19468FFB19469EFB1946EF
:10FD9000AEFB1946BEFB1946CDFB1946DDFB1946E5
:10FDA000EDFB1946FCFB19460CFC19461BFC1946D9
:10FDB0002BFC19463BFC19464AFC19465AFC1946CD
:10FDC00069FC194679FC194689FC194698FC1946C4
:10FDD000A8FC1946B7FC1946C7FC1946D6FC1946BB
:10FDE000E6FC1946F5FC194605FD194614FD1946B1
:10FDF00024FD194633FD194643FD194652FD1946A7
:10FE000062FD194671FD194681FD194690FD19469E
:10FE1000A0FD1946AFFD1946BFFD1946CEFD194696
:10FE2000DEFD1946EDFD1946FDFD19460CFE19468D
:10FE30001CFE19462BFE19463AFE19464AFE194683
:10FE400059FE194669FE194678FE194688FE19467C
:10FE500097FE1946A6FE1946B6FE1946C5FE194676
:10FE6000D4FE1946E4FE1946F3FE194603FF19466F
:10FE700012FF194621FF194631FF194640FF194666
:10FE80004FFF19465FFF19466EFF19467DFF194661
:10FE90008DFF19469CFF1946ABFF1946BBFF19465B
:10FEA000CAFF1946D9FF1946E9FF1946F8FF194656
:10FEB00007001A4616001A4626001A4635001A464A
:10FEC00044001A4654001A4663001A4672001A4645
:10FED00081001A4691001A46A0001A46AF001A4641
:10FEE000BE001A46CD001A46DD001A46EC001A463E
:10FEF000FB001A460A011A461A011A4629011A4637
:10FF000038011A4647011A4656011A4665011A4633
:10FF100075011A4684011A4693011A46A2011A462F
:10FF2000B1011A46C0011A46D0011A46DF011A462D
:10FF3000EE011A46FD011A460C021A461B021A4629
:10FF40002A021A463A021A4649021A4658021A4624
:10FF500067021A4676021A4685021A4694021A4623
:10FF6000A3021A46B2021A46C1021A46D0021A4623
:10FF7000DF021A46EF021A46FE021A460D031A461F
:10FF80001C031A462B031A463A031A4649031A461B
:10FF900058031A4667031A4676031A4685031A461B
:10FFA00094031A46A3031A46B2031A46C1031A461B
:10FFB000D0031A46DF031A46EE031A46FD031A461B
:10FFC0000C041A461B041A462A041A4639041A4617
:10FFD00048041A4657041A4665041A4674041A4619
:10FFE00083041A4692041A46A1041A46B0041A461B
:10FFF000BF041A46CE041A46DD041A46EC041A461B
:020000040802F0
:10000000FB041A460A051A4618051A4627051A4619
:1000100036051A4645051A4654051A4663051A461A
:1000200072051A4681051A468F051A469E051A461C
:10003000AD051A46BC051A46CB051A46DA051A461E
:10004000E8051A46F7051A4606061A4615061A4620
:1000500024061A4632061A4641061A4650061A4621
:100060005F061A466E061A467C061A468B061A4624
:100070009A061A46A9061A46B7061A46C6061A4628
:10008000D5061A46E4061A46F2061A4601071A462B
:1000900010071A461F071A462D071A463C071A462C
:1000A0004B071A465A071A4668071A4677071A4630
:1000B00086071A4694071A46A3071A46B2071A4635
:1000C000C0071A46CF071A46DE071A46EC071A463B
:1000D000FB071A460A081A4618081A4627081A463D
:1000E00036081A4644081A4653081A4662081A4641
:1000F00070081A467F081A468E081A469C081A4647
:10010000AB081A46B9081A46C8081A46D7081A464C
:10011000E5081A46F4081A4602091A4611091A4651
:100120001F091A462E091A463D091A464B091A4656
:100130005A091A4668091A4677091A4685091A465D
:1001400094091A46A2091A46B1091A46BF091A4665
:10015000CE091A46DD091A46EB091A46FA091A466B
:10016000080A1A46170A1A46250A1A46340A1A466F
:10017000420A1A46510A1A465F0A1A466D0A1A4678
:100180007C0A1A468A0A1A46990A1A46A70A1A4681
:10019000B60A1A46C40A1A46D30A1A46E10A1A4689
:1001A000F00A1A46FE0A1A460C0B1A461B0B1A4690
:1001B000290B1A46380B1A46460B1A46540B1A4698
:1001C000630B1A46710B1A46800B1A468E0B1A46A1
:1001D0009C0B1A46AB0B1A46B90B1A46C80B1A46AB
:1001E000D60B1A46E40B1A46F30B1A46010C1A46B4
:1001F0000F0C1A461E0C1A462C0C1A463A0C1A46BC
:10020000490C1A46570C1A46650C1A46740C1A46C5
:10021000820C1A46900C1A469F0C1A46AD0C1A46D0
:10022000BB0C1A46CA0C1A46D80C1A46E60C1A46DB
:10023000F40C1A46030D1A46110D1A461F0D1A46E4
:100240002D0D1A463C0D1A464A0D1A46580D1A46EF
:10025000670D1A46750D1A46830D1A46910D1A46FA
:100260009F0D1A46AE0D1A46BC0D1A46CA0D1A4607
:10027000D80D1A46E70D1A46F50D1A46030E1A4612
:10028000110E1A461F0E1A462E0E1A463C0E1A461C
:100290004A0E1A46580E1A46660E1A46740E1A462A
:1002A000830E1A46910E1A469F0E1A46AD0E1A4636
:1002B000BB0E1A46C90E1A46D70E1A46E60E1A4645
:1002C000F40E1A46020F1A46100F1A461E0F1A464F
:1002D0002C0F1A463A0F1A46480F1A46570F1A465D
:1002E000650F1A46730F1A46810F1A468F0F1A466A
:1002F0009D0F1A46AB0F1A46B90F1A46C70F1A467A
:10030000D50F1A46E30F1A46F10F1A46FF0F1A4689
:100310000D101A461C101A462A101A4638101A4692
:1003200046101A4654101A4662101A4670101A46A1
:100330007E101A468C101A469A101A46A8101A46B1
:10034000B6101A46C4101A46D2101A46E0101A46C1
:10035000EE101A46FC101A460A111A4618111A46CF
:1003600026111A4634111A4641111A464F111A46DF
:100370005D111A466B111A4679111A4687111A46F1
:1003800095111A46A3111A46B1111A46BF111A4601
:10039000CD111A46DB111A46E9111A46F7111A4611
:1003A00004121A4612121A4620121A462E121A4621
:1003B0003C121A464A121A4658121A4666121A4631
:1003C00074121A4681121A468F121A469D121A4644
:1003D000AB121A46B9121A46C7121A46D4121A4656
:1003E000E2121A46F0121A46FE121A460C131A4668
:1003F0001A131A4627131A4635131A4643131A4678
:1004000051131A465F131A466C131A467A131A468A
:1004100088131A4696131A46A4131A46B1131A469D
:10042000BF131A46CD131A46DB131A46E8131A46B1
:10043000F6131A4604141A4612141A461F141A46C2
:100440002D141A463B141A4649141A4656141A46D5
:1004500064141A4672141A467F141A468D141A46EA
:100460009B141A46A9141A46B6141A46C4141A46FE
:10047000D2141A46DF141A46ED141A46FB141A4613
:1004800008151A4616151A4624151A4631151A4625
:100490003F151A464D151A465A151A4668151A463A
:1004A00076151A4683151A4691151A469F151A464F
:1004B000AC151A46BA151A46C7151A46D5151A4666
:1004C000E3151A46F0151A46FE151A460C161A467A
:1004D00019161A4627161A4634161A4642161A468E
:1004E0004F161A465D161A466B161A4678161A46A5
:1004F00086161A4693161A46A1161A46AE161A46BC
:10050000BC161A46CA161A46D7161A46E5161A46D1
:10051000F2161A4600171A460D171A461B171A46E6
:1005200028171A4636171A4643171A4651171A46FD
:100530005E171A466C171A4679171A4687171A4615
:1005400094171A46A2171A46AF171A46BD171A462D
:10055000CA171A46D8171A46E5171A46F3171A4645
:1005600000181A460D181A461B181A4628181A465B
:1005700036181A4643181A4651181A465E181A4673
:100580006C181A4679181A4686181A4694181A468C
:10059000A1181A46AF181A46BC181A46C9181A46A6
:1005A000D7181A46E4181A46F2181A46FF181A46BF
:1005B0000C191A461A191A4627191A4634191A46D6
:1005C00042191A464F191A465D191A466A191A46EF
:1005D00077191A4685191A4692191A469F191A460A
:1005E000AD191A46BA191A46C7191A46D5191A4624
:1005F000E2191A46EF191A46FD191A460A1A1A463E
:10060000171A1A46251A1A46321A1A463F1A1A4655
:100610004C1A1A465A1A1A46671A1A46741A1A4671
:10062000821A1A468F1A1A469C1A1A46A91A1A468C
:10063000B71A1A46C41A1A46D11A1A46DE1A1A46A8
:10064000EC1A1A46F91A1A46061B1A46131B1A46C2
:10065000211B1A462E1B1A463B1B1A46481B1A46DC
:10066000551B1A46631B1A46701B1A467D1B1A46F9
:100670008A1B1A46971B1A46A51B1A46B21B1A4616
:10068000BF1B1A46CC1B1A46D91B1A46E71B1A4633
:10069000F41B1A46011C1A460E1C1A461B1C1A464D
:1006A000281C1A46351C1A46431C1A46501C1A466A
:1006B0005D1C1A466A1C1A46771C1A46841C1A4688
:1006C000911C1A469F1C1A46AC1C1A46B91C1A46A5
:1006D000C61C1A46D31C1A46E01C1A46ED1C1A46C4
:1006E000FA1C1A46071D1A46151D1A46221D1A46DF
:1006F0002F1D1A463C1D1A46491D1A46561D1A46FC
:10070000631D1A46701D1A467D1D1A468A1D1A461B
:10071000971D1A46A41D1A46B11D1A46BE1D1A463B
:10072000CB1D1A46D81D1A46E51D1A46F21D1A465B
:10073000001E1A460D1E1A461A1E1A46271E1A4673
:10074000341E1A46411E1A464E1E1A465B1E1A4693
:10075000681E1A46751E1A46821E1A468F1E1A46B3
:100760009C1E1A46A81E1A46B51E1A46C21E1A46D6
:10077000CF1E1A46DC1E1A46E91E1A46F61E1A46F7
:10078000031F1A46101F1A461D1F1A462A1F1A4613
:10079000371F1A46441F1A46511F1A465E1F1A4633
:1007A0006B1F1A46781F1A46851F1A46911F1A4654
:1007B0009E1F1A46AB1F1A46B81F1A46C51F1A4677
:1007C000D21F1A46DF1F1A46EC1F1A46F91F1A4697
:1007D00005201A4612201A461F201A462C201A46B7
:1007E00039201A4646201A4653201A4660201A46D7
:1007F0006C201A4679201A4686201A4693201A46FB
:10080000A0201A46AD201A46B9201A46C6201A461C
:10081000D3201A46E0201A46ED201A46FA201A463E
:1008200006211A4613211A4620211A462D211A465E
:100830003A211A4646211A4653211A4660211A4681
:100840006D211A4679211A4686211A4693211A46A5
:10085000A0211A46AD211A46B9211A46C6211A46C8
:10086000D3211A46E0211A46EC211A46F9211A46EC
:1008700006221A4612221A461F221A462C221A460D
:1008800039221A4645221A4652221A465F221A4631
:100890006C221A4678221A4685221A4692221A4655
:1008A0009E221A46AB221A46B8221A46C4221A467B
:1008B000D1221A46DE221A46EA221A46F7221A46A0
:1008C00004231A4610231A461D231A462A231A46C1
:1008D00036231A4643231A4650231A465C231A46E7
:1008E00069231A4676231A4682231A468F231A460C
:1008F0009C231A46A8231A46B5231A46C1231A4632
:10090000CE231A46DB231A46E7231A46F4231A4657
:1009100000241A460D241A461A241A4626241A467A
:1009200033241A463F241A464C241A4658241A46A1
:1009300065241A4672241A467E241A468B241A46C7
:1009400097241A46A4241A46B0241A46BD241A46EF
:10095000CA241A46D6241A46E3241A46EF241A4615
:10096000FC241A4608251A4615251A4621251A463A
:100970002E251A463A251A4647251A4653251A4661
:1009800060251A466C251A4679251A4685251A4689
:1009900092251A469E251A46AB251A46B7251A46B1
:1009A000C4251A46D0251A46DD251A46E9251A46D9
:1009B000F6251A4602261A460E261A461B261A46FF
:1009C00027261A4634261A4640261A464D261A4627
:1009D00059261A4666261A4672261A467E261A4650
:1009E0008B261A4697261A46A4261A46B0261A4679
:1009F000BC261A46C9261A46D5261A46E2261A46A3
:100A0000EE261A46FA261A4607271A4613271A46CA
:100A100020271A462C271A4638271A4645271A46F1
:100A200051271A465D271A466A271A4676271A461C
:100A300083271A468F271A469B271A46A8271A4645
:100A4000B4271A46C0271A46CD271A46D9271A4670
:100A5000E5271A46F2271A46FE271A460A281A469A
:100A600017281A4623281A462F281A463B281A46C2
:100A700048281A4654281A4660281A466D281A46ED
:100A800079281A4685281A4692281A469E281A4618
:100A9000AA281A46B6281A46C3281A46CF281A4644
:100AA000DB281A46E7281A46F4281A4600291A466F
:100AB0000C291A4618291A4625291A4631291A4698
:100AC0003D291A4649291A4656291A4662291A46C4
:100AD0006E291A467A291A4686291A4693291A46F1
:100AE0009F291A46AB291A46B7291A46C3291A461E
:100AF000D0291A46DC291A46E8291A46F4291A464A
:100B0000002A1A460D2A1A46192A1A46252A1A4672
:100B1000312A1A463D2A1A46492A1A46562A1A46A0
:100B2000622A1A466E2A1A467A2A1A46862A1A46CD
:100B3000922A1A469F2A1A46AB2A1A46B72A1A46FA
:100B4000C32A1A46CF2A1A46DB2A1A46E72A1A4629
:100B5000F32A1A46002B1A460C2B1A46182B1A4653
:100B6000242B1A46302B1A463C2B1A46482B1A4681
:100B7000542B1A46602B1A466C2B1A46792B1A46B0
:100B8000852B1A46912B1A469D2B1A46A92B1A46DD
:100B9000B52B1A46C12B1A46CD2B1A46D92B1A460D
:100BA000E52B1A46F12B1A46FD2B1A46092C1A463C
:100BB000152C1A46212C1A462D2C1A46392C1A4669
:100BC000452C1A46512C1A465D2C1A466A2C1A4698
:100BD000762C1A46822C1A468E2C1A469A2C1A46C5
:100BE000A62C1A46B22C1A46BE2C1A46CA2C1A46F5
:100BF000D62C1A46E22C1A46EE2C1A46F92C1A4626
:100C0000052D1A46112D1A461D2D1A46292D1A4654
:100C1000352D1A46412D1A464D2D1A46592D1A4684
:100C2000652D1A46712D1A467D2D1A46892D1A46B4
:100C3000952D1A46A12D1A46AD2D1A46B92D1A46E4
:100C4000C52D1A46D12D1A46DD2D1A46E82D1A4615
:100C5000F42D1A46002E1A460C2E1A46182E1A4645
:100C6000242E1A46302E1A463C2E1A46482E1A4674
:100C7000542E1A465F2E1A466B2E1A46772E1A46A7
:100C8000832E1A468F2E1A469B2E1A46A72E1A46D8
:100C9000B32E1A46BE2E1A46CA2E1A46D62E1A460B
:100CA000E22E1A46EE2E1A46FA2E1A46062F1A463B
:100CB000112F1A461D2F1A46292F1A46352F1A466C
:100CC000412F1A464D2F1A46582F1A46642F1A469E
:100CD000702F1A467C2F1A46882F1A46932F1A46D1
:100CE0009F2F1A46AB2F1A46B72F1A46C32F1A4604
:100CF000CE2F1A46DA2F1A46E62F1A46F22F1A4638
:100D0000FE2F1A4609301A4615301A4621301A4667
:100D10002D301A4638301A4644301A4650301A469A
:100D20005C301A4667301A4673301A467F301A46CE
:100D30008B301A4696301A46A2301A46AE301A4602
:100D4000BA301A46C5301A46D1301A46DD301A4636
:100D5000E8301A46F4301A4600311A460C311A4669
:100D600017311A4623311A462F311A463A311A469C
:100D700046311A4652311A465D311A4669311A46D1
:100D800075311A4680311A468C311A4698311A4606
:100D9000A3311A46AF311A46BB311A46C6311A463C
:100DA000D2311A46DE311A46E9311A46F5311A4671
:100DB00001321A460C321A4618321A4624321A46A2
:100DC0002F321A463B321A4647321A4652321A46D8
:100DD0005E321A4669321A4675321A4681321A460E
:100DE0008C321A4698321A46A3321A46AF321A4645
:100DF000BB321A46C6321A46D2321A46DD321A467B
:100E0000E9321A46F5321A4600331A460C331A46AE
:100E100017331A4623331A462E331A463A331A46E4
:100E200046331A4651331A465D331A4668331A461A
:100E300074331A467F331A468B331A4696331A4652
:100E4000A2331A46AD331A46B9331A46C4331A468A
:100E5000D0331A46DC331A46E7331A46F3331A46C0
:100E6000FE331A460A341A4615341A4621341A46F5
:100E70002C341A4638341A4643341A464F341A462C
:100E80005A341A4666341A4671341A467D341A4664
:100E900088341A4693341A469F341A46AA341A469E
:100EA000B6341A46C1341A46CD341A46D8341A46D6
:100EB000E4341A46EF341A46FB341A4606351A460D
:100EC00011351A461D351A4628351A4634351A4644
:100ED0003F351A464B351A4656351A4662351A467C
:100EE0006D351A4678351A4684351A468F351A46B6
:100EF0009B351A46A6351A46B1351A46BD351A46EF
:100F0000C8351A46D4351A46DF351A46EA351A4628
:100F1000F6351A4601361A460C361A4618361A465F
:100F200023361A462F361A463A361A4645361A4698
:100F300051361A465C361A4667361A4673361A46D2
:100F40007E361A4689361A4695361A46A0361A460D
:100F5000AB361A46B7361A46C2361A46CD361A4648
:100F6000D9361A46E4361A46EF361A46FB361A4682
:100F700006371A4611371A461D371A4628371A46B9
:100F800033371A463F371A464A371A4655371A46F4
:100F900060371A466C371A4677371A4682371A4630
:100FA0008E371A4699371A46A4371A46AF371A466B
:100FB000BB371A46C6371A46D1371A46DC371A46A7
:100FC000E8371A46F3371A46FE371A4609381A46E2
:100FD00015381A4620381A462B381A4636381A461B
:100FE00042381A464D381A4658381A4663381A4657
:100FF0006F381A467A381A4685381A4690381A4693
:101000009B381A46A7381A46B2381A46BD381A46CF
:10101000C8381A46D3381A46DF381A46EA381A460C
:10102000F5381A4600391A460B391A4617391A4646
:1010300022391A462D391A4638391A4643391A4682
:101040004E391A465A391A4665391A4670391A46BF
:101050007B391A4686391A4691391A469C391A46FE
:10106000A8391A46B3391A46BE391A46C9391A463A
:10107000D4391A46DF391A46EA391A46F6391A4679
:10108000013A1A460C3A1A46173A1A46223A1A46B2
:101090002D3A1A46383A1A46433A1A464E3A1A46F2
:1010A0005A3A1A46653A1A46703A1A467B3A1A462E
:1010B000863A1A46913A1A469C3A1A46A73A1A466E
:1010C000B23A1A46BD3A1A46C83A1A46D33A1A46AE
:1010D000DE3A1A46EA3A1A46F53A1A46003B1A46EA
:1010E0000B3B1A46163B1A46213B1A462C3B1A4626
:1010F000373B1A46423B1A464D3B1A46583B1A4666
:10110000633B1A466E3B1A46793B1A46843B1A46A5
:101110008F3B1A469A3B1A46A53B1A46B03B1A46E5
:10112000BB3B1A46C63B1A46D13B1A46DC3B1A4625
:10113000E73B1A46F23B1A46FD3B1A46083C1A4664
:10114000133C1A461E3C1A46293C1A46343C1A46A1
:101150003F3C1A464A3C1A46553C1A46603C1A46E1
:101160006B3C1A46763C1A46813C1A468C3C1A4621
:10117000973C1A46A23C1A46AD3C1A46B83C1A4661
:10118000C33C1A46CE3C1A46D83C1A46E33C1A46A3
:10119000EE3C1A46F93C1A46043D1A460F3D1A46E3
:1011A0001A3D1A46253D1A46303D1A463B3D1A4621
:1011B000463D1A46513D1A465C3D1A46663D1A4662
:1011C000713D1A467C3D1A46873D1A46923D1A46A5
:1011D0009D3D1A46A83D1A46B33D1A46BE3D1A46E5
:1011E000C83D1A46D33D1A46DE3D1A46E93D1A4629
:1011F000F43D1A46FF3D1A460A3E1A46153E1A4667
:101200001F3E1A462A3E1A46353E1A46403E1A46A8
:101210004B3E1A46563E1A46603E1A466B3E1A46EA
:10122000763E1A46813E1A468C3E1A46973E1A462C
:10123000A13E1A46AC3E1A46B73E1A46C23E1A4670
:10124000CD3E1A46D83E1A46E23E1A46ED3E1A46B2
:10125000F83E1A46033F1A460E3F1A46183F1A46F2
:10126000233F1A462E3F1A46393F1A46443F1A4634
:101270004E3F1A46593F1A46643F1A466F3F1A4678
:10128000793F1A46843F1A468F3F1A469A3F1A46BC
:10129000A43F1A46AF3F1A46BA3F1A46C53F1A4600
:1012A000CF3F1A46DA3F1A46E53F1A46F03F1A4644
:1012B000FA3F1A4605401A4610401A461B401A4685
:1012C00025401A4630401A463B401A4646401A46C8
:1012D00050401A465B401A4666401A4670401A460D
:1012E0007B401A4686401A4691401A469B401A4651
:1012F000A6401A46B1401A46BB401A46C6401A4696
:10130000D1401A46DB401A46E6401A46F1401A46DA
:10131000FB401A4606411A4611411A461B411A461D
:1013200026411A4631411A463B411A4646411A4661
:1013300051411A465B411A4666411A4671411A46A6
:101340007B411A4686411A4691411A469B411A46EC
:10135000A6411A46B1411A46BB411A46C6411A4631
:10136000D0411A46DB411A46E6411A46F0411A4678
:10137000FB411A4606421A4610421A461B421A46BA
:1013800025421A4630421A463B421A4645421A4600
:1013900050421A465A421A4665421A466F421A4647
:1013A0007A421A4685421A468F421A469A421A468D
:1013B000A4421A46AF421A46BA421A46C4421A46D4
:1013C000CF421A46D9421A46E4421A46EE421A461B
:1013D000F9421A4603431A460E431A4619431A465F
:1013E00023431A462E431A4638431A4643431A46A5
:1013F0004D431A4658431A4662431A466D431A46ED
:1014000077431A4682431A468C431A4697431A4634
:10141000A1431A46AC431A46B6431A46C1431A467C
:10142000CB431A46D6431A46E0431A46EB431A46C4
:10143000F5431A4600441A460A441A4615441A4609
:101440001F441A462A441A4634441A463F441A4650
:1014500049441A4654441A465E441A4669441A4698
:1014600073441A467E441A4688441A4692441A46E1
:101470009D441A46A7441A46B2441A46BC441A462A
:10148000C7441A46D1441A46DC441A46E6441A4672
:10149000F0441A46FB441A4605451A4610451A46BA
:1014A0001A451A4625451A462F451A4639451A4601
:1014B00044451A464E451A4659451A4663451A464A
:1014C0006D451A4678451A4682451A468D451A4694
:1014D00097451A46A1451A46AC451A46B6451A46DE
:1014E000C1451A46CB451A46D5451A46E0451A4627
:1014F000EA451A46F4451A46FF451A4609461A4671
:1015000013461A461E461A4628461A4633461A46B7
:101510003D461A4647461A4652461A465C461A4601
:1015200066461A4671461A467B461A4685461A464C
:1015300090461A469A461A46A4461A46AF461A4696
:10154000B9461A46C3461A46CE461A46D8461A46E1
:10155000E2461A46EC461A46F7461A4601471A462C
:101560000B471A4616471A4620471A462A471A4674
:1015700035471A463F471A4649471A4653471A46BF
:101580005E471A4668471A4672471A467D471A460A
:1015900087471A4691471A469B471A46A6471A4656
:1015A000B0471A46BA471A46C4471A46CF471A46A2
:1015B000D9471A46E3471A46ED471A46F8471A46EE
:1015C00002481A460C481A4616481A4621481A4636
:1015D0002B481A4635481A463F481A464A481A4682
:1015E00054481A465E481A4668481A4672481A46CF
:1015F0007D481A4687481A4691481A469B481A461B
:10160000A5481A46B0481A46BA481A46C4481A4667
:10161000CE481A46D8481A46E3481A46ED481A46B4
:10162000F7481A4601491A460B491A4616491A46FE
:1016300020491A462A491A4634491A463E491A464A
:1016400048491A4653491A465D491A4667491A4697
:1016500071491A467B491A4685491A468F491A46E6
:101660009A491A46A4491A46AE491A46B8491A4632
:10167000C2491A46CC491A46D6491A46E1491A4681
:10168000EB491A46F5491A46FF491A46094A1A46CD
:10169000134A1A461D4A1A46274A1A46324A1A4619
:1016A0003C4A1A46464A1A46504A1A465A4A1A4666
:1016B000644A1A466E4A1A46784A1A46824A1A46B6
:1016C0008C4A1A46964A1A46A14A1A46AB4A1A4604
:1016D000B54A1A46BF4A1A46C94A1A46D34A1A4652
:1016E000DD4A1A46E74A1A46F14A1A46FB4A1A46A2
:1016F000054B1A460F4B1A46194B1A46234B1A46EE
:101700002D4B1A46384B1A46424B1A464C4B1A463A
:10171000564B1A46604B1A466A4B1A46744B1A4689
:101720007E4B1A46884B1A46924B1A469C4B1A46D9
:10173000A64B1A46B04B1A46BA4B1A46C44B1A4629
:10174000CE4B1A46D84B1A46E24B1A46EC4B1A4679
:10175000F64B1A46004C1A460A4C1A46144C1A46C6
:101760001E4C1A46284C1A46324C1A463C4C1A4615
:10177000464C1A46504C1A465A4C1A46644C1A4665
:101780006E4C1A46784C1A46824C1A468C4C1A46B5
:10179000964C1A46A04C1A46AA4C1A46B44C1A4605
:1017A000BE4C1A46C84C1A46D14C1A46DB4C1A4657
:1017B000E54C1A46EF4C1A46F94C1A46034D1A46A8
:1017C0000D4D1A46174D1A46214D1A462B4D1A46F5
:1017D000354D1A463F4D1A46494D1A46534D1A4645
:1017E0005D4D1A46664D1A46704D1A467A4D1A4698
:1017F000844D1A468E4D1A46984D1A46A24D1A46E9
:10180000AC4D1A46B64D1A46C04D1A46CA4D1A4638
:10181000D34D1A46DD4D1A46E74D1A46F14D1A468C
:10182000FB4D1A46054E1A460F4E1A46194E1A46D9
:10183000224E1A462C4E1A46364E1A46404E1A462C
:101840004A4E1A46544E1A465E4E1A46684E1A467C
:10185000714E1A467B4E1A46854E1A468F4E1A46D0
:10186000994E1A46A34E1A46AC4E1A46B64E1A4622
:10187000C04E1A46CA4E1A46D44E1A46DE4E1A4674
:10188000E74E1A46F14E1A46FB4E1A46054F1A46C7
:101890000F4F1A46194F1A46224F1A462C4F1A4616
:1018A000364F1A46404F1A464A4F1A46534F1A4669
:1018B0005D4F1A46674F1A46714F1A467B4F1A46BC
:1018C000844F1A468E4F1A46984F1A46A24F1A4610
:1018D000AC4F1A46B54F1A46BF4F1A46C94F1A4663
:1018E000D34F1A46DC4F1A46E64F1A46F04F1A46B7
:1018F000FA4F1A4603501A460D501A4617501A4608
:1019000021501A462B501A4634501A463E501A4659
:1019100048501A4652501A465B501A4665501A46AD
:101920006F501A4678501A4682501A468C501A4602
:1019300096501A469F501A46A9501A46B3501A4656
:10194000BD501A46C6501A46D0501A46DA501A46AA
:10195000E3501A46ED501A46F7501A4601511A46FE
:101960000A511A4614511A461E511A4627511A4650
:1019700031511A463B511A4644511A464E511A46A5
:1019800058511A4661511A466B511A4675511A46FA
:101990007E511A4688511A4692511A469B511A4650
:1019A000A5511A46AF511A46B8511A46C2511A46A5
:1019B000CC511A46D5511A46DF511A46E9511A46FA
:1019C000F2511A46FC511A4606521A460F521A464E
:1019D00019521A4623521A462C521A4636521A46A1
:1019E00040521A4649521A4653521A465C521A46F7
:1019F00066521A4670521A4679521A4683521A464D
:101A00008C521A4696521A46A0521A46A9521A46A3
:101A1000B3521A46BD521A46C6521A46D0521A46F8
:101A2000D9521A46E3521A46EC521A46F6521A4650
:101A300000531A4609531A4613531A461C531A46A2
:101A400026531A4630531A4639531A4643531A46F8
:101A50004C531A4656531A465F531A4669531A4650
:101A600073531A467C531A4686531A468F531A46A6
:101A700099531A46A2531A46AC531A46B5531A46FE
:101A8000BF531A46C8531A46D2531A46DC531A4655
:101A9000E5531A46EF531A46F8531A4602541A46AB
:101AA0000B541A4615541A461E541A4628541A4600
:101AB00031541A463B541A4644541A464E541A4658
:101AC00057541A4661541A466A541A4674541A46B0
:101AD0007D541A4687541A4690541A469A541A4608
:101AE000A3541A46AD541A46B6541A46C0541A4660
:101AF000C9541A46D3541A46DC541A46E6541A46B8
:101B0000EF541A46F9541A4602551A460C551A460D
:101B100015551A461F551A4628551A4631551A4664
:101B20003B551A4644551A464E551A4657551A46BD
:101B300061551A466A551A4674551A467D551A4615
:101B400087551A4690551A4699551A46A3551A466E
:101B5000AC551A46B6551A46BF551A46C9551A46C7
:101B6000D2551A46DB551A46E5551A46EE551A4621
:101B7000F8551A4601561A460A561A4614561A4677
:101B80001D561A4627561A4630561A4639561A46D0
:101B900043561A464C561A4656561A465F561A4629
:101BA00068561A4672561A467B561A4685561A4683
:101BB0008E561A4697561A46A1561A46AA561A46DD
:101BC000B3561A46BD561A46C6561A46D0561A4637
:101BD000D9561A46E2561A46EC561A46F5561A4691
:101BE000FE561A4608571A4611571A461A571A46E9
:101BF00024571A462D571A4636571A4640571A4642
:101C000049571A4652571A465C571A4665571A469C
:101C10006E571A4678571A4681571A468A571A46F7
:101C200094571A469D571A46A6571A46B0571A4651
:101C3000B9571A46C2571A46CC571A46D5571A46AC
:101C4000DE571A46E8571A46F1571A46FA571A4607
:101C500003581A460D581A4616581A461F581A465F
:101C600029581A4632581A463B581A4645581A46B9
:101C70004E581A4657581A4660581A466A581A4615
:101C800073581A467C581A4685581A468F581A4671
:101C900098581A46A1581A46AA581A46B4581A46CD
:101CA000BD581A46C6581A46D0581A46D9581A4628
:101CB000E2581A46EB581A46F5581A46FE581A4684
:101CC00007591A4610591A4619591A4623591A46DD
:101CD0002C591A4635591A463E591A4648591A4639
:101CE00051591A465A591A4663591A466C591A4696
:101CF00076591A467F591A4688591A4691591A46F2
:101D00009B591A46A4591A46AD591A46B6591A464D
:101D1000BF591A46C9591A46D2591A46DB591A46AA
:101D2000E4591A46ED591A46F6591A46005A1A4607
:101D3000095A1A46125A1A461B5A1A46245A1A4661
:101D40002E5A1A46375A1A46405A1A46495A1A46BD
:101D5000525A1A465B5A1A46655A1A466E5A1A461B
:101D6000775A1A46805A1A46895A1A46925A1A4679
:101D70009C5A1A46A55A1A46AE5A1A46B75A1A46D5
:101D8000C05A1A46C95A1A46D25A1A46DB5A1A4635
:101D9000E55A1A46EE5A1A46F75A1A46005B1A4690
:101DA000095B1A46125B1A461B5B1A46255B1A46EC
:101DB0002E5B1A46375B1A46405B1A46495B1A4649
:101DC000525B1A465B5B1A46645B1A466D5B1A46A9
:101DD000765B1A46805B1A46895B1A46925B1A4606
:101DE0009B5B1A46A45B1A46AD5B1A46B65B1A4665
:101DF000BF5B1A46C85B1A46D15B1A46DA5B1A46C5
:101E0000E45B1A46ED5B1A46F65B1A46FF5B1A4620
:101E1000085C1A46115C1A461A5C1A46235C1A467C
:101E20002C5C1A46355C1A463E5C1A46475C1A46DC
:101E3000505C1A46595C1A46625C1A466B5C1A463C
:101E4000755C1A467E5C1A46875C1A46905C1A4698
:101E5000995C1A46A25C1A46AB5C1A46B45C1A46F8
:101E6000BD5C1A46C65C1A46CF5C1A46D85C1A4658
:101E7000E15C1A46EA5C1A46F35C1A46FC5C1A46B8
:101E8000055D1A460E5D1A46175D1A46205D1A4614
:101E9000295D1A46325D1A463B5D1A46445D1A4674
:101EA0004D5D1A46565D1A465F5D1A46685D1A46D4
:101EB000715D1A467A5D1A46835D1A468C5D1A4634
:101EC000955D1A469E5D1A46A75D1A46B05D1A4694
:101ED000B95D1A46C25D1A46CB5D1A46D45D1A46F4
:101EE000DD5D1A46E65D1A46EF5D1A46F85D1A4654
:101EF000015E1A460A5E1A46135E1A461B5E1A46B1
:101F0000245E1A462D5E1A46365E1A463F5E1A4613
:101F1000485E1A46515E1A465A5E1A46635E1A4673
:101F20006C5E1A46755E1A467E5E1A46875E1A46D3
:101F3000905E1A46995E1A46A25E1A46AA5E1A4634
:101F4000B35E1A46BC5E1A46C55E1A46CE5E1A4697
:101F5000D75E1A46E05E1A46E95E1A46F25E1A46F7
:101F6000FB5E1A46045F1A460C5F1A46155F1A4656
:101F70001E5F1A46275F1A46305F1A46395F1A46B7
:101F8000425F1A464B5F1A46545F1A465C5F1A4618
:101F9000655F1A466E5F1A46775F1A46805F1A467B
:101FA000895F1A46925F1A469B5F1A46A35F1A46DC
:101FB000AC5F1A46B55F1A46BE5F1A46C75F1A463F
:101FC000D05F1A46D95F1A46E25F1A46EA5F1A46A0
:101FD000F35F1A46FC5F1A4605601A460E601A4601
:101FE00017601A461F601A4628601A4631601A4662
:101FF0003A601A4643601A464C601A4654601A46C4
:102000005D601A4666601A466F601A4678601A4626
:1020100081601A4689601A4692601A469B601A4689
:10202000A4601A46AD601A46B5601A46BE601A46EC
:10203000C7601A46D0601A46D9601A46E1601A464F
:10204000EA601A46F3601A46FC601A4605611A46B1
:102050000D611A4616611A461F611A4628611A4612
:1020600031611A4639611A4642611A464B611A4675
:1020700054611A465C611A4665611A466E611A46D9
:1020800077611A4680611A4688611A4691611A463C
:102090009A611A46A3611A46AB611A46B4611A46A0
:1020A000BD611A46C6611A46CE611A46D7611A4604
:1020B000E0611A46E9611A46F1611A46FA611A4668
:1020C00003621A460C621A4614621A461D621A46C8
:1020D00026621A462E621A4637621A4640621A462D
:1020E00049621A4651621A465A621A4663621A4691
:1020F0006C621A4674621A467D621A4686621A46F5
:102100008E621A4697621A46A0621A46A8621A465A
:10211000B1621A46BA621A46C3621A46CB621A46BE
:10212000D4621A46DD621A46E5621A46EE621A4623
:10213000F7621A46FF621A4608631A4611631A4686
:1021400019631A4622631A462B631A4633631A46EA
:102150003C631A4645631A464D631A4656631A464F
:102160005F631A4667631A4670631A4679631A46B4
:1021700081631A468A631A4693631A469B631A461A
:10218000A4631A46AD631A46B5631A46BE631A467F
:10219000C7631A46CF631A46D8631A46E1631A46E4
:1021A000E9631A46F2631A46FA631A4603641A464A
:1021B0000C641A4614641A461D641A4626641A46AC
:1021C0002E641A4637641A463F641A4648641A4613
:1021D00051641A4659641A4662641A466A641A4679
:1021E00073641A467C641A4684641A468D641A46DF
:1021F00095641A469E641A46A7641A46AF641A4646
:10220000B8641A46C0641A46C9641A46D2641A46AB
:10221000DA641A46E3641A46EB641A46F4641A4612
:10222000FC641A4605651A460E651A4616651A4676
:102230001F651A4627651A4630651A4638651A46DC
:1022400041651A464A651A4652651A465B651A4642
:1022500063651A466C651A4674651A467D651A46AA
:1022600085651A468E651A4697651A469F651A4611
:10227000A8651A46B0651A46B9651A46C1651A4678
:10228000CA651A46D2651A46DB651A46E3651A46E0
:10229000EC651A46F4651A46FD651A4605661A4647
:1022A0000E661A4616661A461F661A4627661A46AC
:1022B00030661A4638661A4641661A4649661A4614
:1022C00052661A465A661A4663661A466B661A467C
:1022D00074661A467C661A4685661A468D661A46E4
:1022E00096661A469E661A46A7661A46AF661A464C
:1022F000B8661A46C0661A46C9661A46D1661A46B4
:10230000DA661A46E2661A46EB661A46F3661A461B
:10231000FC661A4604671A460D671A4615671A4680
:102320001E671A4626671A462E671A4637671A46E8
:102330003F671A4648671A4650671A4659671A4651
:1023400061671A466A671A4672671A467A671A46BA
:1023500083671A468B671A4694671A469C671A4623
:10236000A5671A46AD671A46B6671A46BE671A468B
:10237000C6671A46CF671A46D7671A46E0671A46F5
:10238000E8671A46F0671A46F9671A4601681A465E
:102390000A681A4612681A461B681A4623681A46C3
:1023A0002B681A4634681A463C681A4645681A462D
:1023B0004D681A4655681A465E681A4666681A4697
:1023C0006F681A4677681A467F681A4688681A4600
:1023D00090681A4698681A46A1681A46A9681A466B
:1023E000B2681A46BA681A46C2681A46CB681A46D4
:1023F000D3681A46DB681A46E4681A46EC681A463F
:10240000F5681A46FD681A4605691A460E691A46A5
:1024100016691A461E691A4627691A462F691A460E
:1024200037691A4640691A4648691A4650691A4679
:1024300059691A4661691A4669691A4672691A46E3
:102440007A691A4682691A468B691A4693691A464E
:102450009B691A46A4691A46AC691A46B4691A46B9
:10246000BD691A46C5691A46CD691A46D6691A4623
:10247000DE691A46E6691A46EF691A46F7691A468E
:10248000FF691A46086A1A46106A1A46186A1A46F6
:10249000206A1A46296A1A46316A1A46396A1A4661
:1024A000426A1A464A6A1A46526A1A465A6A1A46CC
:1024B000636A1A466B6A1A46736A1A467C6A1A4637
:1024C000846A1A468C6A1A46946A1A469D6A1A46A3
:1024D000A56A1A46AD6A1A46B66A1A46BE6A1A460E
:1024E000C66A1A46CE6A1A46D76A1A46DF6A1A467A
:1024F000E76A1A46EF6A1A46F86A1A46006B1A46E5
:10250000086B1A46106B1A46196B1A46216B1A464D
:10251000296B1A46316B1A463A6B1A46426B1A46B9
:102520004A6B1A46526B1A465B6B1A46636B1A4625
:102530006B6B1A46736B1A467B6B1A46846B1A4692
:102540008C6B1A46946B1A469C6B1A46A56B1A46FE
:10255000AD6B1A46B56B1A46BD6B1A46C56B1A466B
:10256000CE6B1A46D66B1A46DE6B1A46E66B1A46D7
:10257000EE6B1A46F76B1A46FF6B1A46076C1A4643
:102580000F6C1A46176C1A46206C1A46286C1A46AD
:10259000306C1A46386C1A46406C1A46496C1A461A
:1025A000516C1A46596C1A46616C1A46696C1A4687
:1025B000726C1A467A6C1A46826C1A468A6C1A46F3
:1025C000926C1A469A6C1A46A36C1A46AB6C1A4661
:1025D000B36C1A46BB6C1A46C36C1A46CB6C1A46CF
:1025E000D46C1A46DC6C1A46E46C1A46EC6C1A463B
:1025F000F46C1A46FC6C1A46046D1A460D6D1A46A8
:10260000156D1A461D6D1A46256D1A462D6D1A4612
:10261000356D1A463D6D1A46466D1A464E6D1A4680
:10262000566D1A465E6D1A46666D1A466E6D1A46EE
:10263000766D1A467E6D1A46876D1A468F6D1A465C
:10264000976D1A469F6D1A46A76D1A46AF6D1A46CA
:10265000B76D1A46BF6D1A46C76D1A46D06D1A4639
:10266000D86D1A46E06D1A46E86D1A46F06D1A46A6
:10267000F86D1A46006E1A46086E1A46106E1A4613
:10268000186E1A46216E1A46296E1A46316E1A467F
:10269000396E1A46416E1A46496E1A46516E1A46EE
:1026A000596E1A46616E1A46696E1A46716E1A465E
:1026B000796E1A46826E1A468A6E1A46926E1A46CB
:1026C0009A6E1A46A26E1A46AA6E1A46B26E1A463A
:1026D000BA6E1A46C26E1A46CA6E1A46D26E1A46AA
:1026E000DA6E1A46E26E1A46EA6E1A46F26E1A461A
:1026F000FA6E1A46026F1A460A6F1A46136F1A4686
:102700001B6F1A46236F1A462B6F1A46336F1A46F1
:102710003B6F1A46436F1A464B6F1A46536F1A4661
:102720005B6F1A46636F1A466B6F1A46736F1A46D1
:102730007B6F1A46836F1A468B6F1A46936F1A4641
:102740009B6F1A46A36F1A46AB6F1A46B36F1A46B1
:10275000BB6F1A46C36F1A46CB6F1A46D36F1A4621
:10276000DB6F1A46E36F1A46EB6F1A46F36F1A4691
:10277000FB6F1A4603701A460B701A4613701A46FE
:102780001B701A4623701A462B701A4633701A466D
:102790003B701A4643701A464B701A4653701A46DD
:1027A0005B701A4663701A466B701A4673701A464D
:1027B0007B701A4683701A468B701A4693701A46BD
:1027C0009B701A46A2701A46AA701A46B2701A4630
:1027D000BA701A46C2701A46CA701A46D2701A46A1
:1027E000DA701A46E2701A46EA701A46F2701A4611
:1027F000FA701A4602711A460A711A4612711A467E
:102800001A711A4622711A462A711A4631711A46ED
:1028100039711A4641711A4649711A4651711A4660
:1028200059711A4661711A4669711A4671711A46D0
:1028300079711A4681711A4689711A4691711A4640
:1028400098711A46A0711A46A8711A46B0711A46B4
:10285000B8711A46C0711A46C8711A46D0711A4624
:10286000D8711A46E0711A46E7711A46EF711A4696
:10287000F7711A46FF711A4607721A460F721A4606
:1028800017721A461F721A4627721A462E721A4675
:1028900036721A463E721A4646721A464E721A46E8
:1028A00056721A465E721A4666721A466D721A4659
:1028B00075721A467D721A4685721A468D721A46CC
:1028C00095721A469D721A46A4721A46AC721A463E
:1028D000B4721A46BC721A46C4721A46CC721A46B0
:1028E000D4721A46DB721A46E3721A46EB721A4623
:1028F000F3721A46FB721A4603731A460A731A4693
:1029000012731A461A731A4622731A462A731A4603
:1029100032731A4639731A4641731A4649731A4676
:1029200051731A4659731A4661731A4668731A46E8
:1029300070731A4678731A4680731A4688731A465B
:102940008F731A4697731A469F731A46A7731A46CF
:10295000AF731A46B6731A46BE731A46C6731A4642
:10296000CE731A46D6731A46DD731A46E5731A46B5
:10297000ED731A46F5731A46FD731A4604741A4627
:102980000C741A4614741A461C741A4624741A4697
:102990002B741A4633741A463B741A4643741A460B
:1029A0004A741A4652741A465A741A4662741A467F
:1029B00069741A4671741A4679741A4681741A46F3
:1029C00089741A4690741A4698741A46A0741A4666
:1029D000A8741A46AF741A46B7741A46BF741A46DA
:1029E000C7741A46CE741A46D6741A46DE741A464E
:1029F000E6741A46ED741A46F5741A46FD741A46C2
:102A000004751A460C751A4614751A461C751A4632
:102A100023751A462B751A4633751A463B751A46A6
:102A200042751A464A751A4652751A4659751A461B
:102A300061751A4669751A4671751A4678751A468F
:102A400080751A4688751A468F751A4697751A4604
:102A50009F751A46A7751A46AE751A46B6751A4678
:102A6000BE751A46C5751A46CD751A46D5751A46ED
:102A7000DC751A46E4751A46EC751A46F4751A4662
:102A8000FB751A4603761A460B761A4612761A46D4
:102A90001A761A4622761A4629761A4631761A4648
:102AA00039761A4640761A4648761A4650761A46BD
:102AB00057761A465F761A4667761A466E761A4633
:102AC00076761A467E761A4685761A468D761A46A8
:102AD00095761A469C761A46A4761A46AC761A461D
:102AE000B3761A46BB761A46C3761A46CA761A4693
:102AF000D2761A46DA761A46E1761A46E9761A4608
:102B0000F0761A46F8761A4600771A4607771A467C
:102B10000F771A4617771A461E771A4626771A46EF
:102B20002E771A4635771A463D771A4644771A4665
:102B30004C771A4654771A465B771A4663771A46DB
:102B40006A771A4672771A467A771A4681771A4652
:102B500089771A4691771A4698771A46A0771A46C7
:102B6000A7771A46AF771A46B7771A46BE771A463E
:102B7000C6771A46CD771A46D5771A46DD771A46B4
:102B8000E4771A46EC771A46F3771A46FB771A462B
:102B900002781A460A781A4612781A4619781A469E
:102BA00021781A4628781A4630781A4638781A4614
:102BB0003F781A4647781A464E781A4656781A468B
:102BC0005D781A4665781A466D781A4674781A4602
:102BD0007C781A4683781A468B781A4692781A4679
:102BE0009A781A46A1781A46A9781A46B1781A46F0
:102BF000B8781A46C0781A46C7781A46CF781A4667
:102C0000D6781A46DE781A46E5781A46ED781A46DE
:102C1000F4781A46FC781A4604791A460B791A4653
:102C200013791A461A791A4622791A4629791A46C8
:102C300031791A4638791A4640791A4647791A4640
:102C40004F791A4656791A465E791A4665791A46B8
:102C50006D791A4674791A467C791A4683791A4630
:102C60008B791A4692791A469A791A46A1791A46A8
:102C7000A9791A46B0791A46B8791A46BF791A4620
:102C8000C7791A46CE791A46D6791A46DD791A4698
:102C9000E5791A46EC791A46F4791A46FB791A4610
:102CA000037A1A460A7A1A46127A1A46197A1A4684
:102CB000217A1A46287A1A46307A1A46377A1A46FC
:102CC0003F7A1A46467A1A464E7A1A46557A1A4674
:102CD0005D7A1A46647A1A466C7A1A46737A1A46EC
:102CE0007A7A1A46827A1A46897A1A46917A1A4666
:102CF000987A1A46A07A1A46A77A1A46AF7A1A46DE
:102D0000B67A1A46BE7A1A46C57A1A46CC7A1A4656
:102D1000D47A1A46DB7A1A46E37A1A46EA7A1A46CF
:102D2000F27A1A46F97A1A46017B1A46087B1A4645
:102D30000F7B1A46177B1A461E7B1A46267B1A46BD
:102D40002D7B1A46357B1A463C7B1A46437B1A4636
:102D50004B7B1A46527B1A465A7B1A46617B1A46AF
:102D6000697B1A46707B1A46777B1A467F7B1A4628
:102D7000867B1A468E7B1A46957B1A469C7B1A46A2
:102D8000A47B1A46AB7B1A46B37B1A46BA7B1A461B
:102D9000C17B1A46C97B1A46D07B1A46D87B1A4695
:102DA000DF7B1A46E67B1A46EE7B1A46F57B1A460F
:102DB000FD7B1A46047C1A460B7C1A46137C1A4685
:102DC0001A7C1A46217C1A46297C1A46307C1A46FF
:102DD000387C1A463F7C1A46467C1A464E7C1A4678
:102DE000557C1A465C7C1A46647C1A466B7C1A46F3
:102DF000737C1A467A7C1A46817C1A46897C1A466C
:102E0000907C1A46977C1A469F7C1A46A67C1A46E6
:102E1000AD7C1A46B57C1A46BC7C1A46C47C1A4660
:102E2000CB7C1A46D27C1A46DA7C1A46E17C1A46DA
:102E3000E87C1A46F07C1A46F77C1A46FE7C1A4655
:102E4000067D1A460D7D1A46147D1A461C7D1A46CB
:102E5000237D1A462A7D1A46327D1A46397D1A4646
:102E6000407D1A46487D1A464F7D1A46567D1A46C1
:102E70005E7D1A46657D1A466C7D1A46747D1A463B
:102E80007B7D1A46827D1A46897D1A46917D1A46B7
:102E9000987D1A469F7D1A46A77D1A46AE7D1A4632
:102EA000B57D1A46BD7D1A46C47D1A46CB7D1A46AD
:102EB000D37D1A46DA7D1A46E17D1A46E87D1A4628
:102EC000F07D1A46F77D1A46FE7D1A46067E1A46A2
:102ED0000D7E1A46147E1A461B7E1A46237E1A461B
:102EE0002A7E1A46317E1A46397E1A46407E1A4696
:102EF000477E1A464E7E1A46567E1A465D7E1A4612
:102F0000647E1A466B7E1A46737E1A467A7E1A468D
:102F1000817E1A46897E1A46907E1A46977E1A4608
:102F20009E7E1A46A67E1A46AD7E1A46B47E1A4684
:102F3000BB7E1A46C37E1A46CA7E1A46D17E1A4600
:102F4000D87E1A46E07E1A46E77E1A46EE7E1A467C
:102F5000F57E1A46FD7E1A46047F1A460B7F1A46F6
:102F6000127F1A461A7F1A46217F1A46287F1A4670
:102F70002F7F1A46377F1A463E7F1A46457F1A46EC
:102F80004C7F1A46537F1A465B7F1A46627F1A4669
:102F9000697F1A46707F1A46787F1A467F7F1A46E5
:102FA000867F1A468D7F1A46947F1A469C7F1A4662
:102FB000A37F1A46AA7F1A46B17F1A46B87F1A46DF
:102FC000C07F1A46C77F1A46CE7F1A46D57F1A465B
:102FD000DC7F1A46E47F1A46EB7F1A46F27F1A46D8
:102FE000F97F1A4600801A4608801A460F801A4652
:102FF00016801A461D801A4624801A462C801A46CE
:1030000033801A463A801A4641801A4648801A464A
:103010004F801A4657801A465E801A4665801A46C7
:103020006C801A4673801A467B801A4682801A4644
:1030300089801A4690801A4697801A469E801A46C2
:10304000A6801A46AD801A46B4801A46BB801A463E
:10305000C2801A46C9801A46D0801A46D8801A46BD
:10306000DF801A46E6801A46ED801A46F4801A463A
:10307000FB801A4603811A460A811A4611811A46B4
:1030800018811A461F811A4626811A462D811A4632
:1030900035811A463C811A4643811A464A811A46AE
:1030A00051811A4658811A465F811A4666811A462E
:1030B0006E811A4675811A467C811A4683811A46AA
:1030C0008A811A4691811A4698811A469F811A462A
:1030D000A6811A46AE811A46B5811A46BC811A46A7
:1030E000C3811A46CA811A46D1811A46D8811A4626
:1030F000DF811A46E6811A46EE811A46F5811A46A4
:10310000FC811A4603821A460A821A4611821A461E
:1031100018821A461F821A4626821A462D821A469D
:1031200035821A463C821A4643821A464A821A4619
:1031300051821A4658821A465F821A4666821A4699
:103140006D821A4674821A467B821A4682821A4619
:1031500089821A4691821A4698821A469F821A4696
:10316000A6821A46AD821A46B4821A46BB821A4615
:10317000C2821A46C9821A46D0821A46D7821A4695
:10318000DE821A46E5821A46EC821A46F3821A4615
:10319000FA821A4601831A4609831A4610831A4690
:1031A00017831A461E831A4625831A462C831A460D
:1031B00033831A463A831A4641831A4648831A468D
:1031C0004F831A4656831A465D831A4664831A460D
:1031D0006B831A4672831A4679831A4680831A468D
:1031E00087831A468E831A4695831A469C831A460D
:1031F000A3831A46AA831A46B1831A46B8831A468D
:10320000BF831A46C6831A46CD831A46D4831A460C
:10321000DB831A46E2831A46E9831A46F0831A468C
:10322000F7831A46FE831A4605841A460C841A460A
:1032300013841A461A841A4621841A4628841A4688
:103240002F841A4636841A463D841A4644841A4608
:103250004B841A4652841A4659841A4660841A4688
:1032600067841A466E841A4675841A467C841A4608
:1032700083841A468A841A4691841A4698841A4688
:103280009F841A46A6841A46AD841A46B4841A4608
:10329000BB841A46C2841A46C9841A46D0841A4688
:1032A000D7841A46DE841A46E5841A46EC841A4608
:1032B000F3841A46FA841A4601851A4608851A4686
:1032C0000F851A4616851A461C851A4623851A4606
:1032D0002A851A4631851A4638851A463F851A4688
:1032E00046851A464D851A4654851A465B851A4608
:1032F00062851A4669851A4670851A4677851A4688
:103300007E851A4685851A468B851A4692851A4609
:1033100099851A46A0851A46A7851A46AE851A468B
:10332000B5851A46BC851A46C3851A46CA851A460B
:10333000D1851A46D8851A46DF851A46E5851A468C
:10334000EC851A46F3851A46FA851A4601861A460E
:1033500008861A460001020304050600000000006A
:103360000000000015220108ED2101080000000006
:103370000000000000000000000004040404040039
:103380000004000014140A00000000000000000007
:1033900000000A0A1F0A0A1F0A0A000000040E158C
:1033A00005060C14150E0400000012150D152E2C28
:1033B0002A1200000000040A0A361515291600001A
:1033C00002020100000000000000000010080804D4
:1033D000040404040808100002040408080808088B
:1033E0000404020000000004150E0E150400000085
:1033F00000000008083E080800000000000000006F
:10340000000000000202010000000000003F000078
:1034100000000000000000000000000000020000AA
:1034200000201010080804040202010000000E1120
:1034300011111111110E000000000406040404040F
:10344000040E000000000E1111080402011F00000C
:1034500000000E11100C1010110E00000000080CDE
:103460000C0A091F081C000000001F01010F1110A9
:10347000110E000000000C12010D1311110E0000BE
:1034800000001E10080804040404000000000E11CF
:10349000110E1111110E000000000E11111916105D
:1034A0000906000000000000040000000004000005
:1034B00000000000000400000004040000001008E8
:1034C0000402020408100000000000003F003F005A
:1034D00000000000000002040810100804020000B0
:1034E00000000E11110804040004000000001C225A
:1034F000292D2D1D221C0000000004040C0A0A1EA8
:103500001233000000000F12120E1212120F0000F0
:1035100000001E1101010101110E000000000F1238
:1035200012121212120F000000001F120A0E0A02DD
:10353000121F000000001F120A0E0A0202070000FC
:1035400000001C1201013911120C0000000033129E
:10355000121E12121233000000001F04040404049F
:10356000041F000000003E080808080808080907B2
:10357000000037120A060A12123700000000070284
:1035800002020202223F000000003B1B1B1B15151C
:103590001535000000003B1216161A1A121700000B
:1035A00000000E1111111111110E000000000F1278
:1035B000120E02020207000000000E111111111775
:1035C000190E180000000F12120E0A121237000016
:1035D00000001E1101060810110F000000001F1549
:1035E00004040404040E000000003312121212122C
:1035F000120C000000003312120A0A0C040400002E
:103600000000151515150E0A0A0A000000001B0A15
:103610000A04040A0A1B000000001B0A0A0A040428
:10362000040E000000001F0908040402121F00001D
:103630001C0404040404040404041C000002020426
:1036400004040808081010000E08080808080808F4
:1036500008080E00040A000000000000000000003E
:1036600000000000000000000000003F0204000015
:10367000000000000000000000000000000C121C10
:10368000123C000000030202020E1212120E000091
:1036900000000000001C1202120C000000181010A4
:1036A000101C1212123C000000000000000C121E40
:1036B000021C000000182404041E0404041E000060
:1036C00000000000003C120C021C221C000302023D
:1036D000020E121212370000000404000006040457
:1036E000040E000000080800000C0808080808077D
:1036F00000030202021A0A060A130000000704046B
:1037000004040404041F000000000000000F15154D
:103710001515000000000000000F12121237000003
:1037200000000000000C1212120C0000000000004B
:10373000000F1212120E020700000000001C1212ED
:10374000121C103800000000001B060202070000D7
:1037500000000000001E020C101E0000000000040B
:10376000041E0404041C000000000000001B1212D0
:10377000123C000000000000001B0A0A04040000C4
:10378000000000000015150E0A0A000000000000ED
:10379000001B0A040A1B0000000000000033121284
:1037A0000C08040300000000001E0804041E0000B2
:1037B00018080808080C080808081800080808086D
:1037C0000808080808080808060404040408040493
:1037D00004040600160900000000000000000000BC
:1037E00000000000000000000102030406070809B1
:1037F00001020406080A0C0E10121416181A1C1ED8
:1038000000000000010203045F5F6378615F677579
:103810006172645F61637175697265206465746566
:103820006374656420726563757273697665206977
:103830006E697469616C697A6174696F6E3A20644B
:103840006F20796F75206861766520612066756EDE
:103850006374696F6E2D6C6F63616C207374617437
:103860006963207661726961626C652077686F7345
:103870006520696E697469616C697A6174696F6EDB
:1038800020646570656E6473206F6E207468617467
:103890002066756E6374696F6E3F00302E312E3373
:1038A000006D620061630072640043616C69627262
:1038B000617465006866006B6D006C6D00736F006D
:1038C0006B70006872006B730073740041626F75F7
:1038D00074000000283A0208000000209002000056
:1038E00044820008E83B020890020020A0CE0000BD
:1038F000A48200081C00000043000000F8FFFFFF46
:103900000C0000000E0000000F0000002E00000060
:103910001001000043000000F8FFFFFF004040409E
:103920004040404040404141414141404040404092
:10393000404040404040404040404040400502023E
:1039400002020202020202020202020202202020FD
:103950002020202020202002020202020202909059
:103960009090909010101010101010101010101057
:1039700010101010101010100202020202028888AB
:1039800088888888080808080808080808080808B7
:10399000080808080808080802020202400000009F
:1039A0000000000000000000000000000000000017
:1039B0000000000000000000000000000000000007
:1039C00000000000000000000000000000000000F7
:1039D00000000000000000000000000000000000E7
:1039E00000000000000000000000000000000000D7
:1039F00000000000000000000000000000000000C7
:103A000000000000000000000000000000000000B6
:103A100000000000000000000000000000000000A6
:103A20006596FEFF000000000A12FF01220116AA9F
:103A300038020809120313181A1B20CC0C12055265
:103A4000050D166F12833A040A1D022012031A088C
:103A500002120313018D1A086311325B22E0EA207F
:103A600008291C321213600133200A131402162095
:103A700009211001440122222C0921110C42A00726
:103A80001A040309041A031409025B13030125A095
:103A90006409042A0229794A1607058103402D0486
:103AA000070501071B0904166C030101201AA02059
:103AB0001482030DFD01090402191A83191204125C
:103AC00006100AFF0901A101090226FF1475081555
:103AD000100895408106090215390F1E9540910680
:103AE000C0C81201320216403E5D02FB1C020102F8
:103AF0008C11101005010906A1018501050719E0C7
:103B000029E715180F2501750195088102950175A2
:103B100008810316112D2965950A521425FF812865
:103B20000C0508190129059505750191221D0391C0
:103B300003C0411A02781301A11D850205091F2A3D
:103B400003453D95037501451C05810122180A3086
:103B5000093109381581257F8C2808038106C0C0EA
:103B6000050CAE3A852C197128140509B509B6095A
:103B7000B709CD09E28106950209E909EA3E4E81BD
:103B800001C00A06B441181239490108D14601089A
:103B9000294A0108C548010895041A05141A01109C
:103BA0001E854C0108C910138824180B20C14F0131
:103BB00008F9500108B5081AA1081A49041A550451
:103BC0001AAD041E05510108CD181A45041B6D528B
:103BD0003C2201320422C01520FFFFFF321A1AC412
:083BE0000C4100000000000090
:04000005080081E18D
:00000001FF
